case_id,origin,family,report_mode,horizon,alphabet,verdict,nodes,states,classes,buckets,checker_steps,max_count_bits,spectrum_size,actual_outcome,actual_complete,bucket_full,count_threshold,marginal_possible,full_possible,no_hall_disagreement,no_exclusion_disagreement,producer_edges,universe_size,reported_traces,produce_certificate_cpu_s,checker_cpu_s,per_outcome_flow_cpu_s,case_cpu_s,certificate_bytes
generated-0000,generated,balanced,empty,3,4,forced-incomplete,41,23,15,3,121,4,1,0,0,0,0,0,0,1,0,76,85,0,3.207700000007474e-05,0.0003830289999999792,0.0003854929999999035,0.0010494290000000461,1761
generated-0001,generated,balanced,class-complete,3,4,ambiguous,41,23,14,4,132,3,15,14,1,1,1,1,1,0,0,76,84,14,6.959299999997892e-05,0.00039349399999999424,0.0016159700000000221,0.00231402600000008,2065
generated-0002,generated,balanced,seeded-omission,3,4,forced-incomplete,29,15,14,1,74,4,14,2,0,1,0,1,0,1,0,60,84,13,4.018999999999551e-05,0.00026948999999998335,0.0008969620000000011,0.0014241750000000275,1485
generated-0003,generated,balanced,census,3,4,forced-complete,41,23,14,4,132,3,1,14,1,1,1,1,1,0,1,76,84,84,3.539200000002296e-05,0.00035674900000004506,0.005027746999999971,0.005634636999999998,1892
generated-0004,generated,balanced,one-per-bucket,3,4,forced-incomplete,41,23,14,2,104,4,3,0,0,1,0,1,0,1,0,76,84,2,0.00015372899999999134,0.0003449020000000358,0.00044850600000001517,0.0011630969999999463,1773
generated-0005,generated,balanced,class-exclusion,3,4,ambiguous,41,23,14,4,132,3,9,5,0,1,1,1,1,0,1,76,84,76,4.705900000001595e-05,0.0003749370000000196,0.004754078999999911,0.005400988999999967,2051
generated-0006,generated,balanced,empty,4,4,forced-incomplete,44,16,15,1,131,6,1,0,0,0,0,0,0,1,0,116,340,0,2.084099999999367e-05,0.00038468099999999783,0.00024432300000010176,0.0009502009999999839,1766
generated-0007,generated,balanced,class-complete,4,4,ambiguous,65,25,16,5,244,5,16,16,1,1,1,1,1,0,1,164,341,16,7.118600000000086e-05,0.0006142419999999316,0.002526472000000002,0.0036050330000000352,2997
generated-0008,generated,balanced,seeded-omission,4,4,forced-incomplete,65,25,15,2,194,5,15,8,0,1,0,1,0,1,0,164,340,14,5.674399999999746e-05,0.0005555250000000012,0.0012421950000000015,0.002241457999999974,2673
generated-0009,generated,balanced,census,4,4,forced-complete,65,25,15,4,224,5,1,15,1,1,1,1,1,0,1,164,340,340,3.795699999997737e-05,0.0005702669999999577,0.008267197000000004,0.009249987000000015,2673
generated-0010,generated,balanced,one-per-bucket,4,4,forced-incomplete,44,16,15,1,131,6,2,0,0,1,0,1,0,1,0,116,340,1,2.7561000000009273e-05,0.0004042799999999236,0.00031028099999996783,0.0010592329999999928,1836
generated-0011,generated,balanced,class-exclusion,4,4,ambiguous,65,25,15,4,224,5,8,11,0,1,1,1,1,0,1,164,340,298,4.7730999999995305e-05,0.0005765959999999293,0.008313115000000093,0.009321192000000034,2847
generated-0012,generated,balanced,empty,6,4,forced-incomplete,113,25,15,2,386,10,1,0,0,0,0,0,0,1,0,356,5460,0,2.63499999999528e-05,0.0009921130000000167,0.00029816299999996243,0.002084244999999929,4033
generated-0013,generated,balanced,class-complete,6,4,ambiguous,113,25,15,4,416,10,16,15,1,1,1,1,1,0,0,356,5460,15,7.31790000000343e-05,0.001043369999999988,0.0017607239999999358,0.0035995260000000195,4481
generated-0014,generated,balanced,seeded-omission,6,4,forced-incomplete,74,16,16,2,268,11,15,14,0,1,0,1,0,1,1,236,5461,15,5.172700000000141e-05,0.0006853079999999956,0.0011770279999999689,0.002404310999999937,3131
generated-0015,generated,balanced,census,6,4,forced-complete,113,25,15,4,416,10,1,15,1,1,1,1,1,0,1,356,5460,5460,5.505100000002816e-05,0.001016970000000006,0.008511319000000017,0.010269931000000065,4361
generated-0016,generated,balanced,one-per-bucket,6,4,forced-incomplete,113,25,15,2,386,10,2,0,0,1,0,1,0,1,0,356,5460,2,4.163200000006917e-05,0.001027536000000051,0.0004771989999999837,0.002276700999999992,4135
generated-0017,generated,balanced,class-exclusion,6,4,ambiguous,113,25,15,4,416,10,3,2,0,1,1,1,1,0,1,356,5460,5454,5.943799999996724e-05,0.0010281669999999687,0.00904420100000003,0.010909079999999904,4572
generated-0018,generated,balanced,empty,8,4,forced-incomplete,104,16,15,1,371,16,1,0,0,0,0,0,0,1,0,356,87380,0,2.5158000000025105e-05,0.0009640819999999772,0.00023428800000002692,0.0018750250000000301,3919
generated-0019,generated,balanced,class-complete,8,4,ambiguous,161,25,15,4,608,15,16,15,1,1,1,1,1,0,0,548,87380,15,7.28380000000195e-05,0.0014953000000000882,0.0016558389999999923,0.004260227000000061,6337
generated-0020,generated,balanced,seeded-omission,8,4,forced-incomplete,161,25,15,2,578,15,15,5,0,1,0,1,0,1,0,548,87380,14,6.0349000000070596e-05,0.001462041000000025,0.0011218659999999714,0.003643038999999959,6123
generated-0021,generated,balanced,census,8,4,forced-complete,161,25,16,5,628,15,1,16,1,1,1,1,1,0,1,548,87381,87381,5.0955999999935386e-05,0.0014824509999999957,0.010036644000000039,0.012578178999999912,6368
generated-0022,generated,balanced,one-per-bucket,8,4,forced-incomplete,104,16,15,1,371,16,2,0,0,1,0,1,0,1,0,356,87380,1,3.4682000000008095e-05,0.0012534210000000323,0.00032473200000004976,0.0022747479999999376,3989
generated-0023,generated,balanced,class-exclusion,8,4,ambiguous,161,25,15,4,608,15,9,8,0,1,1,1,1,0,1,548,87380,86886,5.819600000001035e-05,0.0015091009999999017,0.008648373000000098,0.011237767999999981,6512
generated-0024,generated,balanced,empty,12,4,forced-incomplete,257,25,15,2,962,24,1,0,0,0,0,0,0,1,0,932,22369620,0,3.236800000006035e-05,0.0024051419999999712,0.00032571399999992146,0.004600351999999974,10229
generated-0025,generated,balanced,class-complete,12,4,ambiguous,257,25,15,4,992,23,16,15,1,1,1,1,1,0,0,932,22369620,15,8.597700000001485e-05,0.0025341429999999887,0.0016257350000000725,0.0059359450000000535,10727
generated-0026,generated,balanced,seeded-omission,12,4,forced-incomplete,164,16,15,1,611,25,15,11,0,1,0,1,0,1,0,596,22369620,14,5.526200000005588e-05,0.001695478000000028,0.0008784649999999949,0.0037034500000000525,6847
generated-0027,generated,balanced,census,12,4,forced-complete,257,25,15,4,992,23,1,15,1,1,1,1,1,0,1,932,22369620,22369620,5.249799999995641e-05,0.002520903999999935,0.008911113000000026,0.013209536000000077,10725
generated-0028,generated,balanced,one-per-bucket,12,4,forced-incomplete,257,25,16,3,980,24,3,1,0,1,0,1,0,1,1,932,22369621,3,5.7575000000031906e-05,0.0025198019999999044,0.0007017420000001717,0.0049689289999999,10481
generated-0029,generated,balanced,class-exclusion,12,4,ambiguous,257,25,15,4,992,23,16,14,0,1,1,1,1,0,0,932,22369620,3139548,6.972400000004875e-05,0.0025389399999999895,0.008249190000000128,0.012513161999999856,11021
generated-0030,generated,balanced,empty,24,4,forced-incomplete,344,16,15,1,1331,49,1,0,0,0,0,0,0,1,0,1316,375299968947540,0,5.568300000002857e-05,0.0038474029999999715,0.0002627099999998883,0.006510538000000121,18046
generated-0031,generated,balanced,class-complete,24,4,ambiguous,545,25,15,4,2144,48,16,15,1,1,1,1,1,0,0,2084,375299968947540,15,0.00010295300000007224,0.00572136599999995,0.0017558380000000096,0.013755346999999807,29251
generated-0032,generated,balanced,seeded-omission,24,4,forced-incomplete,545,25,15,2,2114,48,15,2,0,1,0,1,0,1,0,2084,375299968947540,14,9.687400000002455e-05,0.005551774000000176,0.0011936020000000713,0.010895550000000087,28903
generated-0033,generated,balanced,census,24,4,forced-complete,545,25,15,4,2144,48,1,15,1,1,1,1,1,0,1,2084,375299968947540,375299968947540,8.262299999994838e-05,0.005529832000000123,0.011811038999999912,0.02104214800000004,29481
generated-0034,generated,balanced,one-per-bucket,24,4,forced-incomplete,344,16,15,1,1331,49,2,0,0,1,0,1,0,1,0,1316,375299968947540,1,6.814100000007706e-05,0.0035575429999998853,0.00033563799999991595,0.006406163000000076,18116
generated-0035,generated,balanced,class-exclusion,24,4,ambiguous,545,25,16,5,2164,48,3,3,0,1,1,1,1,0,1,2084,375299968947541,375299968947517,0.00010143100000004068,0.005866071000000028,0.010424199999999884,0.020146297000000146,30151
generated-0036,generated,balanced,empty,3,4,forced-incomplete,41,23,14,2,104,4,1,0,0,0,0,0,0,1,0,76,84,0,6.086100000013417e-05,0.0003645709999999802,0.000263942000000128,0.0009659740000000916,1667
generated-0037,generated,balanced,class-complete,3,4,ambiguous,41,23,14,4,132,3,15,14,1,1,1,1,1,0,0,76,84,14,6.083999999995093e-05,0.0003922119999999474,0.0015964909999999222,0.002275720000000092,2065
generated-0038,generated,balanced,seeded-omission,3,4,forced-incomplete,29,15,14,1,74,4,14,10,0,1,0,1,0,1,0,60,84,13,3.642399999992385e-05,0.00026054699999988884,0.0009233910000001622,0.001386729000000031,1485
generated-0039,generated,balanced,census,3,4,forced-complete,41,23,14,4,132,3,1,14,1,1,1,1,1,0,1,76,84,84,3.4571000000038765e-05,0.00036400000000003097,0.005080544000000131,0.005689298000000065,1892
generated-0040,generated,balanced,one-per-bucket,3,4,forced-incomplete,41,23,14,2,104,4,3,0,0,1,0,1,0,1,0,76,84,2,3.0565000000093434e-05,0.0003521829999999504,0.00039985300000000557,0.000998091999999895,1773
generated-0041,generated,balanced,class-exclusion,3,4,ambiguous,41,23,14,4,132,3,3,13,0,1,1,1,1,0,1,76,84,78,5.032500000012874e-05,0.000348438000000062,0.005227231999999971,0.005879911999999932,2042
generated-0042,generated,balanced,empty,4,4,forced-incomplete,44,16,16,2,148,6,1,0,0,0,0,0,0,1,0,116,341,0,2.2903999999934754e-05,0.0004671640000000199,0.00035717099999987845,0.0011206539999999432,1860
generated-0043,generated,balanced,class-complete,4,4,ambiguous,65,25,15,4,224,5,16,15,1,1,1,1,1,0,0,164,340,15,6.967300000004784e-05,0.0005844880000001051,0.002016353999999998,0.003049297999999867,2841
generated-0044,generated,balanced,seeded-omission,4,4,forced-incomplete,65,25,15,2,194,5,15,14,0,1,0,1,0,1,0,164,340,14,6.829099999983157e-05,0.0005400519999998465,0.0011770070000001187,0.002147448999999968,2673
generated-0045,generated,balanced,census,4,4,forced-complete,65,25,15,4,224,5,1,15,1,1,1,1,1,0,1,164,340,340,3.827700000003098e-05,0.0005374690000001792,0.009975212999999927,0.010959165000000048,2673
generated-0046,generated,balanced,one-per-bucket,4,4,forced-incomplete,44,16,15,1,131,6,2,0,0,1,0,1,0,1,0,116,340,1,3.409100000006937e-05,0.0004120220000001229,0.00035074999999995526,0.001961653000000174,1836
generated-0047,generated,balanced,class-exclusion,4,4,ambiguous,65,25,15,4,224,5,3,2,0,1,1,1,1,0,1,164,340,336,5.1717000000062185e-05,0.0005793309999999607,0.008433803999999823,0.009434409999999893,2840
generated-0048,generated,balanced,empty,6,4,forced-incomplete,113,25,15,2,386,10,1,0,0,0,0,0,0,1,0,356,5460,0,2.5698000000184962e-05,0.0010740350000000287,0.0003347769999999528,0.002118316000000009,4033
generated-0049,generated,balanced,class-complete,6,4,ambiguous,113,25,16,5,436,10,16,16,1,1,1,1,1,0,1,356,5461,16,8.954300000008075e-05,0.0010407359999999866,0.002441165000000023,0.004385363000000142,4637
generated-0050,generated,balanced,seeded-omission,6,4,forced-incomplete,74,16,15,1,251,11,15,5,0,1,0,1,0,1,0,236,5460,14,4.6688999999933145e-05,0.000758056000000007,0.0010318819999999285,0.002302189000000121,2992
generated-0051,generated,balanced,census,6,4,forced-complete,113,25,15,4,416,10,1,15,1,1,1,1,1,0,1,356,5460,5460,4.39249999999447e-05,0.001005343000000103,0.011001065999999948,0.012758064999999874,4361
generated-0052,generated,balanced,one-per-bucket,6,4,forced-incomplete,113,25,15,2,386,10,3,0,0,1,0,1,0,1,0,356,5460,2,4.7259999999882396e-05,0.0012223150000001404,0.00046735400000019744,0.0025247999999999937,4143
generated-0053,generated,balanced,class-exclusion,6,4,ambiguous,113,25,15,4,416,10,9,8,0,1,1,1,1,0,1,356,5460,5346,6.916300000003872e-05,0.0010917510000001407,0.008792597000000013,0.010640642000000033,4584
generated-0054,generated,balanced,empty,8,4,forced-incomplete,104,16,15,1,371,16,1,0,0,0,0,0,0,1,0,356,87380,0,2.8072000000101127e-05,0.0011971780000001875,0.00027011200000015556,0.0021813990000001393,3919
generated-0055,generated,balanced,class-complete,8,4,ambiguous,161,25,15,4,608,15,16,15,1,1,1,1,1,0,0,548,87380,15,7.639300000006344e-05,0.0016197150000001326,0.001821073999999978,0.00473207699999989,6337
generated-0056,generated,balanced,seeded-omission,8,4,forced-incomplete,161,25,16,3,596,15,15,8,0,1,0,1,0,1,1,548,87381,15,7.95879999999638e-05,0.0015103929999999988,0.0014101140000000179,0.004091206000000014,6268
generated-0057,generated,balanced,census,8,4,forced-complete,161,25,15,4,608,15,1,15,1,1,1,1,1,0,1,548,87380,87380,5.250800000000666e-05,0.0015672270000000044,0.00932193300000006,0.01199196800000002,6255
generated-0058,generated,balanced,one-per-bucket,8,4,forced-incomplete,104,16,15,1,371,16,2,0,0,1,0,1,0,1,0,356,87380,1,3.814599999985013e-05,0.0010092390000000506,0.00032793700000000037,0.0020881609999998663,3989
generated-0059,generated,balanced,class-exclusion,8,4,ambiguous,161,25,15,4,608,15,16,14,0,1,1,1,1,0,0,548,87380,36332,6.164099999983463e-05,0.0014802480000000173,0.008896801999999981,0.011466829000000178,6503
generated-0060,generated,balanced,empty,12,4,forced-incomplete,257,25,15,2,962,24,1,0,0,0,0,0,0,1,0,932,22369620,0,3.384000000017373e-05,0.0024162279999999647,0.0003068959999998899,0.00473533199999987,10229
generated-0061,generated,balanced,class-complete,12,4,ambiguous,257,25,15,4,992,23,16,15,1,1,1,1,1,0,0,932,22369620,15,8.791100000005159e-05,0.002547411999999971,0.0016517119999999164,0.005981562000000107,10727
generated-0062,generated,balanced,seeded-omission,12,4,forced-incomplete,164,16,15,1,611,25,15,2,0,1,0,1,0,1,0,596,22369620,14,5.73260000000797e-05,0.001668618000000066,0.0008833520000000039,0.0036890279999999276,6847
generated-0063,generated,balanced,census,12,4,forced-complete,257,25,16,5,1012,23,1,16,1,1,1,1,1,0,1,932,22369621,22369621,5.568300000002857e-05,0.0024253620000000975,0.009878490000000184,0.014065177000000206,10838
generated-0064,generated,balanced,one-per-bucket,12,4,forced-incomplete,257,25,15,2,962,24,3,0,0,1,0,1,0,1,0,932,22369620,2,5.423100000001568e-05,0.00242830599999988,0.0004838389999999304,0.004776742999999861,10339
generated-0065,generated,balanced,class-exclusion,12,4,ambiguous,257,25,15,4,992,23,4,5,0,1,1,1,1,0,1,932,22369620,22361454,6.711999999997609e-05,0.0025123510000000238,0.008697035999999825,0.012943590999999977,11042
generated-0066,generated,balanced,empty,24,4,forced-incomplete,344,16,15,1,1331,49,1,0,0,0,0,0,0,1,0,1316,375299968947540,0,4.095099999990026e-05,0.003471704999999936,0.0002652239999998418,0.006139026000000047,18046
generated-0067,generated,balanced,class-complete,24,4,ambiguous,545,25,15,4,2144,48,16,15,1,1,1,1,1,0,0,2084,375299968947540,15,9.444999999996817e-05,0.006053579000000031,0.0017138149999997854,0.011796737999999918,29251
generated-0068,generated,balanced,seeded-omission,24,4,forced-incomplete,545,25,15,2,2114,48,15,8,0,1,0,1,0,1,0,2084,375299968947540,14,9.970800000003166e-05,0.005600295999999894,0.0011722810000001083,0.010602925000000152,28903
generated-0069,generated,balanced,census,24,4,forced-complete,545,25,15,4,2144,48,1,15,1,1,1,1,1,0,1,2084,375299968947540,375299968947540,0.0001470789999999944,0.006199956999999978,0.00911849099999995,0.019578743999999926,29481
generated-0070,generated,balanced,one-per-bucket,24,4,forced-incomplete,344,16,16,2,1348,49,2,1,0,1,0,1,0,1,1,1316,375299968947541,2,7.69439999999122e-05,0.0036362000000000894,0.0005427959999999565,0.006635644000000163,18252
generated-0071,generated,balanced,class-exclusion,24,4,ambiguous,545,25,15,4,2144,48,13,11,0,1,1,1,1,0,1,2084,375299968947540,374876425306038,9.256700000004336e-05,0.00554568600000005,0.009174234000000059,0.018926296000000065,30018
generated-0072,generated,balanced,empty,3,4,forced-incomplete,41,23,14,2,104,4,1,0,0,0,0,0,0,1,0,76,84,0,6.274299999997623e-05,0.00033211300000002275,0.00028488299999995803,0.0009041530000000186,1667
generated-0073,generated,balanced,class-complete,3,4,ambiguous,41,23,14,4,132,3,15,14,1,1,1,1,1,0,0,76,84,14,6.461599999996182e-05,0.00036177699999995205,0.0017980799999999242,0.002453244000000021,2065
generated-0074,generated,balanced,seeded-omission,3,4,forced-incomplete,29,15,14,1,74,4,14,4,0,1,0,1,0,1,0,60,84,13,3.792599999985491e-05,0.000268368999999824,0.0009623389999999787,0.0015014099999999253,1485
generated-0075,generated,balanced,census,3,4,forced-complete,41,23,14,4,132,3,1,14,1,1,1,1,1,0,1,76,84,84,3.535299999990471e-05,0.0004463829999998836,0.00515604699999983,0.005858850000000082,1892
generated-0076,generated,balanced,one-per-bucket,3,4,forced-incomplete,41,23,14,2,104,4,3,0,0,1,0,1,0,1,0,76,84,2,3.036499999997666e-05,0.0003786420000000401,0.0004698970000001079,0.0010973290000000357,1773
generated-0077,generated,balanced,class-exclusion,3,4,ambiguous,41,23,15,5,151,3,3,2,0,1,1,1,1,0,1,76,85,82,5.343899999998847e-05,0.0003647010000000783,0.006120860000000006,0.006772286999999988,2188
generated-0078,generated,balanced,empty,4,4,forced-incomplete,44,16,15,1,131,6,1,0,0,0,0,0,0,1,0,116,340,0,2.1741999999935757e-05,0.0003845909999999897,0.0003330249999999868,0.001055478000000054,1766
generated-0079,generated,balanced,class-complete,4,4,ambiguous,65,25,15,4,224,5,16,15,1,1,1,1,1,0,0,164,340,15,7.267799999999269e-05,0.0006130410000000364,0.002068672000000049,0.0032115590000001415,2841
generated-0080,generated,balanced,seeded-omission,4,4,forced-incomplete,65,25,15,2,194,5,15,5,0,1,0,1,0,1,0,164,340,14,5.6763999999986936e-05,0.0006101259999999886,0.0013914220000001976,0.0024613400000002006,2673
generated-0081,generated,balanced,census,4,4,forced-complete,65,25,15,4,224,5,1,15,1,1,1,1,1,0,1,164,340,340,4.102099999991893e-05,0.0006159649999999406,0.008283590999999868,0.00931867800000008,2673
generated-0082,generated,balanced,one-per-bucket,4,4,forced-incomplete,44,16,15,1,131,6,2,0,0,1,0,1,0,1,0,116,340,1,2.8052000000000632e-05,0.00040516200000006997,0.00047986199999994206,0.0011893160000000513,1836
generated-0083,generated,balanced,class-exclusion,4,4,ambiguous,65,25,15,4,224,5,4,8,0,1,1,1,1,0,1,164,340,318,4.788100000019391e-05,0.0005887139999998237,0.00812119999999994,0.009131360000000033,2840
generated-0084,generated,balanced,empty,6,4,forced-incomplete,113,25,16,3,404,10,1,0,0,0,0,0,0,1,0,356,5461,0,2.946399999981253e-05,0.0010877049999999944,0.0004086670000000847,0.002260356999999935,4131
generated-0085,generated,balanced,class-complete,6,4,ambiguous,113,25,15,4,416,10,16,15,1,1,1,1,1,0,0,356,5460,15,7.719399999994714e-05,0.0010284569999998716,0.0018732820000000316,0.0036767499999998954,4481
generated-0086,generated,balanced,seeded-omission,6,4,forced-incomplete,74,16,15,1,251,11,15,11,0,1,0,1,0,1,0,236,5460,14,4.581800000003078e-05,0.0006802399999998876,0.0009637510000000127,0.0021535790000000166,2992
generated-0087,generated,balanced,census,6,4,forced-complete,113,25,15,4,416,10,1,15,1,1,1,1,1,0,1,356,5460,5460,4.1901999999982564e-05,0.0010229990000001354,0.008699319000000205,0.010464360000000061,4361
generated-0088,generated,balanced,one-per-bucket,6,4,forced-incomplete,113,25,15,2,386,10,3,0,0,1,0,1,0,1,0,356,5460,2,3.871700000002143e-05,0.001010529999999843,0.00048318800000002327,0.0022570209999999147,4143
generated-0089,generated,balanced,class-exclusion,6,4,ambiguous,113,25,15,4,416,10,16,14,0,1,1,1,1,0,0,356,5460,3636,7.304799999996447e-05,0.0010328239999999322,0.008452581999999875,0.010250372000000008,4587
generated-0090,generated,balanced,empty,8,4,forced-incomplete,104,16,15,1,371,16,1,0,0,0,0,0,0,1,0,356,87380,0,2.659000000004852e-05,0.0009569110000000602,0.00023467900000007091,0.0019041870000000571,3919
generated-0091,generated,balanced,class-complete,8,4,ambiguous,161,25,16,5,628,15,16,16,1,1,1,1,1,0,1,548,87381,16,0.00011803599999993253,0.0015040039999998367,0.002045057000000128,0.004721240999999932,6493
generated-0092,generated,balanced,seeded-omission,8,4,forced-incomplete,161,25,15,2,578,15,15,2,0,1,0,1,0,1,0,548,87380,14,8.171099999998432e-05,0.0014639839999999182,0.0011464620000001258,0.0037234399999999113,6123
generated-0093,generated,balanced,census,8,4,forced-complete,161,25,15,4,608,15,1,15,1,1,1,1,1,0,1,548,87380,87380,5.025500000011007e-05,0.0014654359999999311,0.00852675199999986,0.011053375000000143,6255
generated-0094,generated,balanced,one-per-bucket,8,4,forced-incomplete,104,16,15,1,371,16,2,0,0,1,0,1,0,1,0,356,87380,1,3.6935000000015705e-05,0.0009811969999999892,0.0003458240000000501,0.0020781659999999924,3989
generated-0095,generated,balanced,class-exclusion,8,4,ambiguous,161,25,15,4,608,15,9,5,0,1,1,1,1,0,1,548,87380,86886,5.787599999984572e-05,0.0014924459999998696,0.008581033000000016,0.01116983699999996,6512
generated-0096,generated,balanced,empty,12,4,forced-incomplete,257,25,15,2,962,24,1,0,0,0,0,0,0,1,0,932,22369620,0,3.405999999994691e-05,0.0024915300000001306,0.0003091889999999875,0.005000085000000043,10229
generated-0097,generated,balanced,class-complete,12,4,ambiguous,257,25,15,4,992,23,16,15,1,1,1,1,1,0,0,932,22369620,15,9.216700000003186e-05,0.0024717510000000775,0.0016146980000000255,0.00592258499999998,10727
generated-0098,generated,balanced,seeded-omission,12,4,forced-incomplete,164,16,16,2,628,25,15,2,0,1,0,1,0,1,1,596,22369621,15,6.30230000000509e-05,0.001589791000000007,0.0011341840000000936,0.0038642580000001203,6986
generated-0099,generated,balanced,census,12,4,forced-complete,257,25,15,4,992,23,1,15,1,1,1,1,1,0,1,932,22369620,22369620,5.049499999998375e-05,0.0024102889999999544,0.008384210000000003,0.01254861500000004,10725
generated-0100,generated,balanced,one-per-bucket,12,4,forced-incomplete,257,25,15,2,962,24,2,0,0,1,0,1,0,1,0,932,22369620,2,5.0445000000065576e-05,0.0024472040000000916,0.0004730920000000083,0.004680920999999838,10331
generated-0101,generated,balanced,class-exclusion,12,4,ambiguous,257,25,15,4,992,23,13,11,0,1,1,1,1,0,1,932,22369620,21596994,8.450599999987318e-05,0.0024249610000000033,0.008983299999999916,0.013142466999999991,11062
generated-0102,generated,balanced,empty,24,4,forced-incomplete,344,16,15,1,1331,49,1,0,0,0,0,0,0,1,0,1316,375299968947540,0,4.3253999999937065e-05,0.003613235999999853,0.0002464559999999505,0.0063561190000001044,18046
generated-0103,generated,balanced,class-complete,24,4,ambiguous,545,25,15,4,2144,48,16,15,1,1,1,1,1,0,0,2084,375299968947540,15,9.658300000014997e-05,0.005768886999999889,0.001835625999999868,0.011690100000000037,29251
generated-0104,generated,balanced,seeded-omission,24,4,forced-incomplete,545,25,15,2,2114,48,15,14,0,1,0,1,0,1,0,2084,375299968947540,14,0.00014341299999998114,0.005613016000000082,0.0012126299999999368,0.010703924999999836,28903
generated-0105,generated,balanced,census,24,4,forced-complete,545,25,16,5,2164,48,1,16,1,1,1,1,1,0,1,2084,375299968947541,375299968947541,9.440000000005e-05,0.005649760000000059,0.010317381999999986,0.019795545999999886,29594
generated-0106,generated,balanced,one-per-bucket,24,4,forced-incomplete,344,16,15,1,1331,49,2,0,0,1,0,1,0,1,0,1316,375299968947540,1,7.405000000004769e-05,0.0035715940000000668,0.0003459839999999659,0.006437018999999822,18116
generated-0107,generated,balanced,class-exclusion,24,4,ambiguous,545,25,15,4,2144,48,3,2,0,1,1,1,1,0,1,2084,375299968947540,375299968947516,8.409500000006176e-05,0.005561439000000057,0.009080874999999988,0.018344160999999914,29996
generated-0108,generated,balanced,empty,3,4,forced-incomplete,41,23,14,2,104,4,1,0,0,0,0,0,0,1,0,76,84,0,7.794599999999541e-05,0.0003365490000000193,0.0002601659999998951,0.0008987550000001399,1667
generated-0109,generated,balanced,class-complete,3,4,ambiguous,41,23,14,4,132,3,15,14,1,1,1,1,1,0,0,76,84,14,8.040900000017004e-05,0.000356970000000123,0.0016488990000000925,0.0023102809999999696,2065
generated-0110,generated,balanced,seeded-omission,3,4,forced-incomplete,29,15,14,1,74,4,14,12,0,1,0,1,0,1,0,60,84,13,3.60040000000339e-05,0.00026734699999986233,0.0009150189999997949,0.0013901439999999265,1485
generated-0111,generated,balanced,census,3,4,forced-complete,41,23,14,4,132,3,1,14,1,1,1,1,1,0,1,76,84,84,3.3699999999914354e-05,0.0003578719999999258,0.005060214999999868,0.005666535000000028,1892
generated-0112,generated,balanced,one-per-bucket,3,4,forced-incomplete,41,23,15,3,121,4,3,1,0,1,0,1,0,1,1,76,85,3,3.551300000004254e-05,0.0003632600000000874,0.0006857279999998855,0.0013139310000001014,1909
generated-0113,generated,balanced,class-exclusion,3,4,ambiguous,41,23,14,4,132,3,3,1,0,1,1,1,1,0,1,76,84,81,4.788100000019391e-05,0.00037310399999990196,0.005017720999999975,0.005668227000000137,2039
generated-0114,generated,balanced,empty,4,4,forced-incomplete,44,16,15,1,131,6,1,0,0,0,0,0,0,1,0,116,340,0,2.0479999999878373e-05,0.0003792730000000688,0.00024013600000016844,0.0009010680000001159,1766
generated-0115,generated,balanced,class-complete,4,4,ambiguous,65,25,15,4,224,5,16,15,1,1,1,1,1,0,0,164,340,15,6.529700000013072e-05,0.000582634999999998,0.0020045770000001184,0.003028146999999981,2841
generated-0116,generated,balanced,seeded-omission,4,4,forced-incomplete,65,25,15,2,194,5,15,11,0,1,0,1,0,1,0,164,340,14,5.2758000000041605e-05,0.0005675229999999587,0.001254783000000037,0.0022378540000000946,2673
generated-0117,generated,balanced,census,4,4,forced-complete,65,25,15,4,224,5,1,15,1,1,1,1,1,0,1,164,340,340,3.740599999990657e-05,0.0005414540000001633,0.00831056100000005,0.009266640999999964,2673
generated-0118,generated,balanced,one-per-bucket,4,4,forced-incomplete,44,16,15,1,131,6,2,0,0,1,0,1,0,1,0,116,340,1,2.6569999999948024e-05,0.00040738499999992683,0.0003069959999999483,0.0010088779999999353,1836
generated-0119,generated,balanced,class-exclusion,4,4,ambiguous,65,25,16,5,244,5,4,7,0,1,1,1,1,0,1,164,341,319,5.158699999996408e-05,0.0005808330000001138,0.009189667000000012,0.010196480999999924,2994
generated-0120,generated,balanced,empty,6,4,forced-incomplete,113,25,15,2,386,10,1,0,0,0,0,0,0,1,0,356,5460,0,2.6499999999929358e-05,0.0009926740000001377,0.000548825000000086,0.002306185000000127,4033
generated-0121,generated,balanced,class-complete,6,4,ambiguous,113,25,15,4,416,10,16,15,1,1,1,1,1,0,0,356,5460,15,7.820599999996958e-05,0.0010505100000000045,0.0018956049999998559,0.003756678999999874,4481
generated-0122,generated,balanced,seeded-omission,6,4,forced-incomplete,74,16,15,1,251,11,15,2,0,1,0,1,0,1,0,236,5460,14,4.606800000006572e-05,0.0007018920000001483,0.0009637110000000337,0.0021758010000001438,2992
generated-0123,generated,balanced,census,6,4,forced-complete,113,25,15,4,416,10,1,15,1,1,1,1,1,0,1,356,5460,5460,4.249300000003231e-05,0.0011175989999998581,0.008930692000000073,0.010794420000000082,4361
generated-0124,generated,balanced,one-per-bucket,6,4,forced-incomplete,113,25,15,2,386,10,2,0,0,1,0,1,0,1,0,356,5460,2,4.055999999996729e-05,0.001010489999999864,0.0004696870000000519,0.0022491700000000225,4135
generated-0125,generated,balanced,class-exclusion,6,4,ambiguous,113,25,15,4,416,10,9,5,0,1,1,1,1,0,1,356,5460,5346,6.661899999982346e-05,0.0010699789999999432,0.008768600999999876,0.010760939999999941,4584
generated-0126,generated,balanced,empty,8,4,forced-incomplete,104,16,16,2,388,16,1,0,0,0,0,0,0,1,0,356,87381,0,3.161700000009482e-05,0.0009817380000001208,0.000369968999999859,0.002067499999999889,4013
generated-0127,generated,balanced,class-complete,8,4,ambiguous,161,25,15,4,608,15,16,15,1,1,1,1,1,0,0,548,87380,15,7.556199999991797e-05,0.0014990360000000091,0.0016575010000001722,0.004277011000000108,6337
generated-0128,generated,balanced,seeded-omission,8,4,forced-incomplete,161,25,15,2,578,15,15,8,0,1,0,1,0,1,0,548,87380,14,6.664899999986318e-05,0.0014752710000001112,0.001121665000000105,0.003688016000000127,6123
generated-0129,generated,balanced,census,8,4,forced-complete,161,25,15,4,608,15,1,15,1,1,1,1,1,0,1,548,87380,87380,4.996500000009618e-05,0.0014640740000000374,0.008573050999999943,0.011094284999999982,6255
generated-0130,generated,balanced,one-per-bucket,8,4,forced-incomplete,104,16,15,1,371,16,2,0,0,1,0,1,0,1,0,356,87380,1,3.892799999993812e-05,0.000972784999999865,0.00033159199999999167,0.002024387000000072,3989
generated-0131,generated,balanced,class-exclusion,8,4,ambiguous,161,25,15,4,608,15,13,11,0,1,1,1,1,0,1,548,87380,79046,5.776600000007015e-05,0.001711652000000008,0.008510878999999916,0.01132195299999994,6522
generated-0132,generated,balanced,empty,12,4,forced-incomplete,257,25,15,2,962,24,1,0,0,0,0,0,0,1,0,932,22369620,0,3.2688999999974655e-05,0.002416968999999991,0.00031230399999992997,0.004741319999999938,10229
generated-0133,generated,balanced,class-complete,12,4,ambiguous,257,25,16,5,1012,23,16,16,1,1,1,1,1,0,1,932,22369621,16,9.332900000003086e-05,0.0026051480000000016,0.0021645649999999517,0.006689404000000065,10883
generated-0134,generated,balanced,seeded-omission,12,4,forced-incomplete,164,16,15,1,611,25,15,14,0,1,0,1,0,1,0,596,22369620,14,5.7265000000139565e-05,0.0015728760000000008,0.000899616000000103,0.003625715000000085,6847
generated-0135,generated,balanced,census,12,4,forced-complete,257,25,15,4,992,23,1,15,1,1,1,1,1,0,1,932,22369620,22369620,5.049499999998375e-05,0.002400785000000072,0.008415256000000149,0.01253827999999979,10725
generated-0136,generated,balanced,one-per-bucket,12,4,forced-incomplete,257,25,15,2,962,24,2,0,0,1,0,1,0,1,0,932,22369620,2,5.4090000000117655e-05,0.002495375999999938,0.0005086250000001513,0.005060225000000029,10331
generated-0137,generated,balanced,class-exclusion,12,4,ambiguous,257,25,15,4,992,23,3,2,0,1,1,1,1,0,1,932,22369620,22369608,7.227699999989845e-05,0.002432602999999922,0.008692107999999976,0.012872825999999948,11040
generated-0138,generated,balanced,empty,24,4,forced-incomplete,344,16,15,1,1331,49,1,0,0,0,0,0,0,1,0,1316,375299968947540,0,4.1230999999974927e-05,0.003679313999999989,0.00033499800000003077,0.006394845999999843,18046
generated-0139,generated,balanced,class-complete,24,4,ambiguous,545,25,15,4,2144,48,16,15,1,1,1,1,1,0,0,2084,375299968947540,15,9.515100000001553e-05,0.005632494000000099,0.0017256729999999276,0.011384174999999885,29251
generated-0140,generated,balanced,seeded-omission,24,4,forced-incomplete,545,25,16,3,2132,48,15,12,0,1,0,1,0,1,1,2084,375299968947541,15,0.00011472999999995181,0.00597180900000005,0.0015182549999999129,0.011262234000000149,29048
generated-0141,generated,balanced,census,24,4,forced-complete,545,25,15,4,2144,48,1,15,1,1,1,1,1,0,1,2084,375299968947540,375299968947540,8.679899999997076e-05,0.005670810999999887,0.008945042999999986,0.018358131999999916,29481
generated-0142,generated,balanced,one-per-bucket,24,4,forced-incomplete,344,16,15,1,1331,49,2,0,0,1,0,1,0,1,0,1316,375299968947540,1,7.032500000003772e-05,0.0036505810000000416,0.0003420279999999387,0.006434856000000044,18116
generated-0143,generated,balanced,class-exclusion,24,4,ambiguous,545,25,15,4,2144,48,9,8,0,1,1,1,1,0,1,2084,375299968947540,375299935393158,8.392399999990197e-05,0.0055895310000000364,0.008795802000000075,0.01819929599999992,30008
generated-0144,generated,balanced,empty,3,4,forced-incomplete,41,23,14,2,104,4,1,0,0,0,0,0,0,1,0,76,84,0,6.602799999999576e-05,0.0003632190000000257,0.00044941800000009025,0.0011998920000000357,1667
generated-0145,generated,balanced,class-complete,3,4,ambiguous,41,23,14,4,132,3,15,14,1,1,1,1,1,0,0,76,84,14,6.279300000011645e-05,0.0003604950000000162,0.0017334740000001236,0.0024171800000001298,2065
generated-0146,generated,balanced,seeded-omission,3,4,forced-incomplete,29,15,14,1,74,4,14,6,0,1,0,1,0,1,0,60,84,13,3.91280000000549e-05,0.00026742700000004227,0.0009165910000001887,0.0014547910000000108,1485
generated-0147,generated,balanced,census,3,4,forced-complete,41,23,15,5,151,3,1,15,1,1,1,1,1,0,1,76,85,85,4.000900000011853e-05,0.0003481169999999256,0.006068160999999961,0.006678136999999973,2001
generated-0148,generated,balanced,one-per-bucket,3,4,forced-incomplete,41,23,14,2,104,4,2,0,0,1,0,1,0,1,0,76,84,2,2.9464000000034574e-05,0.00033899299999995414,0.00040609299999982973,0.0010146259999999074,1765
generated-0149,generated,balanced,class-exclusion,3,4,ambiguous,41,23,14,4,132,3,9,9,0,1,1,1,1,0,1,76,84,76,4.632899999990059e-05,0.0003822280000000955,0.005013795999999848,0.0056669750000000185,2051
generated-0150,generated,balanced,empty,4,4,forced-incomplete,44,16,15,1,131,6,1,0,0,0,0,0,0,1,0,116,340,0,2.035000000000231e-05,0.00040247799999981737,0.00022776800000001707,0.0009092509999999443,1766
generated-0151,generated,balanced,class-complete,4,4,ambiguous,65,25,15,4,224,5,16,15,1,1,1,1,1,0,0,164,340,15,6.574800000014314e-05,0.0005883339999999126,0.0022115039999999198,0.003242595000000126,2841
generated-0152,generated,balanced,seeded-omission,4,4,forced-incomplete,65,25,15,2,194,5,15,2,0,1,0,1,0,1,0,164,340,14,5.451100000009035e-05,0.0005561760000001303,0.0013171660000002028,0.0023102999999999874,2673
generated-0153,generated,balanced,census,4,4,forced-complete,65,25,15,4,224,5,1,15,1,1,1,1,1,0,1,164,340,340,3.8578000000066837e-05,0.0005654799999998961,0.008508395000000002,0.009483423000000046,2673
generated-0154,generated,balanced,one-per-bucket,4,4,forced-incomplete,44,16,16,2,148,6,2,1,0,1,0,1,0,1,1,116,341,2,3.4491000000080874e-05,0.00041629800000020367,0.0005067130000000475,0.001250026999999987,1972
generated-0155,generated,balanced,class-exclusion,4,4,ambiguous,65,25,15,4,224,5,9,5,0,1,1,1,1,0,1,164,340,318,4.781100000017524e-05,0.0005826550000000985,0.00926415700000005,0.010276339999999884,2848
generated-0156,generated,balanced,empty,6,4,forced-incomplete,113,25,15,2,386,10,1,0,0,0,0,0,0,1,0,356,5460,0,3.886800000008073e-05,0.0010282269999999372,0.0003261740000000124,0.0021701519999999253,4033
generated-0157,generated,balanced,class-complete,6,4,ambiguous,113,25,15,4,416,10,16,15,1,1,1,1,1,0,0,356,5460,15,8.062000000008673e-05,0.001032593000000137,0.0018478439999998209,0.0037005950000001953,4481
generated-0158,generated,balanced,seeded-omission,6,4,forced-incomplete,74,16,15,1,251,11,15,8,0,1,0,1,0,1,0,236,5460,14,4.524699999985948e-05,0.000710985999999858,0.0009561399999999942,0.0021748199999997997,2992
generated-0159,generated,balanced,census,6,4,forced-complete,113,25,15,4,416,10,1,15,1,1,1,1,1,0,1,356,5460,5460,4.459599999995234e-05,0.0010165890000000122,0.008864694000000117,0.010626480999999854,4361
generated-0160,generated,balanced,one-per-bucket,6,4,forced-incomplete,113,25,15,2,386,10,3,0,0,1,0,1,0,1,0,356,5460,2,4.410600000004372e-05,0.001026465000000032,0.0004653509999998917,0.002254767999999796,4143
generated-0161,generated,balanced,class-exclusion,6,4,ambiguous,113,25,16,5,436,10,3,1,0,1,1,1,1,0,1,356,5461,5455,6.685899999991918e-05,0.00104915800000005,0.010158034000000038,0.011970616000000156,4727
generated-0162,generated,balanced,empty,8,4,forced-incomplete,104,16,15,1,371,16,1,0,0,0,0,0,0,1,0,356,87380,0,2.660899999984423e-05,0.0010066040000000775,0.00023687199999988806,0.0019524490000000227,3919
generated-0163,generated,balanced,class-complete,8,4,ambiguous,161,25,15,4,608,15,16,15,1,1,1,1,1,0,0,548,87380,15,8.259200000004796e-05,0.0015381039999999846,0.0018742830000000321,0.004649324000000066,6337
generated-0164,generated,balanced,seeded-omission,8,4,forced-incomplete,161,25,15,2,578,15,15,14,0,1,0,1,0,1,0,548,87380,14,7.19169999998659e-05,0.0015336780000001493,0.0011063829999999886,0.003808816000000048,6123
generated-0165,generated,balanced,census,8,4,forced-complete,161,25,15,4,608,15,1,15,1,1,1,1,1,0,1,548,87380,87380,5.0045000000054074e-05,0.0015155410000000646,0.009086493000000084,0.011672342999999863,6255
generated-0166,generated,balanced,one-per-bucket,8,4,forced-incomplete,104,16,15,1,371,16,2,0,0,1,0,1,0,1,0,356,87380,1,5.3880000000061656e-05,0.000981357000000127,0.00032276900000005604,0.002063513999999822,3989
generated-0167,generated,balanced,class-exclusion,8,4,ambiguous,161,25,15,4,608,15,3,2,0,1,1,1,1,0,1,548,87380,87372,5.876699999984858e-05,0.0015169820000000556,0.008511048999999993,0.011142085999999995,6500
generated-0168,generated,balanced,empty,12,4,forced-incomplete,257,25,16,3,980,24,1,0,0,0,0,0,0,1,0,932,22369621,0,3.662499999990132e-05,0.0024774089999999305,0.0005191410000000563,0.005439106999999943,10327
generated-0169,generated,balanced,class-complete,12,4,ambiguous,257,25,15,4,992,23,16,15,1,1,1,1,1,0,0,932,22369620,15,8.846100000003965e-05,0.0024739240000000162,0.001627886999999939,0.005882275000000048,10727
generated-0170,generated,balanced,seeded-omission,12,4,forced-incomplete,164,16,15,1,611,25,15,5,0,1,0,1,0,1,0,596,22369620,14,5.606300000016162e-05,0.0016136759999998418,0.0009087700000001142,0.0036634400000001843,6847
generated-0171,generated,balanced,census,12,4,forced-complete,257,25,15,4,992,23,1,15,1,1,1,1,1,0,1,932,22369620,22369620,5.171699999984014e-05,0.0024069039999998765,0.009328201999999841,0.013470032999999937,10725
generated-0172,generated,balanced,one-per-bucket,12,4,forced-incomplete,257,25,15,2,962,24,3,0,0,1,0,1,0,1,0,932,22369620,2,5.875699999968731e-05,0.002427704999999669,0.000509437000000279,0.004747679999999921,10339
generated-0173,generated,balanced,class-exclusion,12,4,ambiguous,257,25,15,4,992,23,9,8,0,1,1,1,1,0,1,932,22369620,22361454,7.429099999978206e-05,0.0026669410000002003,0.008665307999999872,0.01310575199999997,11052
generated-0174,generated,balanced,empty,24,4,forced-incomplete,344,16,15,1,1331,49,1,0,0,0,0,0,0,1,0,1316,375299968947540,0,4.3565000000356235e-05,0.0035328359999997616,0.00024536399999997016,0.006266044999999831,18046
generated-0175,generated,balanced,class-complete,24,4,ambiguous,545,25,16,5,2164,48,16,16,1,1,1,1,1,0,1,2084,375299968947541,16,0.0001055370000000444,0.005666835000000425,0.002092617999999824,0.012021511999999568,29407
generated-0176,generated,balanced,seeded-omission,24,4,forced-incomplete,545,25,15,2,2114,48,15,11,0,1,0,1,0,1,0,2084,375299968947540,14,0.00011453999999977427,0.005578234000000126,0.001187843999999938,0.010565580000000185,28903
generated-0177,generated,balanced,census,24,4,forced-complete,545,25,15,4,2144,48,1,15,1,1,1,1,1,0,1,2084,375299968947540,375299968947540,8.886200000013389e-05,0.005579755999999936,0.008869961999999898,0.018236391000000296,29481
generated-0178,generated,balanced,one-per-bucket,24,4,forced-incomplete,344,16,15,1,1331,49,2,0,0,1,0,1,0,1,0,1316,375299968947540,1,6.799099999987845e-05,0.0037085470000000065,0.0003413669999998703,0.006484117999999928,18116
generated-0179,generated,balanced,class-exclusion,24,4,ambiguous,545,25,15,4,2144,48,16,14,0,1,1,1,1,0,0,2084,375299968947540,1694375892396,9.016399999994817e-05,0.006106176999999935,0.00956031700000004,0.01949073400000012,29911
generated-0180,generated,balanced,empty,3,4,forced-incomplete,41,23,14,2,104,4,1,0,0,0,0,0,0,1,0,76,84,0,8.950300000032385e-05,0.0003477470000001759,0.0002805060000001802,0.0009663650000000246,1667
generated-0181,generated,balanced,class-complete,3,4,ambiguous,41,23,14,4,132,3,15,14,1,1,1,1,1,0,0,76,84,14,6.18619999999126e-05,0.0007043059999998214,0.0016696089999999053,0.002665808999999797,2065
generated-0182,generated,balanced,seeded-omission,3,4,forced-incomplete,29,15,15,2,90,4,14,2,0,1,0,1,0,1,1,60,85,14,4.665900000011547e-05,0.00028398200000001594,0.0011440189999998296,0.0016599350000001678,1618
generated-0183,generated,balanced,census,3,4,forced-complete,41,23,14,4,132,3,1,14,1,1,1,1,1,0,1,76,84,84,3.570299999999804e-05,0.0003373509999997637,0.0052879020000000665,0.00589576600000008,1892
generated-0184,generated,balanced,one-per-bucket,3,4,forced-incomplete,41,23,14,2,104,4,2,0,0,1,0,1,0,1,0,76,84,2,3.102599999982303e-05,0.00034343999999997266,0.00041119099999997744,0.0010398350000002665,1765
generated-0185,generated,balanced,class-exclusion,3,4,ambiguous,41,23,14,4,132,3,3,3,0,1,1,1,1,0,1,76,84,81,4.686899999972738e-05,0.00037104099999973883,0.005489362000000053,0.006132025999999957,2039
generated-0186,generated,balanced,empty,4,4,forced-incomplete,44,16,15,1,131,6,1,0,0,0,0,0,0,1,0,116,340,0,2.1522000000384622e-05,0.0004656810000001066,0.00022723799999990746,0.0010896879999999776,1766
generated-0187,generated,balanced,class-complete,4,4,ambiguous,65,25,15,4,224,5,16,15,1,1,1,1,1,0,0,164,340,15,6.612899999991484e-05,0.0005827460000000784,0.002061370999999923,0.0030908200000001607,2841
generated-0188,generated,balanced,seeded-omission,4,4,forced-incomplete,65,25,15,2,194,5,15,8,0,1,0,1,0,1,0,164,340,14,5.521200000035975e-05,0.0005659410000000697,0.0012091149999999828,0.0021957110000001556,2673
generated-0189,generated,balanced,census,4,4,forced-complete,65,25,16,5,244,5,1,16,1,1,1,1,1,0,1,164,341,341,4.726000000010444e-05,0.0005611139999999182,0.00975209099999974,0.010916240999999882,2786
generated-0190,generated,balanced,one-per-bucket,4,4,forced-incomplete,44,16,15,1,131,6,2,0,0,1,0,1,0,1,0,116,340,1,3.120600000006135e-05,0.0003994230000001764,0.00031004999999995064,0.0010482670000002692,1836
generated-0191,generated,balanced,class-exclusion,4,4,ambiguous,65,25,15,4,224,5,8,11,0,1,1,1,1,0,1,164,340,298,5.084500000007708e-05,0.000610056000000192,0.007932659999999814,0.0089668249999999,2847
generated-0192,generated,balanced,empty,6,4,forced-incomplete,113,25,15,2,386,10,1,0,0,0,0,0,0,1,0,356,5460,0,2.587799999975715e-05,0.0010973489999996922,0.00030909899999986834,0.0021340789999997334,4033
generated-0193,generated,balanced,class-complete,6,4,ambiguous,113,25,15,4,416,10,16,15,1,1,1,1,1,0,0,356,5460,15,7.709399999988875e-05,0.0010391529999997928,0.0017811240000003004,0.003620746999999813,4481
generated-0194,generated,balanced,seeded-omission,6,4,forced-incomplete,74,16,15,1,251,11,15,14,0,1,0,1,0,1,0,236,5460,14,5.9658000000073486e-05,0.000668451999999764,0.0009620180000000644,0.002145975999999994,2992
generated-0195,generated,balanced,census,6,4,forced-complete,113,25,15,4,416,10,1,15,1,1,1,1,1,0,1,356,5460,5460,4.174200000006678e-05,0.0019399509999997733,0.008831365000000257,0.011534989000000273,4361
generated-0196,generated,balanced,one-per-bucket,6,4,forced-incomplete,113,25,16,3,404,10,3,1,0,1,0,1,0,1,1,356,5461,3,5.05149999998622e-05,0.001099062000000206,0.0006895839999998543,0.002575173999999958,4285
generated-0197,generated,balanced,class-exclusion,6,4,ambiguous,113,25,15,4,416,10,3,2,0,1,1,1,1,0,1,356,5460,5454,6.14020000000437e-05,0.0010238309999999196,0.009008767999999723,0.01081988700000025,4572
generated-0198,generated,balanced,empty,8,4,forced-incomplete,104,16,15,1,371,16,1,0,0,0,0,0,0,1,0,356,87380,0,2.9805000000049375e-05,0.000974447000000378,0.0002391950000002474,0.002042692999999929,3919
generated-0199,generated,balanced,class-complete,8,4,ambiguous,161,25,15,4,608,15,16,15,1,1,1,1,1,0,0,548,87380,15,7.877700000014087e-05,0.0015457050000002859,0.0020287730000001503,0.0047567239999999344,6337
generated-0200,generated,balanced,seeded-omission,8,4,forced-incomplete,161,25,15,2,578,15,15,5,0,1,0,1,0,1,0,548,87380,14,7.653400000007249e-05,0.0016628790000000615,0.0011504379999999204,0.004114579999999979,6123
generated-0201,generated,balanced,census,8,4,forced-complete,161,25,15,4,608,15,1,15,1,1,1,1,1,0,1,548,87380,87380,5.276899999995255e-05,0.0018776989999998994,0.008745818000000072,0.011769286999999906,6255
generated-0202,generated,balanced,one-per-bucket,8,4,forced-incomplete,104,16,15,1,371,16,2,0,0,1,0,1,0,1,0,356,87380,1,3.586300000002485e-05,0.001187203000000081,0.0003351879999999863,0.002244423000000051,3989
generated-0203,generated,balanced,class-exclusion,8,4,ambiguous,161,25,16,5,628,15,13,11,0,1,1,1,1,0,1,548,87381,79047,7.18069999999793e-05,0.001634707000000013,0.009957777000000001,0.012846326000000019,6678
generated-0204,generated,balanced,empty,12,4,forced-incomplete,257,25,15,2,962,24,1,0,0,0,0,0,0,1,0,932,22369620,0,3.469199999994732e-05,0.0024280549999999845,0.00032022600000003454,0.004532690999999978,10229
generated-0205,generated,balanced,class-complete,12,4,ambiguous,257,25,15,4,992,23,16,15,1,1,1,1,1,0,0,932,22369620,15,8.742899999991671e-05,0.00244778499999998,0.0016572609999999655,0.005890617000000042,10727
generated-0206,generated,balanced,seeded-omission,12,4,forced-incomplete,164,16,15,1,611,25,15,11,0,1,0,1,0,1,0,596,22369620,14,5.343899999998847e-05,0.001614928000000071,0.0009035020000000005,0.003660056000000078,6847
generated-0207,generated,balanced,census,12,4,forced-complete,257,25,15,4,992,23,1,15,1,1,1,1,1,0,1,932,22369620,22369620,5.0123999999929225e-05,0.0024081160000000157,0.008545970999999986,0.012672358999999966,10725
generated-0208,generated,balanced,one-per-bucket,12,4,forced-incomplete,257,25,15,2,962,24,2,0,0,1,0,1,0,1,0,932,22369620,2,4.8833000000025883e-05,0.002843633000000012,0.000496386999999987,0.005105460999999978,10331
generated-0209,generated,balanced,class-exclusion,12,4,ambiguous,257,25,15,4,992,23,16,14,0,1,1,1,1,0,0,932,22369620,3139548,6.45350000000322e-05,0.0025415640000000517,0.008576595999999936,0.012964202000000036,11021
generated-0210,generated,balanced,empty,24,4,forced-incomplete,344,16,16,2,1348,49,1,0,0,0,0,0,0,1,0,1316,375299968947541,0,5.400099999997021e-05,0.0035515940000000468,0.0003485279999999591,0.006384500999999987,18140
generated-0211,generated,balanced,class-complete,24,4,ambiguous,545,25,15,4,2144,48,16,15,1,1,1,1,1,0,0,2084,375299968947540,15,9.831599999998719e-05,0.009493709000000017,0.0017871649999999795,0.017501479999999958,29251
generated-0212,generated,balanced,seeded-omission,24,4,forced-incomplete,545,25,15,2,2114,48,15,2,0,1,0,1,0,1,0,2084,375299968947540,14,9.811600000009246e-05,0.005636590000000052,0.0011677039999999916,0.010619460000000025,28903
generated-0213,generated,balanced,census,24,4,forced-complete,545,25,15,4,2144,48,1,15,1,1,1,1,1,0,1,2084,375299968947540,375299968947540,8.477600000000862e-05,0.005681206999999966,0.009169126999999944,0.018833246999999886,29481
generated-0214,generated,balanced,one-per-bucket,24,4,forced-incomplete,344,16,15,1,1331,49,2,0,0,1,0,1,0,1,0,1316,375299968947540,1,6.45460000001652e-05,0.0036407569999998834,0.000336198999999926,0.00640597300000012,18116
generated-0215,generated,balanced,class-exclusion,24,4,ambiguous,545,25,15,4,2144,48,4,5,0,1,1,1,1,0,1,2084,375299968947540,375299935393158,0.00011749399999994026,0.005643179999999859,0.009086083000000134,0.018519051000000175,29998
generated-0216,generated,balanced,empty,3,4,forced-incomplete,41,23,14,2,104,4,1,0,0,0,0,0,0,1,0,76,84,0,5.43400000001526e-05,0.00040138599999983704,0.000267247000000026,0.0009443319999999922,1667
generated-0217,generated,balanced,class-complete,3,4,ambiguous,41,23,15,5,151,3,15,15,1,1,1,1,1,0,1,76,85,15,0.00018675799999989806,0.00042299799999989673,0.0020432740000000393,0.003030460000000179,2215
generated-0218,generated,balanced,seeded-omission,3,4,forced-incomplete,29,15,14,1,74,4,14,8,0,1,0,1,0,1,0,60,84,13,3.808700000007548e-05,0.0003237709999999172,0.0009355790000000752,0.0014715450000000185,1485
generated-0219,generated,balanced,census,3,4,forced-complete,41,23,14,4,132,3,1,14,1,1,1,1,1,0,1,76,84,84,3.4751000000055043e-05,0.00033841200000006566,0.005494239000000123,0.006088090999999851,1892
generated-0220,generated,balanced,one-per-bucket,3,4,forced-incomplete,41,23,14,2,104,4,2,1,0,1,0,1,0,1,0,76,84,2,2.9773999999926914e-05,0.00042464099999994787,0.0005233669999999968,0.0012018949999998974,1765
generated-0221,generated,balanced,class-exclusion,3,4,ambiguous,41,23,14,4,132,3,3,11,0,1,1,1,1,0,1,76,84,78,0.00011321799999985949,0.00039109100000001007,0.005351316999999911,0.006089192999999993,2042
generated-0222,generated,balanced,empty,4,4,forced-incomplete,44,16,15,1,131,6,1,0,0,0,0,0,0,1,0,116,340,0,2.2562999999919953e-05,0.0003925830000000019,0.00022458300000005593,0.0010659430000001802,1766
generated-0223,generated,balanced,class-complete,4,4,ambiguous,65,25,15,4,224,5,16,15,1,1,1,1,1,0,0,164,340,15,0.00015743399999990082,0.0006143429999998506,0.002162525999999998,0.0033639199999999647,2841
generated-0224,generated,balanced,seeded-omission,4,4,forced-incomplete,65,25,16,3,212,5,1,0,0,0,0,0,0,1,0,164,341,15,9.733399999989345e-05,0.0005726200000000237,0.0015785240000001366,0.002685116999999959,2523
generated-0225,generated,balanced,census,4,4,forced-complete,65,25,15,4,224,5,1,15,1,1,1,1,1,0,1,164,340,340,3.9338000000110895e-05,0.0005955140000000192,0.008663354999999928,0.00969143200000011,2673
generated-0226,generated,balanced,one-per-bucket,4,4,forced-incomplete,44,16,15,1,131,6,2,0,0,1,0,1,0,1,0,116,340,1,3.004499999992305e-05,0.0004584709999999603,0.00031044100000010566,0.001078852000000019,1836
generated-0227,generated,balanced,class-exclusion,4,4,ambiguous,65,25,15,4,224,5,3,2,0,1,1,1,1,0,1,164,340,336,4.8803000000097185e-05,0.000597578000000043,0.008408275999999937,0.009425907000000011,2840
generated-0228,generated,balanced,empty,6,4,forced-incomplete,113,25,15,2,386,10,1,0,0,0,0,0,0,1,0,356,5460,0,2.5538000000047134e-05,0.0009981530000000571,0.0003143059999999309,0.002033951000000034,4033
generated-0229,generated,balanced,class-complete,6,4,ambiguous,113,25,15,4,416,10,16,15,1,1,1,1,1,0,0,356,5460,15,7.739499999992461e-05,0.0010758680000000354,0.0018675239999998983,0.0037765680000001467,4481
generated-0230,generated,balanced,seeded-omission,6,4,forced-incomplete,74,16,15,1,251,11,15,5,0,1,0,1,0,1,0,236,5460,14,9.478999999990023e-05,0.0008130680000000279,0.0010085179999999028,0.00238306899999996,2992
generated-0231,generated,balanced,census,6,4,forced-complete,113,25,16,5,436,10,1,16,1,1,1,1,1,0,1,356,5461,5461,4.66489999999542e-05,0.0010273560000000348,0.010203030999999863,0.011977066000000036,4474
generated-0232,generated,balanced,one-per-bucket,6,4,forced-incomplete,113,25,15,2,386,10,2,0,0,1,0,1,0,1,0,356,5460,2,3.897800000007834e-05,0.0010227890000000794,0.0004914289999999877,0.0022768109999999897,4135
generated-0233,generated,balanced,class-exclusion,6,4,ambiguous,113,25,15,4,416,10,9,8,0,1,1,1,1,0,1,356,5460,5346,5.713500000004146e-05,0.0010202849999998431,0.008696363999999956,0.010494715000000099,4584
generated-0234,generated,balanced,empty,8,4,forced-incomplete,104,16,15,1,371,16,1,0,0,0,0,0,0,1,0,356,87380,0,2.670000000004613e-05,0.0010112820000001133,0.00023931600000004494,0.001988251999999857,3919
generated-0235,generated,balanced,class-complete,8,4,ambiguous,161,25,15,4,608,15,16,15,1,1,1,1,1,0,0,548,87380,15,7.267799999999269e-05,0.0016755080000001588,0.0016663249999999685,0.004483738000000015,6337
generated-0236,generated,balanced,seeded-omission,8,4,forced-incomplete,161,25,15,2,578,15,15,11,0,1,0,1,0,1,0,548,87380,14,6.503699999993451e-05,0.0014779050000000016,0.0011583809999999861,0.0037563689999999816,6123
generated-0237,generated,balanced,census,8,4,forced-complete,161,25,15,4,608,15,1,15,1,1,1,1,1,0,1,548,87380,87380,4.790100000007236e-05,0.0014727770000000362,0.00874138999999996,0.011278126999999971,6255
generated-0238,generated,balanced,one-per-bucket,8,4,forced-incomplete,104,16,16,2,388,16,2,1,0,1,0,1,0,1,1,356,87381,2,4.3755000000089694e-05,0.0019928300000000565,0.0005096170000000733,0.0032608229999999683,4125
generated-0239,generated,balanced,class-exclusion,8,4,ambiguous,161,25,15,4,608,15,16,14,0,1,1,1,1,0,0,548,87380,36332,6.082099999993318e-05,0.0015083300000000577,0.008995167999999998,0.01160026599999986,6503
generated-0240,generated,balanced,empty,12,4,forced-incomplete,257,25,15,2,962,24,1,0,0,0,0,0,0,1,0,932,22369620,0,3.2447999999796195e-05,0.0024722509999999254,0.00031161199999996114,0.00476173099999988,10229
generated-0241,generated,balanced,class-complete,12,4,ambiguous,257,25,15,4,992,23,16,15,1,1,1,1,1,0,0,932,22369620,15,9.044400000002284e-05,0.002584868000000018,0.0017008960000000073,0.006209381000000125,10727
generated-0242,generated,balanced,seeded-omission,12,4,forced-incomplete,164,16,15,1,611,25,15,2,0,1,0,1,0,1,0,596,22369620,14,7.67339999998562e-05,0.0016056449999999334,0.0009832800000000308,0.0038387010000000554,6847
generated-0243,generated,balanced,census,12,4,forced-complete,257,25,15,4,992,23,1,15,1,1,1,1,1,0,1,932,22369620,22369620,5.1877999999838664e-05,0.0024542750000000613,0.008641292999999939,0.01283272599999985,10725
generated-0244,generated,balanced,one-per-bucket,12,4,forced-incomplete,257,25,15,2,962,24,3,0,0,1,0,1,0,1,0,932,22369620,2,5.147600000010577e-05,0.002473822999999875,0.0004914289999999877,0.004744285000000126,10339
generated-0245,generated,balanced,class-exclusion,12,4,ambiguous,257,25,16,5,1012,23,9,5,0,1,1,1,1,0,1,932,22369621,22361455,8.38739999999838e-05,0.0027592880000000264,0.01100165800000008,0.015697730999999937,11208
generated-0246,generated,balanced,empty,24,4,forced-incomplete,344,16,15,1,1331,49,1,0,0,0,0,0,0,1,0,1316,375299968947540,0,4.684999999993167e-05,0.003642539999999972,0.0002627600000000285,0.006399883999999911,18046
generated-0247,generated,balanced,class-complete,24,4,ambiguous,545,25,15,4,2144,48,16,15,1,1,1,1,1,0,0,2084,375299968947540,15,9.913700000008241e-05,0.005898779000000021,0.0017014659999998738,0.011827754000000024,29251
generated-0248,generated,balanced,seeded-omission,24,4,forced-incomplete,545,25,15,2,2114,48,15,8,0,1,0,1,0,1,0,2084,375299968947540,14,0.00011280799999990876,0.005775286999999851,0.0011730720000000527,0.01170227800000001,28903
generated-0249,generated,balanced,census,24,4,forced-complete,545,25,15,4,2144,48,1,15,1,1,1,1,1,0,1,2084,375299968947540,375299968947540,9.035400000012572e-05,0.005858208999999892,0.009074636000000025,0.01880849100000015,29481
generated-0250,generated,balanced,one-per-bucket,24,4,forced-incomplete,344,16,15,1,1331,49,2,0,0,1,0,1,0,1,0,1316,375299968947540,1,7.144599999997503e-05,0.0038513489999998374,0.0003666540000000218,0.00670518699999989,18116
generated-0251,generated,balanced,class-exclusion,24,4,ambiguous,545,25,15,4,2144,48,13,11,0,1,1,1,1,0,1,2084,375299968947540,374876425306038,8.728899999987938e-05,0.006047880999999977,0.009212830999999921,0.01905164199999998,30018
generated-0252,generated,balanced,empty,3,4,forced-incomplete,41,23,15,3,121,4,1,0,0,0,0,0,0,1,0,76,85,0,6.546799999984643e-05,0.00034933900000000406,0.00037595800000000956,0.0010268950000000832,1761
generated-0253,generated,balanced,class-complete,3,4,ambiguous,41,23,14,4,132,3,15,14,1,1,1,1,1,0,0,76,84,14,6.193199999993126e-05,0.0003556890000000479,0.0016173219999999766,0.0022573430000001338,2065
generated-0254,generated,balanced,seeded-omission,3,4,forced-incomplete,29,15,14,1,74,4,14,2,0,1,0,1,0,1,0,60,84,13,3.577300000001671e-05,0.0002886589999999689,0.0008922749999999979,0.0013840560000000224,1485
generated-0255,generated,balanced,census,3,4,forced-complete,41,23,14,4,132,3,1,14,1,1,1,1,1,0,1,76,84,84,3.3509000000098155e-05,0.0004885550000000016,0.0051191019999998755,0.005866592000000059,1892
generated-0256,generated,balanced,one-per-bucket,3,4,forced-incomplete,41,23,14,2,104,4,3,0,0,1,0,1,0,1,0,76,84,2,3.0495000000074768e-05,0.000334435999999938,0.00043730999999991305,0.0010218470000000757,1773
generated-0257,generated,balanced,class-exclusion,3,4,ambiguous,41,23,14,4,132,3,9,5,0,1,1,1,1,0,1,76,84,76,4.687899999988865e-05,0.00035363500000018533,0.005103759000000041,0.005752172,2051
generated-0258,generated,balanced,empty,4,4,forced-incomplete,44,16,15,1,131,6,1,0,0,0,0,0,0,1,0,116,340,0,1.9669000000055448e-05,0.00043892200000006376,0.0002228010000000502,0.0009687479999997972,1766
generated-0259,generated,balanced,class-complete,4,4,ambiguous,65,25,16,5,244,5,16,16,1,1,1,1,1,0,1,164,341,16,6.691000000014213e-05,0.0005822639999999435,0.0025037980000000015,0.0036164600000001546,2997
generated-0260,generated,balanced,seeded-omission,4,4,forced-incomplete,65,25,15,2,194,5,15,5,0,1,0,1,0,1,0,164,340,14,5.3328999999990856e-05,0.0005567369999999183,0.001206210999999957,0.002210612999999917,2673
generated-0261,generated,balanced,census,4,4,forced-complete,65,25,15,4,224,5,1,15,1,1,1,1,1,0,1,164,340,340,3.778600000003962e-05,0.0006328190000000067,0.008352614000000091,0.009392457999999992,2673
generated-0262,generated,balanced,one-per-bucket,4,4,forced-incomplete,44,16,15,1,131,6,2,0,0,1,0,1,0,1,0,116,340,1,2.665999999984514e-05,0.0004248810000000436,0.0003048130000000704,0.0010351570000000088,1836
generated-0263,generated,balanced,class-exclusion,4,4,ambiguous,65,25,15,4,224,5,4,8,0,1,1,1,1,0,1,164,340,318,4.686000000009294e-05,0.0006752629999999815,0.008349589000000046,0.009457975000000118,2840
generated-0264,generated,balanced,empty,6,4,forced-incomplete,113,25,15,2,386,10,1,0,0,0,0,0,0,1,0,356,5460,0,2.5467999999806423e-05,0.0009944459999999822,0.0002976519999999816,0.0020265200000000316,4033
generated-0265,generated,balanced,class-complete,6,4,ambiguous,113,25,15,4,416,10,16,15,1,1,1,1,1,0,0,356,5460,15,7.482100000011371e-05,0.0017319410000000701,0.002014981999999943,0.004546751999999987,4481
generated-0266,generated,balanced,seeded-omission,6,4,forced-incomplete,74,16,16,2,268,11,15,10,0,1,0,1,0,1,1,236,5461,15,7.002400000000186e-05,0.0006865699999998309,0.0012503770000000802,0.0024808539999998658,3131
generated-0267,generated,balanced,census,6,4,forced-complete,113,25,15,4,416,10,1,15,1,1,1,1,1,0,1,356,5460,5460,4.249300000003231e-05,0.0010006959999999676,0.008642073999999944,0.010369128000000005,4361
generated-0268,generated,balanced,one-per-bucket,6,4,forced-incomplete,113,25,15,2,386,10,3,0,0,1,0,1,0,1,0,356,5460,2,3.948899999994815e-05,0.0010123440000000539,0.0004736129999998173,0.0022648629999999503,4143
generated-0269,generated,balanced,class-exclusion,6,4,ambiguous,113,25,15,4,416,10,16,14,0,1,1,1,1,0,0,356,5460,3636,5.752599999997443e-05,0.0010151280000001428,0.00961632999999984,0.011385897999999894,4587
generated-0270,generated,balanced,empty,8,4,forced-incomplete,104,16,15,1,371,16,1,0,0,0,0,0,0,1,0,356,87380,0,2.9424000000055628e-05,0.0016994439999999944,0.00024931100000014084,0.0026736300000000934,3919
generated-0271,generated,balanced,class-complete,8,4,ambiguous,161,25,15,4,608,15,16,15,1,1,1,1,1,0,0,548,87380,15,8.060999999992546e-05,0.001581066999999825,0.001883467000000083,0.004600040999999999,6337
generated-0272,generated,balanced,seeded-omission,8,4,forced-incomplete,161,25,15,2,578,15,15,2,0,1,0,1,0,1,0,548,87380,14,7.579300000015721e-05,0.0014740890000000118,0.0011798830000000482,0.004197122999999969,6123
generated-0273,generated,balanced,census,8,4,forced-complete,161,25,16,5,628,15,1,16,1,1,1,1,1,0,1,548,87381,87381,6.316399999994893e-05,0.001575109000000019,0.011412968999999995,0.014169451999999971,6368
generated-0274,generated,balanced,one-per-bucket,8,4,forced-incomplete,104,16,15,1,371,16,2,0,0,1,0,1,0,1,0,356,87380,1,4.3205000000101634e-05,0.0011320409999999725,0.00032414100000011103,0.002224001999999947,3989
generated-0275,generated,balanced,class-exclusion,8,4,ambiguous,161,25,15,4,608,15,4,5,0,1,1,1,1,0,1,548,87380,86886,6.280399999991637e-05,0.0014905739999999668,0.009117729999999824,0.011783389000000088,6502
generated-0276,generated,balanced,empty,12,4,forced-incomplete,257,25,15,2,962,24,1,0,0,0,0,0,0,1,0,932,22369620,0,4.920399999996938e-05,0.002662294000000065,0.0003132949999999912,0.005094165000000039,10229
generated-0277,generated,balanced,class-complete,12,4,ambiguous,257,25,15,4,992,23,16,15,1,1,1,1,1,0,0,932,22369620,15,9.293800000009789e-05,0.0027455870000001603,0.0017865630000000188,0.006394064999999838,10727
generated-0278,generated,balanced,seeded-omission,12,4,forced-incomplete,164,16,15,1,611,25,15,8,0,1,0,1,0,1,0,596,22369620,14,5.899700000000507e-05,0.0015960600000000102,0.00098118700000005,0.0037882350000000287,6847
generated-0279,generated,balanced,census,12,4,forced-complete,257,25,15,4,992,23,1,15,1,1,1,1,1,0,1,932,22369620,22369620,5.331900000005163e-05,0.002547832999999944,0.009293430999999908,0.013576981000000155,10725
generated-0280,generated,balanced,one-per-bucket,12,4,forced-incomplete,257,25,16,3,980,24,2,1,0,1,0,1,0,1,1,932,22369621,3,5.950800000009693e-05,0.0024332540000000513,0.0007745999999999587,0.00510382900000006,10473
generated-0281,generated,balanced,class-exclusion,12,4,ambiguous,257,25,15,4,992,23,13,11,0,1,1,1,1,0,1,932,22369620,21596994,7.778599999985758e-05,0.0025728699999998383,0.008874497999999953,0.01336519699999994,11062
generated-0282,generated,balanced,empty,24,4,forced-incomplete,344,16,15,1,1331,49,1,0,0,0,0,0,0,1,0,1316,375299968947540,0,4.421499999995859e-05,0.0037935940000000112,0.00026607500000008777,0.00656061199999991,18046
generated-0283,generated,balanced,class-complete,24,4,ambiguous,545,25,15,4,2144,48,16,15,1,1,1,1,1,0,0,2084,375299968947540,15,9.130599999984668e-05,0.005619625000000017,0.0017049710000001106,0.011329593999999998,29251
generated-0284,generated,balanced,seeded-omission,24,4,forced-incomplete,545,25,15,2,2114,48,15,14,0,1,0,1,0,1,0,2084,375299968947540,14,0.00010534699999986685,0.005798511000000062,0.0011568079999999537,0.010814689999999905,28903
generated-0285,generated,balanced,census,24,4,forced-complete,545,25,15,4,2144,48,1,15,1,1,1,1,1,0,1,2084,375299968947540,375299968947540,9.119599999984906e-05,0.005520117999999963,0.00917289099999996,0.018470458999999995,29481
generated-0286,generated,balanced,one-per-bucket,24,4,forced-incomplete,344,16,15,1,1331,49,2,0,0,1,0,1,0,1,0,1316,375299968947540,1,7.100499999990184e-05,0.0040447169999999755,0.0003537349999997996,0.006943491000000135,18116
generated-0287,generated,balanced,class-exclusion,24,4,ambiguous,545,25,16,5,2164,48,16,15,0,1,1,1,1,0,1,2084,375299968947541,1694375892397,9.853699999995413e-05,0.005712484000000018,0.010453382999999983,0.02020114800000017,30067
generated-0288,generated,balanced,empty,3,4,forced-incomplete,41,23,14,2,104,4,1,0,0,0,0,0,0,1,0,76,84,0,7.954799999998485e-05,0.0003775500000000598,0.0002656640000000543,0.000980205999999928,1667
generated-0289,generated,balanced,class-complete,3,4,ambiguous,41,23,14,4,132,3,15,14,1,1,1,1,1,0,0,76,84,14,6.093099999993079e-05,0.0003786420000000401,0.00162195800000009,0.002288498999999833,2065
generated-0290,generated,balanced,seeded-omission,3,4,forced-incomplete,29,15,14,1,74,4,14,10,0,1,0,1,0,1,0,60,84,13,3.637400000000568e-05,0.00026581499999989155,0.0009286790000000433,0.0013981159999998383,1485
generated-0291,generated,balanced,census,3,4,forced-complete,41,23,14,4,132,3,1,14,1,1,1,1,1,0,1,76,84,84,3.41010000000086e-05,0.00035183199999999637,0.005232560000000053,0.005833022000000021,1892
generated-0292,generated,balanced,one-per-bucket,3,4,forced-incomplete,41,23,14,2,104,4,3,0,0,1,0,1,0,1,0,76,84,2,3.0755999999909633e-05,0.00036862799999992646,0.0004058030000000379,0.0010300500000000046,1773
generated-0293,generated,balanced,class-exclusion,3,4,ambiguous,41,23,14,4,132,3,3,13,0,1,1,1,1,0,1,76,84,78,5.105599999999377e-05,0.000345904000000008,0.00515136000000016,0.005773113000000052,2042
generated-0294,generated,balanced,empty,4,4,forced-incomplete,44,16,16,2,148,6,1,0,0,0,0,0,0,1,0,116,341,0,3.039500000001638e-05,0.0004023969999999988,0.0006553729999998481,0.002406383999999928,1860
generated-0295,generated,balanced,class-complete,4,4,ambiguous,65,25,15,4,224,5,16,15,1,1,1,1,1,0,0,164,340,15,7.325900000010321e-05,0.0008825400000000982,0.0024042499999998856,0.0037820769999998838,2841
generated-0296,generated,balanced,seeded-omission,4,4,forced-incomplete,65,25,15,2,194,5,15,11,0,1,0,1,0,1,0,164,340,14,6.568699999998096e-05,0.0005560560000001935,0.0012695350000000438,0.003252360000000065,2673
generated-0297,generated,balanced,census,4,4,forced-complete,65,25,15,4,224,5,1,15,1,1,1,1,1,0,1,164,340,340,4.008999999993712e-05,0.0005672230000000056,0.008484959999999875,0.009465506000000179,2673
generated-0298,generated,balanced,one-per-bucket,4,4,forced-incomplete,44,16,15,1,131,6,2,0,0,1,0,1,0,1,0,116,340,1,3.5293000000047314e-05,0.0004020570000000667,0.0003348279999999537,0.001152481000000094,1836
generated-0299,generated,balanced,class-exclusion,4,4,ambiguous,65,25,15,4,224,5,2,14,0,1,1,1,1,0,1,164,340,316,5.4320000000052104e-05,0.0005845380000000233,0.008742171999999826,0.009752633000000177,2836
generated-0300,generated,balanced,empty,6,4,forced-incomplete,113,25,15,2,386,10,1,0,0,0,0,0,0,1,0,356,5460,0,2.5699000000045658e-05,0.0010647209999998797,0.00032541300000010764,0.002122642000000008,4033
generated-0301,generated,balanced,class-complete,6,4,ambiguous,113,25,16,5,436,10,16,16,1,1,1,1,1,0,1,356,5461,16,8.492599999998518e-05,0.0010424579999999128,0.0023024990000000134,0.004182901999999933,4637
generated-0302,generated,balanced,seeded-omission,6,4,forced-incomplete,74,16,15,1,251,11,15,2,0,1,0,1,0,1,0,236,5460,14,4.672999999999483e-05,0.0007031040000000655,0.0010240809999999545,0.0022673170000000464,2992
generated-0303,generated,balanced,census,6,4,forced-complete,113,25,15,4,416,10,1,15,1,1,1,1,1,0,1,356,5460,5460,4.191300000000453e-05,0.0010107710000000214,0.008823683999999998,0.010588284000000003,4361
generated-0304,generated,balanced,one-per-bucket,6,4,forced-incomplete,113,25,15,2,386,10,3,0,0,1,0,1,0,1,0,356,5460,2,4.281300000008592e-05,0.0010804540000000085,0.0005457209999999435,0.0024614549999999458,4143
generated-0305,generated,balanced,class-exclusion,6,4,ambiguous,113,25,15,4,416,10,9,5,0,1,1,1,1,0,1,356,5460,5346,5.964800000013426e-05,0.0010986920000000122,0.008938203000000033,0.010818916999999928,4584
generated-0306,generated,balanced,empty,8,4,forced-incomplete,104,16,15,1,371,16,1,0,0,0,0,0,0,1,0,356,87380,0,2.822199999985564e-05,0.0009665549999999801,0.0002387949999997918,0.0019443269999999124,3919
generated-0307,generated,balanced,class-complete,8,4,ambiguous,161,25,15,4,608,15,16,15,1,1,1,1,1,0,0,548,87380,15,7.842700000004754e-05,0.0015096809999999294,0.0017709000000001307,0.004400453999999998,6337
generated-0308,generated,balanced,seeded-omission,8,4,forced-incomplete,161,25,16,3,596,15,15,4,0,1,0,1,0,1,1,548,87381,15,8.091099999996132e-05,0.0014876790000000195,0.0013477509999999526,0.003955032999999997,6268
generated-0309,generated,balanced,census,8,4,forced-complete,161,25,15,4,608,15,1,15,1,1,1,1,1,0,1,548,87380,87380,4.8792999999935915e-05,0.0014783759999998924,0.008682603999999872,0.011238189000000176,6255
generated-0310,generated,balanced,one-per-bucket,8,4,forced-incomplete,104,16,15,1,371,16,2,0,0,1,0,1,0,1,0,356,87380,1,3.8787000000040095e-05,0.0009949870000001138,0.00034864700000003523,0.0020533690000001936,3989
generated-0311,generated,balanced,class-exclusion,8,4,ambiguous,161,25,15,4,608,15,13,11,0,1,1,1,1,0,1,548,87380,79046,5.6193000000037685e-05,0.0016671249999999915,0.009827563999999844,0.01259712699999982,6522
generated-0312,generated,balanced,empty,12,4,forced-incomplete,257,25,15,2,962,24,1,0,0,0,0,0,0,1,0,932,22369620,0,3.189699999994744e-05,0.0024058829999999976,0.0003196640000000528,0.004728110999999924,10229
generated-0313,generated,balanced,class-complete,12,4,ambiguous,257,25,15,4,992,23,16,15,1,1,1,1,1,0,0,932,22369620,15,8.836099999998126e-05,0.0024483559999999294,0.001632104000000023,0.005878580000000078,10727
generated-0314,generated,balanced,seeded-omission,12,4,forced-incomplete,164,16,15,1,611,25,15,14,0,1,0,1,0,1,0,596,22369620,14,5.4911999999962546e-05,0.0016975509999999083,0.0009261949999999075,0.003749978999999959,6847
generated-0315,generated,balanced,census,12,4,forced-complete,257,25,16,5,1012,23,1,16,1,1,1,1,1,0,1,932,22369621,22369621,5.7726000000091204e-05,0.002405773,0.009588758999999891,0.013797729999999842,10838
generated-0316,generated,balanced,one-per-bucket,12,4,forced-incomplete,257,25,15,2,962,24,3,0,0,1,0,1,0,1,0,932,22369620,2,5.170700000012296e-05,0.0026527789999999385,0.000504929999999959,0.004925945000000098,10339
generated-0317,generated,balanced,class-exclusion,12,4,ambiguous,257,25,15,4,992,23,3,2,0,1,1,1,1,0,1,932,22369620,22369608,6.928299999997556e-05,0.0025220749999999015,0.008426832999999911,0.012715643000000165,11040
generated-0318,generated,balanced,empty,24,4,forced-incomplete,344,16,15,1,1331,49,1,0,0,0,0,0,0,1,0,1316,375299968947540,0,4.77510000000958e-05,0.0035143890000000066,0.00024522399999993283,0.0062010489999999585,18046
generated-0319,generated,balanced,class-complete,24,4,ambiguous,545,25,15,4,2144,48,16,15,1,1,1,1,1,0,0,2084,375299968947540,15,0.00011399000000000825,0.007829686999999863,0.0017878350000000154,0.013742027000000157,29251
generated-0320,generated,balanced,seeded-omission,24,4,forced-incomplete,545,25,15,2,2114,48,15,5,0,1,0,1,0,1,0,2084,375299968947540,14,0.00013878599999994634,0.006755376999999951,0.0015120559999999283,0.012735266999999828,28903
generated-0321,generated,balanced,census,24,4,forced-complete,545,25,15,4,2144,48,1,15,1,1,1,1,1,0,1,2084,375299968947540,375299968947540,0.00012799999999990597,0.006504278999999835,0.00939141599999993,0.019999138999999833,29481
generated-0322,generated,balanced,one-per-bucket,24,4,forced-incomplete,344,16,16,2,1348,49,2,1,0,1,0,1,0,1,1,1316,375299968947541,2,0.00012551700000007493,0.004052778000000146,0.0005943930000000819,0.0074257579999998935,18252
generated-0323,generated,balanced,class-exclusion,24,4,ambiguous,545,25,15,4,2144,48,9,8,0,1,1,1,1,0,1,2084,375299968947540,375299935393158,0.00010235199999986122,0.0064343449999999525,0.00999144800000007,0.02101441600000009,30008
generated-0324,generated,balanced,empty,3,4,forced-incomplete,41,23,14,2,104,4,1,0,0,0,0,0,0,1,0,76,84,0,7.818600000009113e-05,0.0003809660000000381,0.00026565499999997577,0.0009641719999999854,1667
generated-0325,generated,balanced,class-complete,3,4,ambiguous,41,23,14,4,132,3,15,14,1,1,1,1,1,0,0,76,84,14,7.01239999998382e-05,0.0004307889999999315,0.0017500679999999935,0.002579520999999918,2065
generated-0326,generated,balanced,seeded-omission,3,4,forced-incomplete,29,15,14,1,74,4,14,4,0,1,0,1,0,1,0,60,84,13,3.816599999995063e-05,0.00026807800000017146,0.0012019949999999557,0.0016871649999998795,1485
generated-0327,generated,balanced,census,3,4,forced-complete,41,23,14,4,132,3,1,14,1,1,1,1,1,0,1,76,84,84,3.94690000000697e-05,0.0003451429999998812,0.005185580000000023,0.00586114400000004,1892
generated-0328,generated,balanced,one-per-bucket,3,4,forced-incomplete,41,23,14,2,104,4,3,0,0,1,0,1,0,1,0,76,84,2,3.057500000003266e-05,0.0003375510000001025,0.0004229780000000183,0.001017140000000083,1773
generated-0329,generated,balanced,class-exclusion,3,4,ambiguous,41,23,15,5,151,3,3,14,0,1,1,1,1,0,1,76,85,79,5.810600000000221e-05,0.00036325900000000466,0.006591027999999888,0.007248554000000018,2191
generated-0330,generated,balanced,empty,4,4,forced-incomplete,44,16,15,1,131,6,1,0,0,0,0,0,0,1,0,116,340,0,2.1402000000003696e-05,0.0007554920000001353,0.00023518899999985798,0.0012844279999999486,1766
generated-0331,generated,balanced,class-complete,4,4,ambiguous,65,25,15,4,224,5,16,15,1,1,1,1,1,0,0,164,340,15,7.454100000003905e-05,0.0005720090000000955,0.0021626219999999474,0.003238058999999849,2841
generated-0332,generated,balanced,seeded-omission,4,4,forced-incomplete,65,25,15,2,194,5,15,2,0,1,0,1,0,1,0,164,340,14,5.977899999987102e-05,0.0005670820000001076,0.0012417540000000393,0.002245934999999921,2673
generated-0333,generated,balanced,census,4,4,forced-complete,65,25,15,4,224,5,1,15,1,1,1,1,1,0,1,164,340,340,4.219299999985715e-05,0.0008883090000000315,0.009182365999999886,0.010501864999999944,2673
generated-0334,generated,balanced,one-per-bucket,4,4,forced-incomplete,44,16,15,1,131,6,2,0,0,1,0,1,0,1,0,116,340,1,3.321899999986222e-05,0.00043458500000004285,0.0003130849999999352,0.0010579820000000684,1836
generated-0335,generated,balanced,class-exclusion,4,4,ambiguous,65,25,15,4,224,5,9,5,0,1,1,1,1,0,1,164,340,318,5.718499999995963e-05,0.0005624149999998718,0.009033354000000049,0.010311833000000048,2848
generated-0336,generated,balanced,empty,6,4,forced-incomplete,113,25,16,3,404,10,1,0,0,0,0,0,0,1,0,356,5461,0,2.898299999998244e-05,0.001015167000000039,0.0004279250000001067,0.0021834219999998794,4131
generated-0337,generated,balanced,class-complete,6,4,ambiguous,113,25,15,4,416,10,16,15,1,1,1,1,1,0,0,356,5460,15,8.22919999998728e-05,0.001027445999999932,0.001843256999999987,0.003700935999999988,4481
generated-0338,generated,balanced,seeded-omission,6,4,forced-incomplete,74,16,15,1,251,11,15,8,0,1,0,1,0,1,0,236,5460,14,5.287799999997844e-05,0.0006920479999998896,0.0009517439999999766,0.0023264739999999673,2992
generated-0339,generated,balanced,census,6,4,forced-complete,113,25,15,4,416,10,1,15,1,1,1,1,1,0,1,356,5460,5460,4.324399999999784e-05,0.0010078970000000353,0.009173502999999972,0.010918924999999913,4361
generated-0340,generated,balanced,one-per-bucket,6,4,forced-incomplete,113,25,15,2,386,10,2,0,0,1,0,1,0,1,0,356,5460,2,4.448599999995473e-05,0.001023750000000101,0.0005430060000000125,0.0025366270000000135,4135
generated-0341,generated,balanced,class-exclusion,6,4,ambiguous,113,25,15,4,416,10,13,11,0,1,1,1,1,0,1,356,5460,4728,6.329400000004703e-05,0.00108189599999986,0.009714486000000022,0.011854263999999892,4590
generated-0342,generated,balanced,empty,8,4,forced-incomplete,104,16,15,1,371,16,1,0,0,0,0,0,0,1,0,356,87380,0,3.0314999999836445e-05,0.0010831980000001185,0.00024310100000013435,0.0021303529999998627,3919
generated-0343,generated,balanced,class-complete,8,4,ambiguous,161,25,16,5,628,15,16,16,1,1,1,1,1,0,1,548,87381,16,9.489099999981931e-05,0.0019481830000001032,0.002150544000000032,0.005356023999999904,6493
generated-0344,generated,balanced,seeded-omission,8,4,forced-incomplete,161,25,15,2,578,15,15,14,0,1,0,1,0,1,0,548,87380,14,7.906800000001546e-05,0.0014627219999998609,0.0011955850000000545,0.0038293759999998844,6123
generated-0345,generated,balanced,census,8,4,forced-complete,161,25,15,4,608,15,1,15,1,1,1,1,1,0,1,548,87380,87380,5.6463999999811776e-05,0.001581719000000037,0.010474354999999935,0.01317588599999997,6255
generated-0346,generated,balanced,one-per-bucket,8,4,forced-incomplete,104,16,15,1,371,16,2,0,0,1,0,1,0,1,0,356,87380,1,4.500699999998581e-05,0.0010739450000001316,0.00037385599999995023,0.0022269160000001342,3989
generated-0347,generated,balanced,class-exclusion,8,4,ambiguous,161,25,15,4,608,15,3,2,0,1,1,1,1,0,1,548,87380,87372,6.284300000003462e-05,0.0017733130000001651,0.009912931000000125,0.012796362000000006,6500
generated-0348,generated,balanced,empty,12,4,forced-incomplete,257,25,15,2,962,24,1,0,0,0,0,0,0,1,0,932,22369620,0,3.3820000000073236e-05,0.0028809880000000287,0.0003778009999999554,0.005341231999999918,10229
generated-0349,generated,balanced,class-complete,12,4,ambiguous,257,25,15,4,992,23,16,15,1,1,1,1,1,0,0,932,22369620,15,9.407000000005716e-05,0.0029199870000000683,0.0018685650000000997,0.006685538000000157,10727
generated-0350,generated,balanced,seeded-omission,12,4,forced-incomplete,164,16,16,2,628,25,15,14,0,1,0,1,0,1,1,596,22369621,15,6.800100000003972e-05,0.0017676249999998284,0.001120043000000015,0.004111205999999923,6986
generated-0351,generated,balanced,census,12,4,forced-complete,257,25,15,4,992,23,1,15,1,1,1,1,1,0,1,932,22369620,22369620,5.212700000001291e-05,0.0023933140000000908,0.008762062000000181,0.012896540999999928,10725
generated-0352,generated,balanced,one-per-bucket,12,4,forced-incomplete,257,25,15,2,962,24,3,0,0,1,0,1,0,1,0,932,22369620,2,5.865699999985097e-05,0.002937471999999941,0.0005512589999998596,0.005269736000000025,10339
generated-0353,generated,balanced,class-exclusion,12,4,ambiguous,257,25,15,4,992,23,9,8,0,1,1,1,1,0,1,932,22369620,22361454,7.150600000005447e-05,0.002509215999999981,0.009644152000000128,0.013901664000000036,11052
generated-0354,generated,balanced,empty,24,4,forced-incomplete,344,16,15,1,1331,49,1,0,0,0,0,0,0,1,0,1316,375299968947540,0,4.4095000000021756e-05,0.0037818460000000886,0.00025571000000024213,0.006743423000000082,18046
generated-0355,generated,balanced,class-complete,24,4,ambiguous,545,25,15,4,2144,48,16,15,1,1,1,1,1,0,0,2084,375299968947540,15,9.879699999970626e-05,0.005728736999999651,0.0021380749999999615,0.012321818000000206,29251
generated-0356,generated,balanced,seeded-omission,24,4,forced-incomplete,545,25,15,2,2114,48,15,11,0,1,0,1,0,1,0,2084,375299968947540,14,0.00013186600000025805,0.006010404999999608,0.0013346919999999152,0.011448660999999749,28903
generated-0357,generated,balanced,census,24,4,forced-complete,545,25,16,5,2164,48,1,16,1,1,1,1,1,0,1,2084,375299968947541,375299968947541,0.00012015800000009236,0.0058390909999999074,0.01019290599999989,0.02003613400000015,29594
generated-0358,generated,balanced,one-per-bucket,24,4,forced-incomplete,344,16,15,1,1331,49,2,0,0,1,0,1,0,1,0,1316,375299968947540,1,8.639800000009856e-05,0.0036787229999997173,0.0003421580000000368,0.006573091000000364,18116
generated-0359,generated,balanced,class-exclusion,24,4,ambiguous,545,25,15,4,2144,48,16,14,0,1,1,1,1,0,0,2084,375299968947540,1694375892396,9.601199999975663e-05,0.005674837000000377,0.008820779000000112,0.01846856600000013,29911
generated-0360,generated,balanced,empty,3,4,forced-incomplete,41,23,14,2,104,4,1,0,0,0,0,0,0,1,0,76,84,0,6.575700000022167e-05,0.0003357589999999355,0.00029816300000007345,0.0009278379999999586,1667
generated-0361,generated,balanced,class-complete,3,4,ambiguous,41,23,14,4,132,3,15,14,1,1,1,1,1,0,0,76,84,14,6.240299999982213e-05,0.0003737350000001527,0.0017162480000001423,0.002379332999999928,2065
generated-0362,generated,balanced,seeded-omission,3,4,forced-incomplete,29,15,14,1,74,4,14,12,0,1,0,1,0,1,0,60,84,13,3.8528000000148666e-05,0.0002683889999999245,0.0009319740000002241,0.001442222000000104,1485
generated-0363,generated,balanced,census,3,4,forced-complete,41,23,14,4,132,3,1,14,1,1,1,1,1,0,1,76,84,84,3.462099999973489e-05,0.0003524239999999068,0.005094955999999762,0.0056992430000000205,1892
generated-0364,generated,balanced,one-per-bucket,3,4,forced-incomplete,41,23,15,3,121,4,3,1,0,1,0,1,0,1,1,76,85,3,3.5073000000274135e-05,0.0003486179999998562,0.0006195099999999343,0.001229936000000098,1909
generated-0365,generated,balanced,class-exclusion,3,4,ambiguous,41,23,14,4,132,3,3,1,0,1,1,1,1,0,1,76,84,81,4.76409999996541e-05,0.0004672340000002606,0.005081967000000187,0.005843327000000009,2039
generated-0366,generated,balanced,empty,4,4,forced-incomplete,44,16,15,1,131,6,1,0,0,0,0,0,0,1,0,116,340,0,1.9398000000059312e-05,0.0003815569999998658,0.00024229899999994586,0.0009013489999998292,1766
generated-0367,generated,balanced,class-complete,4,4,ambiguous,65,25,15,4,224,5,16,15,1,1,1,1,1,0,0,164,340,15,6.799100000032254e-05,0.0006130199999998531,0.002007120000000029,0.0033021939999997585,2841
generated-0368,generated,balanced,seeded-omission,4,4,forced-incomplete,65,25,15,2,194,5,15,8,0,1,0,1,0,1,0,164,340,14,6.020900000036633e-05,0.0005579789999998752,0.0012108279999996086,0.002225034999999931,2673
generated-0369,generated,balanced,census,4,4,forced-complete,65,25,15,4,224,5,1,15,1,1,1,1,1,0,1,164,340,340,4.011900000033819e-05,0.0005553549999999241,0.00841126999999986,0.009374121000000013,2673
generated-0370,generated,balanced,one-per-bucket,4,4,forced-incomplete,44,16,15,1,131,6,2,0,0,1,0,1,0,1,0,116,340,1,4.351500000021602e-05,0.00040046499999979446,0.00031336499999978784,0.0010311210000000237,1836
generated-0371,generated,balanced,class-exclusion,4,4,ambiguous,65,25,16,5,244,5,3,3,0,1,1,1,1,0,1,164,341,337,5.36700000002277e-05,0.0005604730000001723,0.009783980000000359,0.010814229000000175,2995
generated-0372,generated,balanced,empty,6,4,forced-incomplete,113,25,15,2,386,10,1,0,0,0,0,0,0,1,0,356,5460,0,2.817199999993747e-05,0.0011858110000000366,0.0003290789999996768,0.0023539849999996143,4033
generated-0373,generated,balanced,class-complete,6,4,ambiguous,113,25,15,4,416,10,16,15,1,1,1,1,1,0,0,356,5460,15,8.292299999990149e-05,0.0010454920000002588,0.00182887499999973,0.003701457000000019,4481
generated-0374,generated,balanced,seeded-omission,6,4,forced-incomplete,74,16,15,1,251,11,15,14,0,1,0,1,0,1,0,236,5460,14,4.7810999999953196e-05,0.0006941000000000308,0.0010540350000001197,0.002293426000000043,2992
generated-0375,generated,balanced,census,6,4,forced-complete,113,25,15,4,416,10,1,15,1,1,1,1,1,0,1,356,5460,5460,4.4736999999628324e-05,0.0012837260000000406,0.009288522999999937,0.011305898999999897,4361
generated-0376,generated,balanced,one-per-bucket,6,4,forced-incomplete,113,25,15,2,386,10,3,0,0,1,0,1,0,1,0,356,5460,2,4.156100000018981e-05,0.0010101599999998712,0.0004728819999999523,0.0022595960000000304,4143
generated-0377,generated,balanced,class-exclusion,6,4,ambiguous,113,25,15,4,416,10,3,2,0,1,1,1,1,0,1,356,5460,5454,5.9949000000170116e-05,0.0010332540000002055,0.008741450999999678,0.010542855999999823,4572
generated-0378,generated,balanced,empty,8,4,forced-incomplete,104,16,16,2,388,16,1,0,0,0,0,0,0,1,0,356,87381,0,3.0184999999960382e-05,0.0009736959999999684,0.00034314000000001954,0.0020492930000002296,4013
generated-0379,generated,balanced,class-complete,8,4,ambiguous,161,25,15,4,608,15,16,15,1,1,1,1,1,0,0,548,87380,15,7.873699999993988e-05,0.0014928470000001859,0.0017845200000001782,0.004401545999999978,6337
generated-0380,generated,balanced,seeded-omission,8,4,forced-incomplete,161,25,15,2,578,15,15,5,0,1,0,1,0,1,0,548,87380,14,6.729999999999237e-05,0.0014848050000000335,0.001140302999999676,0.0037590330000001337,6123
generated-0381,generated,balanced,census,8,4,forced-complete,161,25,15,4,608,15,1,15,1,1,1,1,1,0,1,548,87380,87380,6.955299999988895e-05,0.001455090999999964,0.008691255999999647,0.011273331000000386,6255
generated-0382,generated,balanced,one-per-bucket,8,4,forced-incomplete,104,16,15,1,371,16,2,0,0,1,0,1,0,1,0,356,87380,1,3.684500000034063e-05,0.001387840000000029,0.00040190700000009016,0.0025149149999998954,3989
generated-0383,generated,balanced,class-exclusion,8,4,ambiguous,161,25,15,4,608,15,4,8,0,1,1,1,1,0,1,548,87380,86886,6.128099999980208e-05,0.0015656850000000944,0.009333180000000052,0.012208479000000327,6502
generated-0384,generated,balanced,empty,12,4,forced-incomplete,257,25,15,2,962,24,1,0,0,0,0,0,0,1,0,932,22369620,0,3.310899999986461e-05,0.00243220200000005,0.0003227290000000771,0.004813739000000261,10229
generated-0385,generated,balanced,class-complete,12,4,ambiguous,257,25,16,5,1012,23,16,16,1,1,1,1,1,0,1,932,22369621,16,9.531200000001405e-05,0.0027259979999998407,0.0021223209999998716,0.006688543000000102,10883
generated-0386,generated,balanced,seeded-omission,12,4,forced-incomplete,164,16,15,1,611,25,15,11,0,1,0,1,0,1,0,596,22369620,14,5.9788999999810244e-05,0.0015958999999998724,0.0009013089999996282,0.0036442910000000772,6847
generated-0387,generated,balanced,census,12,4,forced-complete,257,25,15,4,992,23,1,15,1,1,1,1,1,0,1,932,22369620,22369620,0.00010616699999976831,0.0027757620000001815,0.00907428500000007,0.013768396000000127,10725
generated-0388,generated,balanced,one-per-bucket,12,4,forced-incomplete,257,25,15,2,962,24,3,0,0,1,0,1,0,1,0,932,22369620,2,6.155099999993752e-05,0.002532921999999882,0.0004907389999999623,0.004842790999999735,10339
generated-0389,generated,balanced,class-exclusion,12,4,ambiguous,257,25,15,4,992,23,16,14,0,1,1,1,1,0,0,932,22369620,3139548,8.234200000023506e-05,0.0024684760000002193,0.008416698,0.012754370000000126,11021
generated-0390,generated,balanced,empty,24,4,forced-incomplete,344,16,15,1,1331,49,1,0,0,0,0,0,0,1,0,1316,375299968947540,0,4.440499999969205e-05,0.003629750999999626,0.00024687599999984045,0.006340987000000187,18046
generated-0391,generated,balanced,class-complete,24,4,ambiguous,545,25,15,4,2144,48,16,15,1,1,1,1,1,0,0,2084,375299968947540,15,9.249800000032948e-05,0.005748666000000124,0.001729377999999837,0.011518946000000252,29251
generated-0392,generated,balanced,seeded-omission,24,4,forced-incomplete,545,25,16,3,2132,48,15,8,0,1,0,1,0,1,1,2084,375299968947541,15,0.00019115399999991567,0.005546265999999633,0.0013921470000002323,0.010968499000000076,29048
generated-0393,generated,balanced,census,24,4,forced-complete,545,25,15,4,2144,48,1,15,1,1,1,1,1,0,1,2084,375299968947540,375299968947540,0.00019248599999999172,0.005916695999999888,0.009439718999999958,0.02572788699999995,29481
generated-0394,generated,balanced,one-per-bucket,24,4,forced-incomplete,344,16,15,1,1331,49,2,0,0,1,0,1,0,1,0,1316,375299968947540,1,0.0001322660000000475,0.003603741999999688,0.000353805999999679,0.0066992790000002245,18116
generated-0395,generated,balanced,class-exclusion,24,4,ambiguous,545,25,15,4,2144,48,9,5,0,1,1,1,1,0,1,2084,375299968947540,375299935393158,9.402000000013899e-05,0.006447002999999896,0.010278512999999823,0.020686189000000077,30008
generated-0396,generated,balanced,empty,3,4,forced-incomplete,41,23,14,2,104,4,1,0,0,0,0,0,0,1,0,76,84,0,0.00011255700000001312,0.0003448119999998056,0.00026353199999995525,0.0009683579999997249,1667
generated-0397,generated,balanced,class-complete,3,4,ambiguous,41,23,14,4,132,3,15,14,1,1,1,1,1,0,0,76,84,14,6.201200000033324e-05,0.00035347499999982546,0.0017553470000000182,0.002414985999999786,2065
generated-0398,generated,balanced,seeded-omission,3,4,forced-incomplete,29,15,14,1,74,4,14,6,0,1,0,1,0,1,0,60,84,13,3.866700000010326e-05,0.0002714229999996043,0.0009481779999997997,0.0014941290000001217,1485
generated-0399,generated,balanced,census,3,4,forced-complete,41,23,15,5,151,3,1,15,1,1,1,1,1,0,1,76,85,85,4.0921000000082586e-05,0.00042026400000017006,0.005917306999999816,0.006614562999999851,2001
generated-0400,generated,balanced,one-per-bucket,3,4,forced-incomplete,41,23,14,2,104,4,2,0,0,1,0,1,0,1,0,76,84,2,4.420500000001937e-05,0.000408987999999999,0.0004590120000000919,0.0011828670000000319,1765
generated-0401,generated,balanced,class-exclusion,3,4,ambiguous,41,23,14,4,132,3,9,9,0,1,1,1,1,0,1,76,84,76,5.379000000005352e-05,0.0003929739999999349,0.004772787000000056,0.005464995999999944,2051
generated-0402,generated,balanced,empty,4,4,forced-incomplete,44,16,15,1,131,6,1,0,0,0,0,0,0,1,0,116,340,0,2.0599999999926233e-05,0.0003943849999999971,0.000230523000000038,0.0009121849999998988,1766
generated-0403,generated,balanced,class-complete,4,4,ambiguous,65,25,15,4,224,5,16,15,1,1,1,1,1,0,0,164,340,15,6.95330000000105e-05,0.0006008220000000009,0.002513512000000051,0.0036930240000000447,2841
generated-0404,generated,balanced,seeded-omission,4,4,forced-incomplete,65,25,15,2,194,5,15,14,0,1,0,1,0,1,0,164,340,14,5.9679000000034677e-05,0.0007512259999999937,0.0013177970000000094,0.002543477000000016,2673
generated-0405,generated,balanced,census,4,4,forced-complete,65,25,15,4,224,5,1,15,1,1,1,1,1,0,1,164,340,340,4.2672999999937566e-05,0.0005514479999999544,0.008661472000000003,0.009835425000000009,2673
generated-0406,generated,balanced,one-per-bucket,4,4,forced-incomplete,44,16,16,2,148,6,2,1,0,1,0,1,0,1,1,116,341,2,8.119099999992496e-05,0.00041485599999990797,0.0004919110000000115,0.0012676929999999587,1972
generated-0407,generated,balanced,class-exclusion,4,4,ambiguous,65,25,15,4,224,5,3,2,0,1,1,1,1,0,1,164,340,336,4.795100000010155e-05,0.0006124900000000766,0.008151495000000009,0.009181043999999972,2840
generated-0408,generated,balanced,empty,6,4,forced-incomplete,113,25,15,2,386,10,1,0,0,0,0,0,0,1,0,356,5460,0,2.6608999999955252e-05,0.000983500000000026,0.00030102700000000926,0.0020299740000000455,4033
generated-0409,generated,balanced,class-complete,6,4,ambiguous,113,25,15,4,416,10,16,15,1,1,1,1,1,0,0,356,5460,15,7.356999999996727e-05,0.001167673999999952,0.001869777000000017,0.0039528800000000475,4481
generated-0410,generated,balanced,seeded-omission,6,4,forced-incomplete,74,16,15,1,251,11,15,5,0,1,0,1,0,1,0,236,5460,14,4.534700000002889e-05,0.0007005709999999832,0.0009376320000000771,0.0021599579999999063,2992
generated-0411,generated,balanced,census,6,4,forced-complete,113,25,15,4,416,10,1,15,1,1,1,1,1,0,1,356,5460,5460,5.939899999996001e-05,0.0009976919999999945,0.008669544000000085,0.010400744999999989,4361
generated-0412,generated,balanced,one-per-bucket,6,4,forced-incomplete,113,25,15,2,386,10,2,0,0,1,0,1,0,1,0,356,5460,2,0.00011480100000005322,0.0010152169999999572,0.000490769000000002,0.0023426480000000582,4135
generated-0413,generated,balanced,class-exclusion,6,4,ambiguous,113,25,16,5,436,10,13,13,0,1,1,1,1,0,1,356,5461,4729,6.68590000000302e-05,0.001038121000000003,0.009755175999999977,0.011554848999999923,4746
generated-0414,generated,balanced,empty,8,4,forced-incomplete,104,16,15,1,371,16,1,0,0,0,0,0,0,1,0,356,87380,0,2.5647999999933724e-05,0.0009713620000000311,0.00023721200000004217,0.001915553999999986,3919
generated-0415,generated,balanced,class-complete,8,4,ambiguous,161,25,15,4,608,15,16,15,1,1,1,1,1,0,0,548,87380,15,7.528199999995433e-05,0.0014795169999999302,0.001787093999999989,0.004379913999999929,6337
generated-0416,generated,balanced,seeded-omission,8,4,forced-incomplete,161,25,15,2,578,15,15,11,0,1,0,1,0,1,0,548,87380,14,6.545800000001822e-05,0.0014650560000000201,0.0011527120000000002,0.003694115999999914,6123
generated-0417,generated,balanced,census,8,4,forced-complete,161,25,15,4,608,15,1,15,1,1,1,1,1,0,1,548,87380,87380,5.092600000000669e-05,0.0014583249999999826,0.008656105000000025,0.011161164999999973,6255
generated-0418,generated,balanced,one-per-bucket,8,4,forced-incomplete,104,16,15,1,371,16,2,0,0,1,0,1,0,1,0,356,87380,1,3.4510999999959324e-05,0.0009649429999999404,0.00032324999999999715,0.0020064590000000715,3989
generated-0419,generated,balanced,class-exclusion,8,4,ambiguous,161,25,15,4,608,15,16,14,0,1,1,1,1,0,0,548,87380,36332,7.111499999989945e-05,0.0014614199999999355,0.008377190000000034,0.010934567000000062,6503
generated-0420,generated,balanced,empty,12,4,forced-incomplete,257,25,16,3,980,24,1,0,0,0,0,0,0,1,0,932,22369621,0,3.853700000000515e-05,0.0023952769999999735,0.0004210049999999743,0.0045287349999999504,10327
generated-0421,generated,balanced,class-complete,12,4,ambiguous,257,25,15,4,992,23,16,15,1,1,1,1,1,0,0,932,22369620,15,8.211200000007857e-05,0.002454135000000024,0.0016161199999999987,0.005971297999999958,10727
generated-0422,generated,balanced,seeded-omission,12,4,forced-incomplete,164,16,15,1,611,25,15,2,0,1,0,1,0,1,0,596,22369620,14,5.6244000000038596e-05,0.0015654640000000164,0.0008932469999999304,0.003637251000000008,6847
generated-0423,generated,balanced,census,12,4,forced-complete,257,25,15,4,992,23,1,15,1,1,1,1,1,0,1,932,22369620,22369620,4.866199999997711e-05,0.0024231980000000153,0.00843993300000001,0.012561934000000052,10725
generated-0424,generated,balanced,one-per-bucket,12,4,forced-incomplete,257,25,15,2,962,24,2,0,0,1,0,1,0,1,0,932,22369620,2,5.2437999999987994e-05,0.002439543000000044,0.00047850999999998756,0.004666249000000011,10331
generated-0425,generated,balanced,class-exclusion,12,4,ambiguous,257,25,15,4,992,23,9,5,0,1,1,1,1,0,1,932,22369620,22361454,6.557700000009437e-05,0.0025203229999999355,0.008602434000000048,0.012823623000000062,11052
generated-0426,generated,balanced,empty,24,4,forced-incomplete,344,16,15,1,1331,49,1,0,0,0,0,0,0,1,0,1316,375299968947540,0,5.2779000000002796e-05,0.0034815899999999234,0.00024946000000003465,0.006156603000000094,18046
generated-0427,generated,balanced,class-complete,24,4,ambiguous,545,25,16,5,2164,48,16,16,1,1,1,1,1,0,1,2084,375299968947541,16,0.00010018899999986175,0.00572029400000007,0.002152397000000139,0.014044826000000121,29407
generated-0428,generated,balanced,seeded-omission,24,4,forced-incomplete,545,25,15,2,2114,48,15,8,0,1,0,1,0,1,0,2084,375299968947540,14,9.697400000008294e-05,0.005546175999999958,0.0011827260000001338,0.010854439000000049,28903
generated-0429,generated,balanced,census,24,4,forced-complete,545,25,15,4,2144,48,1,15,1,1,1,1,1,0,1,2084,375299968947540,375299968947540,8.425499999997754e-05,0.005894163000000008,0.008769883000000034,0.018524419000000014,29481
generated-0430,generated,balanced,one-per-bucket,24,4,forced-incomplete,344,16,15,1,1331,49,2,0,0,1,0,1,0,1,0,1316,375299968947540,1,6.213200000004804e-05,0.003605714999999954,0.00036206799999982664,0.00637259400000012,18116
generated-0431,generated,balanced,class-exclusion,24,4,ambiguous,545,25,15,4,2144,48,13,11,0,1,1,1,1,0,1,2084,375299968947540,374876425306038,8.952299999998026e-05,0.007554427999999946,0.009006043999999935,0.021897637999999997,30018
generated-0432,generated,balanced,empty,3,4,forced-incomplete,41,23,14,2,104,4,1,0,0,0,0,0,0,1,0,76,84,0,5.865700000007301e-05,0.0003309910000000027,0.0002712220000000709,0.0009490389999999849,1667
generated-0433,generated,balanced,class-complete,3,4,ambiguous,41,23,14,4,132,3,15,14,1,1,1,1,1,0,0,76,84,14,6.359400000000015e-05,0.00035211299999993173,0.0017076359999999013,0.0023879760000000694,2065
generated-0434,generated,balanced,seeded-omission,3,4,forced-incomplete,29,15,15,2,90,4,14,14,0,1,0,1,0,1,1,60,85,14,4.4616000000052836e-05,0.0002758499999999664,0.001264018000000089,0.0017617860000000984,1618
generated-0435,generated,balanced,census,3,4,forced-complete,41,23,14,4,132,3,1,14,1,1,1,1,1,0,1,76,84,84,3.5863999999996565e-05,0.0003358990000001949,0.006958983999999946,0.007555399000000129,1892
generated-0436,generated,balanced,one-per-bucket,3,4,forced-incomplete,41,23,14,2,104,4,3,0,0,1,0,1,0,1,0,76,84,2,3.309899999992538e-05,0.0003450320000000229,0.0004403439999998149,0.0010505709999999446,1773
generated-0437,generated,balanced,class-exclusion,3,4,ambiguous,41,23,14,4,132,3,3,3,0,1,1,1,1,0,1,76,84,81,4.964399999995983e-05,0.00035319499999997284,0.005057270000000003,0.005721307000000175,2039
generated-0438,generated,balanced,empty,4,4,forced-incomplete,44,16,15,1,131,6,1,0,0,0,0,0,0,1,0,116,340,0,2.130199999994531e-05,0.00038329999999997533,0.00022953999999986152,0.0009394750000000229,1766
generated-0439,generated,balanced,class-complete,4,4,ambiguous,65,25,15,4,224,5,16,15,1,1,1,1,1,0,0,164,340,15,7.065499999980851e-05,0.0005899460000000634,0.0021087319999999465,0.0032992899999999548,2841
generated-0440,generated,balanced,seeded-omission,4,4,forced-incomplete,65,25,15,2,194,5,15,5,0,1,0,1,0,1,0,164,340,14,5.390999999987933e-05,0.0006492940000000225,0.0012290549999998124,0.002293805999999954,2673
generated-0441,generated,balanced,census,4,4,forced-complete,65,25,16,5,244,5,1,16,1,1,1,1,1,0,1,164,341,341,4.3223999999897345e-05,0.0006158339999999818,0.009722889000000068,0.010772958,2786
generated-0442,generated,balanced,one-per-bucket,4,4,forced-incomplete,44,16,15,1,131,6,2,0,0,1,0,1,0,1,0,116,340,1,2.955399999993169e-05,0.00039645799999998843,0.00031052199999992425,0.0010411559999998765,1836
generated-0443,generated,balanced,class-exclusion,4,4,ambiguous,65,25,15,4,224,5,9,8,0,1,1,1,1,0,1,164,340,318,4.873199999999578e-05,0.0006427540000000231,0.008405181999999956,0.009486357999999973,2848
generated-0444,generated,balanced,empty,6,4,forced-incomplete,113,25,15,2,386,10,1,0,0,0,0,0,0,1,0,356,5460,0,2.714000000003658e-05,0.0010212359999999254,0.0003018480000001045,0.0021136090000000163,4033
generated-0445,generated,balanced,class-complete,6,4,ambiguous,113,25,15,4,416,10,16,15,1,1,1,1,1,0,0,356,5460,15,7.464999999995392e-05,0.0010253630000001124,0.001951087000000129,0.0037729119999998506,4481
generated-0446,generated,balanced,seeded-omission,6,4,forced-incomplete,74,16,15,1,251,11,15,11,0,1,0,1,0,1,0,236,5460,14,5.534200000001377e-05,0.0006932189999999672,0.0009566110000001071,0.002175299999999991,2992
generated-0447,generated,balanced,census,6,4,forced-complete,113,25,15,4,416,10,1,15,1,1,1,1,1,0,1,356,5460,5460,4.3484999999954255e-05,0.0009926639999999765,0.008629934999999866,0.010375476999999966,4361
generated-0448,generated,balanced,one-per-bucket,6,4,forced-incomplete,113,25,16,3,404,10,2,1,0,1,0,1,0,1,1,356,5461,3,4.2271999999954346e-05,0.001024021000000097,0.0007035750000001784,0.0024941839999998994,4277
generated-0449,generated,balanced,class-exclusion,6,4,ambiguous,113,25,15,4,416,10,16,14,0,1,1,1,1,0,0,356,5460,3636,5.891699999982514e-05,0.0010505800000000232,0.00847821999999998,0.010381305999999979,4587
generated-0450,generated,balanced,empty,8,4,forced-incomplete,104,16,15,1,371,16,1,0,0,0,0,0,0,1,0,356,87380,0,2.3725000000140994e-05,0.0009617680000000295,0.00025521900000002873,0.001896375999999922,3919
generated-0451,generated,balanced,class-complete,8,4,ambiguous,161,25,15,4,608,15,16,15,1,1,1,1,1,0,0,548,87380,15,7.194699999990561e-05,0.0014729070000001343,0.0016745359999998932,0.004250882000000011,6337
generated-0452,generated,balanced,seeded-omission,8,4,forced-incomplete,161,25,15,2,578,15,15,2,0,1,0,1,0,1,0,548,87380,14,6.605800000003548e-05,0.0015115839999999547,0.0011371479999999767,0.003847592999999927,6123
generated-0453,generated,balanced,census,8,4,forced-complete,161,25,15,4,608,15,1,15,1,1,1,1,1,0,1,548,87380,87380,6.424500000012934e-05,0.0014642140000000747,0.008603335999999961,0.011149776999999972,6255
generated-0454,generated,balanced,one-per-bucket,8,4,forced-incomplete,104,16,15,1,371,16,2,0,0,1,0,1,0,1,0,356,87380,1,3.4991999999789414e-05,0.0009959390000000568,0.00034357000000007076,0.002053990000000061,3989
generated-0455,generated,balanced,class-exclusion,8,4,ambiguous,161,25,16,5,628,15,4,7,0,1,1,1,1,0,1,548,87381,86887,6.258299999983841e-05,0.0014895219999999654,0.009782217000000148,0.012370690000000018,6657
generated-0456,generated,balanced,empty,12,4,forced-incomplete,257,25,15,2,962,24,1,0,0,0,0,0,0,1,0,932,22369620,0,3.476099999999427e-05,0.0023880359999999268,0.0008623800000000514,0.005456933000000053,10229
generated-0457,generated,balanced,class-complete,12,4,ambiguous,257,25,15,4,992,23,16,15,1,1,1,1,1,0,0,932,22369620,15,9.58119999998619e-05,0.0025770470000001655,0.0017499690000000179,0.006246375999999998,10727
generated-0458,generated,balanced,seeded-omission,12,4,forced-incomplete,164,16,15,1,611,25,15,8,0,1,0,1,0,1,0,596,22369620,14,5.6684000000029044e-05,0.0016427489999999434,0.0009917619999999516,0.0038106680000000726,6847
generated-0459,generated,balanced,census,12,4,forced-complete,257,25,15,4,992,23,1,15,1,1,1,1,1,0,1,932,22369620,22369620,5.3489000000128684e-05,0.0024656510000000686,0.008785837000000019,0.013015398000000067,10725
generated-0460,generated,balanced,one-per-bucket,12,4,forced-incomplete,257,25,15,2,962,24,2,0,0,1,0,1,0,1,0,932,22369620,2,5.100599999985356e-05,0.0024852210000001485,0.0005236570000000107,0.004821570000000053,10331
generated-0461,generated,balanced,class-exclusion,12,4,ambiguous,257,25,15,4,992,23,13,11,0,1,1,1,1,0,1,932,22369620,21596994,6.986400000008608e-05,0.0025084749999999545,0.009181094000000112,0.013475701999999812,11062
generated-0462,generated,balanced,empty,24,4,forced-incomplete,344,16,16,2,1348,49,1,0,0,0,0,0,0,1,0,1316,375299968947541,0,8.565700000007226e-05,0.003557653000000105,0.00034700500000006684,0.006367224999999976,18140
generated-0463,generated,balanced,class-complete,24,4,ambiguous,545,25,15,4,2144,48,16,15,1,1,1,1,1,0,0,2084,375299968947540,15,9.473999999998206e-05,0.006270172000000018,0.0017204640000001437,0.011969694999999891,29251
generated-0464,generated,balanced,seeded-omission,24,4,forced-incomplete,545,25,15,2,2114,48,15,14,0,1,0,1,0,1,0,2084,375299968947540,14,0.00010087000000003066,0.005519507000000035,0.001222595000000215,0.010591738999999878,28903
generated-0465,generated,balanced,census,24,4,forced-complete,545,25,15,4,2144,48,1,15,1,1,1,1,1,0,1,2084,375299968947540,375299968947540,9.036400000006495e-05,0.00590260499999995,0.009119022000000143,0.018809080999999894,29481
generated-0466,generated,balanced,one-per-bucket,24,4,forced-incomplete,344,16,15,1,1331,49,2,0,0,1,0,1,0,1,0,1316,375299968947540,1,6.740000000005075e-05,0.003638633999999863,0.00033889400000020053,0.006394836000000126,18116
generated-0467,generated,balanced,class-exclusion,24,4,ambiguous,545,25,15,4,2144,48,3,2,0,1,1,1,1,0,1,2084,375299968947540,375299968947516,8.114100000011781e-05,0.005537512999999938,0.008779957999999866,0.018035071999999985,29996
generated-0468,generated,balanced,empty,3,4,forced-incomplete,41,23,14,2,104,4,1,0,0,0,0,0,0,1,0,76,84,0,6.18020000000552e-05,0.00042985799999994967,0.0002700909999999723,0.0009865350000000106,1667
generated-0469,generated,balanced,class-complete,3,4,ambiguous,41,23,15,5,151,3,15,15,1,1,1,1,1,0,1,76,85,15,9.548199999986906e-05,0.0004165589999998165,0.001961332000000038,0.0027689019999999065,2215
generated-0470,generated,balanced,seeded-omission,3,4,forced-incomplete,29,15,14,1,74,4,14,8,0,1,0,1,0,1,0,60,84,13,3.705499999995254e-05,0.0002959790000001128,0.0008818989999999083,0.0013841450000000588,1485
generated-0471,generated,balanced,census,3,4,forced-complete,41,23,14,4,132,3,1,14,1,1,1,1,1,0,1,76,84,84,3.390999999997035e-05,0.0003307710000000075,0.00515077900000005,0.005728126000000167,1892
generated-0472,generated,balanced,one-per-bucket,3,4,forced-incomplete,41,23,14,2,104,4,3,1,0,1,0,1,0,1,0,76,84,2,2.9764999999848385e-05,0.00033609900000008963,0.0004068640000001178,0.0010057629999999929,1773
generated-0473,generated,balanced,class-exclusion,3,4,ambiguous,41,23,14,4,132,3,3,11,0,1,1,1,1,0,1,76,84,78,0.00010591699999995541,0.00038655400000009443,0.0052056899999999295,0.00592814400000008,2042
generated-0474,generated,balanced,empty,4,4,forced-incomplete,44,16,15,1,131,6,1,0,0,0,0,0,0,1,0,116,340,0,2.1030999999949174e-05,0.00038483200000016815,0.0002269569999999721,0.0009125549999999816,1766
generated-0475,generated,balanced,class-complete,4,4,ambiguous,65,25,15,4,224,5,16,15,1,1,1,1,1,0,0,164,340,15,6.886200000000287e-05,0.0005664709999999573,0.0021312950000000885,0.003201413999999847,2841
generated-0476,generated,balanced,seeded-omission,4,4,forced-incomplete,65,25,16,3,212,5,15,12,0,1,0,1,0,1,1,164,341,15,6.385500000005706e-05,0.0005988900000000186,0.0014830720000000852,0.0025288759999999577,2818
generated-0477,generated,balanced,census,4,4,forced-complete,65,25,15,4,224,5,1,15,1,1,1,1,1,0,1,164,340,340,3.7255000000069316e-05,0.0005456500000000641,0.00840387999999992,0.009420077999999998,2673
generated-0478,generated,balanced,one-per-bucket,4,4,forced-incomplete,44,16,15,1,131,6,2,0,0,1,0,1,0,1,0,116,340,1,2.749100000021265e-05,0.0004429280000000091,0.000319294000000081,0.001059884000000011,1836
generated-0479,generated,balanced,class-exclusion,4,4,ambiguous,65,25,15,4,224,5,2,14,0,1,1,1,1,0,1,164,340,316,5.063500000002108e-05,0.0005584090000001485,0.008483818999999837,0.009480739000000016,2836
generated-0480,generated,rare-event,empty,3,4,forced-incomplete,26,13,4,3,68,5,1,0,0,0,0,0,0,1,0,56,85,0,2.312500000001272e-05,0.00021590100000001833,4.6738999999851316e-05,0.0004236289999999254,951
generated-0481,generated,rare-event,class-complete,3,4,ambiguous,27,14,3,4,68,5,4,3,1,0,1,1,1,0,0,56,84,3,4.355499999997292e-05,0.00021278600000007586,8.869200000005684e-05,0.0004741239999999092,1047
generated-0482,generated,rare-event,seeded-omission,3,4,forced-incomplete,16,8,2,1,38,6,2,0,0,1,0,1,0,1,0,36,84,1,1.7916000000006704e-05,0.0001375040000000105,2.6628999999944725e-05,0.000262569999999851,683
generated-0483,generated,rare-event,census,3,4,forced-complete,21,11,4,4,60,5,1,4,1,1,1,1,1,0,1,44,84,84,1.822700000020383e-05,0.00020134900000012834,0.00033336499999991887,0.0006559139999999797,897
generated-0484,generated,rare-event,one-per-bucket,3,4,forced-incomplete,27,14,3,2,62,5,3,1,0,1,0,1,0,1,0,56,84,2,2.3104000000051528e-05,0.0002066370000000095,5.8056999999944736e-05,0.0004120919999999195,988
generated-0485,generated,rare-event,class-exclusion,3,4,ambiguous,22,12,2,4,52,5,2,1,0,1,1,1,1,0,1,44,84,39,1.9237999999921485e-05,0.00017420800000000902,8.830099999990182e-05,0.00040270799999997386,897
generated-0486,generated,rare-event,empty,4,4,forced-incomplete,21,7,4,1,64,8,1,0,0,0,0,0,0,1,0,60,340,0,1.349000000017142e-05,0.0001804979999999734,3.193700000014843e-05,0.00034168800000000665,815
generated-0487,generated,rare-event,class-complete,4,4,ambiguous,43,17,4,5,128,7,5,4,1,0,1,1,1,0,0,108,341,4,2.8822999999844612e-05,0.00033623999999998766,0.00013175499999995566,0.0007243060000001744,1551
generated-0488,generated,rare-event,seeded-omission,4,4,forced-incomplete,44,18,2,2,112,8,2,0,0,0,0,1,0,1,0,108,340,1,2.0580000000158805e-05,0.000330751000000129,3.0906000000108236e-05,0.0005804219999998583,1387
generated-0489,generated,rare-event,census,4,4,forced-complete,38,13,4,4,120,7,1,4,1,1,1,1,1,0,1,104,340,340,2.1892999999995055e-05,0.00029940500000003034,0.0004394719999998298,0.0009570309999999971,1332
generated-0490,generated,rare-event,one-per-bucket,4,4,forced-incomplete,24,9,4,1,68,8,2,0,0,1,0,1,0,1,0,64,340,1,1.9989999999969754e-05,0.00020524399999999332,5.348999999998938e-05,0.0004053719999999039,940
generated-0491,generated,rare-event,class-exclusion,4,4,ambiguous,44,18,2,4,116,7,2,1,0,1,1,1,1,0,1,108,340,120,0.0001864769999999627,0.00033578899999997525,8.867199999995634e-05,0.0008134979999998571,1450
generated-0492,generated,rare-event,empty,6,4,forced-incomplete,62,13,4,2,208,11,1,0,0,0,0,0,0,1,0,200,5460,0,1.7445999999976536e-05,0.0004968679999999281,4.344400000011461e-05,0.0008694709999998995,1962
generated-0493,generated,rare-event,class-complete,6,4,ambiguous,75,17,4,4,252,11,5,4,1,1,1,1,1,0,0,236,5460,4,3.418099999996649e-05,0.0006247070000000576,0.00015679300000015495,0.0011906680000000058,2477
generated-0494,generated,rare-event,seeded-omission,6,4,forced-incomplete,48,13,4,2,152,13,3,2,0,1,0,1,0,1,1,144,5461,3,2.8713000000069044e-05,0.0003848720000001471,8.951300000004103e-05,0.0007661780000001173,1709
generated-0495,generated,rare-event,census,6,4,forced-complete,54,12,4,4,188,11,1,4,1,1,1,1,1,0,1,172,5460,5460,2.381500000003811e-05,0.00045239199999991264,0.00043302300000003235,0.0012151840000000913,1896
generated-0496,generated,rare-event,one-per-bucket,6,4,forced-incomplete,66,16,4,2,212,11,3,2,0,1,0,1,0,1,0,204,5460,2,2.9363999999976187e-05,0.0005235169999999734,0.00011294799999994609,0.0010073860000001655,2176
generated-0497,generated,rare-event,class-exclusion,6,4,ambiguous,89,25,4,4,276,11,5,1,0,1,1,1,1,0,0,260,5460,1098,2.9282999999935555e-05,0.000673729999999928,0.00027549900000001237,0.0014059079999999557,2895
generated-0498,generated,rare-event,empty,8,4,forced-incomplete,45,7,4,1,160,16,1,0,0,0,0,0,0,1,0,156,87380,0,1.905800000012725e-05,0.0003796529999999798,3.4802000000055955e-05,0.0006984370000000517,1610
generated-0499,generated,rare-event,class-complete,8,4,ambiguous,107,17,4,4,380,15,5,4,1,1,1,1,1,0,0,364,87380,4,3.6935000000015705e-05,0.0008868069999998784,0.00022842000000000695,0.0019239870000000714,3604
generated-0500,generated,rare-event,seeded-omission,8,4,forced-incomplete,137,25,4,2,460,16,4,0,0,1,0,1,0,1,0,452,87380,3,3.594399999995446e-05,0.0010674250000000107,9.462000000004522e-05,0.0019223239999999198,4454
generated-0501,generated,rare-event,census,8,4,forced-complete,86,13,4,5,316,15,1,4,1,1,1,1,1,0,1,296,87381,87381,3.0305000000119264e-05,0.0007925870000000668,0.0005001129999999687,0.0017837179999999897,2988
generated-0502,generated,rare-event,one-per-bucket,8,4,forced-incomplete,56,9,4,1,196,16,2,0,0,1,0,1,0,1,0,192,87380,1,2.4846000000078305e-05,0.0004911389999999738,5.9048000000005985e-05,0.0008801370000000031,1990
generated-0503,generated,rare-event,class-exclusion,8,4,ambiguous,137,25,4,4,468,15,3,3,0,1,1,1,1,0,1,452,87380,86050,3.121600000000058e-05,0.0010943150000000124,0.00041206200000010185,0.002236622000000077,4610
generated-0504,generated,rare-event,empty,12,4,forced-incomplete,134,13,4,2,496,24,1,0,0,0,0,0,0,1,0,488,22369620,0,2.4425999999966308e-05,0.0011267229999998296,4.37349999999892e-05,0.0019317679999999449,4846
generated-0505,generated,rare-event,class-complete,12,4,ambiguous,171,17,4,4,636,23,5,4,1,1,1,1,1,0,0,620,22369620,4,4.070000000000462e-05,0.0014066479999998993,0.00015611199999998604,0.0025380490000002087,6338
generated-0506,generated,rare-event,seeded-omission,12,4,forced-incomplete,120,13,4,1,436,25,4,2,0,1,0,1,0,1,0,432,22369620,3,3.6323999999865464e-05,0.0010705899999998714,8.052999999996757e-05,0.001984526999999847,4565
generated-0507,generated,rare-event,census,12,4,forced-complete,134,13,4,4,504,23,1,4,1,1,1,1,1,0,1,488,22369620,22369620,2.823200000001691e-05,0.0011248409999999875,0.00042104499999995326,0.002290120999999923,5062
generated-0508,generated,rare-event,one-per-bucket,12,4,forced-incomplete,156,16,4,3,576,23,3,3,0,1,0,1,0,1,1,564,22369621,3,3.886800000008073e-05,0.0012918379999999896,0.00011441000000012025,0.00230166800000009,5821
generated-0509,generated,rare-event,class-exclusion,12,4,ambiguous,216,24,4,4,788,23,5,1,0,1,1,1,1,0,0,772,22369620,3756382,3.660500000002287e-05,0.0018283550000000037,0.00034452200000001376,0.0034742599999999513,8206
generated-0510,generated,rare-event,empty,24,4,forced-incomplete,141,7,4,1,544,49,1,0,0,0,0,0,0,1,0,540,375299968947540,0,3.011500000016376e-05,0.0013606699999999528,3.94489999999692e-05,0.002241077999999952,7148
generated-0511,generated,rare-event,class-complete,24,4,ambiguous,336,16,4,4,1300,48,5,4,1,1,1,1,1,0,0,1284,375299968947540,4,4.400500000012464e-05,0.003014285999999977,0.0001650950000000595,0.005111089999999985,17132
generated-0512,generated,rare-event,seeded-omission,24,4,forced-incomplete,521,25,4,2,1996,48,4,0,0,1,0,1,0,1,0,1988,375299968947540,3,5.2699000000044904e-05,0.004556756000000162,9.896600000014466e-05,0.007767815000000011,26391
generated-0513,generated,rare-event,census,24,4,forced-complete,278,13,4,4,1080,48,1,4,1,1,1,1,1,0,1,1064,375299968947540,375299968947540,5.405000000013871e-05,0.0026401299999998518,0.0005262019999998646,0.004804964999999939,14173
generated-0514,generated,rare-event,one-per-bucket,24,4,forced-incomplete,184,9,4,1,708,49,2,0,0,1,0,1,0,1,0,704,375299968947540,1,4.5057000000126024e-05,0.0017594830000000616,6.451599999990343e-05,0.0029126950000000207,9358
generated-0515,generated,rare-event,class-exclusion,24,4,ambiguous,492,24,4,5,1896,47,4,3,0,1,1,1,1,0,1,1876,375299968947541,97689252310531,0.0002975519999999232,0.004741652000000096,0.0005754540000000308,0.009652374000000075,25679
generated-0516,generated,rare-event,empty,3,4,forced-incomplete,26,13,4,2,64,5,1,0,0,0,0,0,0,1,0,56,84,0,5.10650000000723e-05,0.0002084699999997941,4.293300000002276e-05,0.00043738000000015376,923
generated-0517,generated,rare-event,class-complete,3,4,ambiguous,22,12,3,4,56,5,4,3,1,0,1,1,1,0,0,44,84,3,2.6689000000024166e-05,0.00018360299999997665,8.544700000001626e-05,0.000405122000000091,940
generated-0518,generated,rare-event,seeded-omission,3,4,forced-incomplete,16,8,2,1,38,6,2,0,0,1,0,1,0,1,0,36,84,1,1.798700000010811e-05,0.00013740500000003486,2.792200000012457e-05,0.00026300099999998494,683
generated-0519,generated,rare-event,census,3,4,forced-complete,21,11,4,4,60,5,1,4,1,1,1,1,1,0,1,44,84,84,1.800699999998656e-05,0.00018764800000004023,0.00033398600000000833,0.0006417729999999011,897
generated-0520,generated,rare-event,one-per-bucket,3,4,forced-incomplete,22,12,3,2,50,5,3,1,0,1,0,1,0,1,0,44,84,2,2.329500000008977e-05,0.00023363700000000875,6.249300000016333e-05,0.00042471000000010584,882
generated-0521,generated,rare-event,class-exclusion,3,4,ambiguous,27,14,2,4,64,5,2,1,0,1,1,1,1,0,1,56,84,39,2.0260000000105194e-05,0.0002059559999998406,9.07849999998156e-05,0.00044217700000004356,1003
generated-0522,generated,rare-event,empty,4,4,forced-incomplete,21,7,4,2,68,8,1,0,0,0,0,0,0,1,0,60,341,0,1.613400000000098e-05,0.00018399399999990962,4.0290000000053894e-05,0.0003565700000001115,843
generated-0523,generated,rare-event,class-complete,4,4,ambiguous,36,15,4,4,104,7,5,4,1,0,1,1,1,0,0,88,340,4,2.7750999999964776e-05,0.000284922999999937,0.00014124000000004244,0.0006314079999998334,1356
generated-0524,generated,rare-event,seeded-omission,4,4,forced-incomplete,44,18,2,2,112,8,2,0,0,0,0,1,0,1,0,108,340,1,2.275400000018024e-05,0.00032038600000006134,3.210700000000344e-05,0.0005754340000001523,1387
generated-0525,generated,rare-event,census,4,4,forced-complete,32,12,4,4,100,7,1,4,1,1,1,1,1,0,1,84,340,340,2.0009999999848205e-05,0.0002524649999999795,0.0004739639999999934,0.0009069560000001253,1201
generated-0526,generated,rare-event,one-per-bucket,4,4,forced-incomplete,24,9,4,1,68,8,2,0,0,1,0,1,0,1,0,64,340,1,2.0550000000119084e-05,0.0002702409999999489,5.603299999989986e-05,0.00047840999999992917,940
generated-0527,generated,rare-event,class-exclusion,4,4,ambiguous,37,16,2,4,96,7,2,1,0,1,1,1,1,0,1,88,340,120,2.029100000000561e-05,0.00035238300000006717,9.038400000016544e-05,0.0006295750000000488,1294
generated-0528,generated,rare-event,empty,6,4,forced-incomplete,62,13,4,2,208,11,1,0,0,0,0,0,0,1,0,200,5460,0,1.8046999999965507e-05,0.0004983300000001023,4.2954000000205994e-05,0.0008714940000000837,1962
generated-0529,generated,rare-event,class-complete,6,4,ambiguous,75,17,4,5,256,11,5,4,1,0,1,1,1,0,0,236,5461,4,3.8757000000000374e-05,0.0006401709999999117,0.00014566600000009977,0.0012070820000000815,2515
generated-0530,generated,rare-event,seeded-omission,6,4,forced-incomplete,48,13,4,1,148,13,4,2,0,1,0,1,0,1,0,144,5460,3,2.9273999999857026e-05,0.0003776499999998961,7.773500000007871e-05,0.0008171540000001531,1675
generated-0531,generated,rare-event,census,6,4,forced-complete,62,13,4,4,216,11,1,4,1,1,1,1,1,0,1,200,5460,5460,2.826200000005663e-05,0.0004853700000000405,0.00045895200000001246,0.00141908699999993,2090
generated-0532,generated,rare-event,one-per-bucket,6,4,forced-incomplete,66,16,4,2,212,11,3,2,0,1,0,1,0,1,0,204,5460,2,2.959400000013268e-05,0.0005274829999999398,9.046499999998403e-05,0.0009778719999999907,2176
generated-0533,generated,rare-event,class-exclusion,6,4,ambiguous,89,25,4,4,276,11,5,1,0,1,1,1,1,0,0,260,5460,1098,3.0484999999913498e-05,0.000742874000000171,0.00028604499999995703,0.0014820509999999842,2895
generated-0534,generated,rare-event,empty,8,4,forced-incomplete,45,7,4,1,160,16,1,0,0,0,0,0,0,1,0,156,87380,0,2.010999999990659e-05,0.000376759999999976,3.511200000017034e-05,0.0006810710000000331,1610
generated-0535,generated,rare-event,class-complete,8,4,ambiguous,96,16,4,4,340,15,5,4,1,1,1,1,1,0,0,324,87380,4,3.8797000000201365e-05,0.0008097919999998648,0.00026215900000003955,0.0021970220000000484,3324
generated-0536,generated,rare-event,seeded-omission,8,4,forced-incomplete,137,25,4,3,464,16,4,0,0,0,0,1,0,1,0,452,87381,3,3.928900000005342e-05,0.001163728000000086,0.00010872200000000554,0.0020104960000000283,4492
generated-0537,generated,rare-event,census,8,4,forced-complete,76,12,4,4,276,15,1,4,1,1,1,1,1,0,1,260,87380,87380,3.212699999988189e-05,0.0006901649999999648,0.00043373400000001894,0.0015619300000000447,2704
generated-0538,generated,rare-event,one-per-bucket,8,4,forced-incomplete,56,9,4,1,196,16,2,0,0,1,0,1,0,1,0,192,87380,1,2.4666999999922723e-05,0.00046044299999992155,6.0339999999881044e-05,0.0008736269999998214,1990
generated-0539,generated,rare-event,class-exclusion,8,4,ambiguous,137,25,4,4,468,15,3,3,0,1,1,1,1,0,1,452,87380,86050,3.080600000004985e-05,0.0010353169999999245,0.0005001730000000482,0.0022734460000000123,4609
generated-0540,generated,rare-event,empty,12,4,forced-incomplete,120,12,4,2,444,24,1,0,0,0,0,0,0,1,0,436,22369620,0,2.609799999997442e-05,0.0010985510000001142,4.473700000007241e-05,0.0018034579999999245,4424
generated-0541,generated,rare-event,class-complete,12,4,ambiguous,156,16,4,4,580,23,5,4,1,1,1,1,1,0,0,564,22369620,4,3.947799999992618e-05,0.0013581469999999207,0.00015584200000007264,0.002390749999999997,5893
generated-0542,generated,rare-event,seeded-omission,12,4,forced-incomplete,120,13,4,1,436,25,4,2,0,1,0,1,0,1,0,432,22369620,3,3.535199999982197e-05,0.0010015869999999705,7.805599999999302e-05,0.0018178289999999375,4565
generated-0543,generated,rare-event,census,12,4,forced-complete,120,12,4,5,456,23,1,4,1,1,1,1,1,0,1,436,22369621,22369621,3.276900000015459e-05,0.0011528520000001485,0.0005269720000000699,0.0023748269999999128,4669
generated-0544,generated,rare-event,one-per-bucket,12,4,forced-incomplete,171,17,4,2,628,23,3,2,0,1,0,1,0,1,0,620,22369620,2,3.517200000002774e-05,0.0014528369999999846,8.742999999999945e-05,0.002697625000000148,6220
generated-0545,generated,rare-event,class-exclusion,12,4,ambiguous,233,25,4,4,852,23,5,1,0,1,1,1,1,0,0,836,22369620,3756382,3.926800000009223e-05,0.001967481999999965,0.00033378500000003086,0.0035444339999999297,8703
generated-0546,generated,rare-event,empty,24,4,forced-incomplete,141,7,4,1,544,49,1,0,0,0,0,0,0,1,0,540,375299968947540,0,3.427100000008565e-05,0.001264007000000067,3.745500000018609e-05,0.002145697000000002,7148
generated-0547,generated,rare-event,class-complete,24,4,ambiguous,336,16,4,4,1300,48,5,4,1,1,1,1,1,0,0,1284,375299968947540,4,4.5046999999964754e-05,0.0030969189999998648,0.0001671089999999431,0.005304397000000183,17132
generated-0548,generated,rare-event,seeded-omission,24,4,forced-incomplete,521,25,4,2,1996,48,4,0,0,1,0,1,0,1,0,1988,375299968947540,3,6.10610000000289e-05,0.004899594999999923,0.00010780999999981944,0.009399518000000162,26391
generated-0549,generated,rare-event,census,24,4,forced-complete,278,13,4,4,1080,48,1,4,1,1,1,1,1,0,1,1064,375299968947540,375299968947540,6.53980000000498e-05,0.00255522500000005,0.0006670109999999951,0.005009808999999921,14173
generated-0550,generated,rare-event,one-per-bucket,24,4,forced-incomplete,184,9,4,2,712,49,2,1,0,1,0,1,0,1,1,704,375299968947541,2,5.177699999991958e-05,0.0019006919999999816,8.926300000000609e-05,0.003216396999999871,9402
generated-0551,generated,rare-event,class-exclusion,24,4,ambiguous,492,24,4,4,1892,47,5,3,0,1,1,1,1,0,0,1876,375299968947540,97689252310530,4.6930000000111605e-05,0.005287831999999826,0.00046517099999987543,0.009081856999999971,25643
generated-0552,generated,rare-event,empty,3,4,forced-incomplete,26,13,4,2,64,5,1,0,0,0,0,0,0,1,0,56,84,0,5.5102000000140094e-05,0.0002178539999999618,4.396499999992365e-05,0.000590446999999994,923
generated-0553,generated,rare-event,class-complete,3,4,ambiguous,22,12,3,4,56,5,4,3,1,0,1,1,1,0,0,44,84,3,2.7350000000092578e-05,0.00018511500000006897,0.00015323699999991724,0.00047927199999997505,940
generated-0554,generated,rare-event,seeded-omission,3,4,forced-incomplete,16,8,2,1,38,6,2,0,0,1,0,1,0,1,0,36,84,1,1.774599999992965e-05,0.00020085899999999768,2.927400000007907e-05,0.0003295089999999501,683
generated-0555,generated,rare-event,census,3,4,forced-complete,21,11,4,4,60,5,1,4,1,1,1,1,1,0,1,44,84,84,1.8297000000000452e-05,0.00016852099999997705,0.00038306899999995814,0.0006721280000001606,897
generated-0556,generated,rare-event,one-per-bucket,3,4,forced-incomplete,27,14,3,2,62,5,3,1,0,1,0,1,0,1,0,56,84,2,2.297399999995342e-05,0.0002062060000000976,5.7745999999969655e-05,0.0004101490000001373,988
generated-0557,generated,rare-event,class-exclusion,3,4,ambiguous,27,14,2,5,66,5,2,1,0,1,1,1,1,0,1,56,85,40,2.0439999999899428e-05,0.00023762300000007563,9.769500000000875e-05,0.0004780000000002005,1029
generated-0558,generated,rare-event,empty,4,4,forced-incomplete,21,7,4,1,64,8,1,0,0,0,0,0,0,1,0,60,340,0,1.3701000000088115e-05,0.0001781949999999366,3.207699999996372e-05,0.00033499699999994803,815
generated-0559,generated,rare-event,class-complete,4,4,ambiguous,43,17,4,4,124,7,5,4,1,0,1,1,1,0,0,108,340,4,2.540700000008833e-05,0.00041679900000013426,0.00012725899999987966,0.0007742299999999869,1513
generated-0560,generated,rare-event,seeded-omission,4,4,forced-incomplete,44,18,2,2,112,8,2,0,0,0,0,1,0,1,0,108,340,1,2.995499999980389e-05,0.00033293400000000695,3.75459999999439e-05,0.0006536909999999008,1387
generated-0561,generated,rare-event,census,4,4,forced-complete,38,13,4,4,120,7,1,4,1,1,1,1,1,0,1,104,340,340,2.2023000000093162e-05,0.00040190700000009016,0.0004338839999999955,0.001048176999999928,1332
generated-0562,generated,rare-event,one-per-bucket,4,4,forced-incomplete,24,9,4,1,68,8,2,0,0,1,0,1,0,1,0,64,340,1,2.3284000000067806e-05,0.0002881279999999986,5.727500000007879e-05,0.0005573580000000078,940
generated-0563,generated,rare-event,class-exclusion,4,4,ambiguous,44,18,2,4,116,7,2,1,0,1,1,1,1,0,1,108,340,120,2.3944999999914174e-05,0.000370529999999869,9.077499999987637e-05,0.0006895740000001371,1450
generated-0564,generated,rare-event,empty,6,4,forced-incomplete,54,12,4,3,184,11,1,0,0,0,0,0,0,1,0,172,5461,0,2.0149999999885537e-05,0.0004787809999999837,5.227699999998947e-05,0.0008407990000001142,1800
generated-0565,generated,rare-event,class-complete,6,4,ambiguous,75,17,4,4,252,11,5,4,1,1,1,1,1,0,0,236,5460,4,3.4622000000039677e-05,0.001232691000000008,0.00023066199999988157,0.0018893049999999523,2477
generated-0566,generated,rare-event,seeded-omission,6,4,forced-incomplete,48,13,4,1,148,13,4,2,0,1,0,1,0,1,0,144,5460,3,2.877299999992644e-05,0.00043034899999994103,8.042999999990919e-05,0.0007898330000000175,1675
generated-0567,generated,rare-event,census,6,4,forced-complete,62,13,4,4,216,11,1,4,1,1,1,1,1,0,1,200,5460,5460,2.4617000000004552e-05,0.0005257010000001561,0.0004512899999999931,0.0013234660000001064,2090
generated-0568,generated,rare-event,one-per-bucket,6,4,forced-incomplete,75,17,4,2,244,12,3,2,0,1,0,1,0,1,0,236,5460,2,3.028500000001877e-05,0.0005721489999999108,8.74499999998779e-05,0.001117299000000127,2388
generated-0569,generated,rare-event,class-exclusion,6,4,ambiguous,78,23,4,4,240,11,5,1,0,1,1,1,1,0,0,224,5460,1098,3.461100000001771e-05,0.00064245400000007,0.0002726249999998043,0.0013785270000001848,2624
generated-0570,generated,rare-event,empty,8,4,forced-incomplete,45,7,4,1,160,16,1,0,0,0,0,0,0,1,0,156,87380,0,1.9018000000148305e-05,0.0004123819999999334,3.48420000000349e-05,0.0007121269999998958,1610
generated-0571,generated,rare-event,class-complete,8,4,ambiguous,107,17,4,5,384,15,5,4,1,0,1,1,1,0,0,364,87381,4,3.5581999999978464e-05,0.0008473780000000097,0.00022348200000021912,0.0017103700000000721,3642
generated-0572,generated,rare-event,seeded-omission,8,4,forced-incomplete,137,25,4,2,460,16,4,0,0,1,0,1,0,1,0,452,87380,3,3.786599999999751e-05,0.0010781109999999927,9.848600000017527e-05,0.0019683530000000893,4454
generated-0573,generated,rare-event,census,8,4,forced-complete,86,13,4,4,312,15,1,4,1,1,1,1,1,0,1,296,87380,87380,3.209700000006421e-05,0.0008071290000000175,0.0004269040000000057,0.0017205950000001025,2960
generated-0574,generated,rare-event,one-per-bucket,8,4,forced-incomplete,56,9,4,1,196,16,2,0,0,1,0,1,0,1,0,192,87380,1,2.614899999997533e-05,0.00047056800000011556,6.0359000000120844e-05,0.000911843999999995,1990
generated-0575,generated,rare-event,class-exclusion,8,4,ambiguous,137,25,4,4,468,15,3,3,0,1,1,1,1,0,1,452,87380,86050,3.0495000000074768e-05,0.0012429659999999565,0.0004796320000000076,0.0024333940000000887,4610
generated-0576,generated,rare-event,empty,12,4,forced-incomplete,120,12,4,2,444,24,1,0,0,0,0,0,0,1,0,436,22369620,0,2.614899999997533e-05,0.0011093369999999325,4.469600000001073e-05,0.0019163660000001137,4424
generated-0577,generated,rare-event,class-complete,12,4,ambiguous,171,17,4,4,636,23,5,4,1,1,1,1,1,0,0,620,22369620,4,4.310399999996051e-05,0.001488300000000109,0.0001584550000000018,0.00268040100000011,6338
generated-0578,generated,rare-event,seeded-omission,12,4,forced-incomplete,120,13,4,2,440,25,3,2,0,1,0,1,0,1,1,432,22369621,3,3.725599999993001e-05,0.0010020779999999618,9.240799999998828e-05,0.0017728230000000345,4599
generated-0579,generated,rare-event,census,12,4,forced-complete,134,13,4,4,504,23,1,4,1,1,1,1,1,0,1,488,22369620,22369620,3.418099999996649e-05,0.0011200730000000547,0.0004265740000000129,0.002422688000000006,5062
generated-0580,generated,rare-event,one-per-bucket,12,4,forced-incomplete,171,17,4,2,628,23,3,2,0,1,0,1,0,1,0,620,22369620,2,3.7164999999950155e-05,0.0014225320000000874,8.910200000000756e-05,0.0027959419999998847,6220
generated-0581,generated,rare-event,class-exclusion,12,4,ambiguous,233,25,4,4,852,23,5,1,0,1,1,1,1,0,0,836,22369620,3756382,3.945899999990843e-05,0.001959940999999965,0.0003250530000000751,0.0035466969999999876,8703
generated-0582,generated,rare-event,empty,24,4,forced-incomplete,141,7,4,1,544,49,1,0,0,0,0,0,0,1,0,540,375299968947540,0,3.091600000004746e-05,0.0013780169999999536,3.9329000000032366e-05,0.0022625199999999346,7148
generated-0583,generated,rare-event,class-complete,24,4,ambiguous,363,17,4,4,1404,48,5,4,1,1,1,1,1,0,0,1388,375299968947540,4,4.578799999999106e-05,0.0032518189999999336,0.000166236999999958,0.005504764999999967,18292
generated-0584,generated,rare-event,seeded-omission,24,4,forced-incomplete,521,25,4,2,1996,48,4,0,0,1,0,1,0,1,0,1988,375299968947540,3,0.00010341399999980183,0.0046222840000000875,0.00012217199999997597,0.05530447699999996,26391
generated-0585,generated,rare-event,census,24,4,forced-complete,278,13,4,5,1084,48,1,4,1,1,1,1,1,0,1,1064,375299968947541,375299968947541,6.079999999997199e-05,0.0024929819999999214,0.000544568000000023,0.004804043999999896,14201
generated-0586,generated,rare-event,one-per-bucket,24,4,forced-incomplete,184,9,4,1,708,49,2,0,0,1,0,1,0,1,0,704,375299968947540,1,4.205199999995912e-05,0.001700454999999934,6.318400000004942e-05,0.002882931000000033,9358
generated-0587,generated,rare-event,class-exclusion,24,4,ambiguous,521,25,4,4,2004,47,5,3,0,1,1,1,1,0,0,1988,375299968947540,97689252310530,4.6739999999934057e-05,0.004714051000000108,0.00046265699999992194,0.008473893999999982,26856
generated-0588,generated,rare-event,empty,3,4,forced-incomplete,26,13,4,2,64,5,1,0,0,0,0,0,0,1,0,56,84,0,9.155600000010367e-05,0.00021421799999998825,4.2241999999914626e-05,0.00048801500000017484,923
generated-0589,generated,rare-event,class-complete,3,4,ambiguous,22,12,3,4,56,5,4,3,1,0,1,1,1,0,0,44,84,3,3.04250000000561e-05,0.00019178400000008367,8.647899999991715e-05,0.0004819059999998654,940
generated-0590,generated,rare-event,seeded-omission,3,4,forced-incomplete,16,8,2,1,38,6,2,0,0,1,0,1,0,1,0,36,84,1,2.1021999999870644e-05,0.00014315300000000697,2.8252000000117405e-05,0.0003076770000001172,683
generated-0591,generated,rare-event,census,3,4,forced-complete,21,11,4,4,60,5,1,4,1,1,1,1,1,0,1,44,84,84,1.8648000000176523e-05,0.00017055299999979567,0.00033044100000001464,0.0006227940000000931,897
generated-0592,generated,rare-event,one-per-bucket,3,4,ambiguous,27,14,3,3,65,5,3,2,0,1,1,1,1,0,1,56,85,3,2.221299999982662e-05,0.0002684889999999829,7.914799999997335e-05,0.0005074029999998508,1013
generated-0593,generated,rare-event,class-exclusion,3,4,ambiguous,27,14,2,4,64,5,2,1,0,1,1,1,1,0,1,56,84,39,1.9389000000202827e-05,0.000229740999999839,9.13350000000257e-05,0.00046231599999990713,1003
generated-0594,generated,rare-event,empty,4,4,forced-incomplete,21,7,4,1,64,8,1,0,0,0,0,0,0,1,0,60,340,0,1.4090999999938347e-05,0.00017556100000004626,3.2148000000065124e-05,0.000334826999999871,815
generated-0595,generated,rare-event,class-complete,4,4,ambiguous,36,15,4,4,104,7,5,4,1,0,1,1,1,0,0,88,340,4,2.6780000000004023e-05,0.0003077270000000354,0.00022164899999999044,0.0007295430000000547,1356
generated-0596,generated,rare-event,seeded-omission,4,4,forced-incomplete,44,18,2,2,112,8,2,0,0,0,0,1,0,1,0,108,340,1,2.5127000000013666e-05,0.0003255639999999449,3.4882000000013846e-05,0.00062087200000005,1387
generated-0597,generated,rare-event,census,4,4,forced-complete,32,12,4,4,100,7,1,4,1,1,1,1,1,0,1,84,340,340,2.101099999984868e-05,0.00027334599999995213,0.0006763440000001619,0.0011344950000000686,1201
generated-0598,generated,rare-event,one-per-bucket,4,4,forced-incomplete,24,9,4,1,68,8,2,0,0,1,0,1,0,1,0,64,340,1,2.2854000000016583e-05,0.00021123400000000458,5.5703000000129066e-05,0.0005091660000000608,940
generated-0599,generated,rare-event,class-exclusion,4,4,ambiguous,44,18,2,5,118,7,2,1,0,1,1,1,1,0,1,108,341,121,2.3414999999804564e-05,0.0003745569999999976,9.997799999994506e-05,0.0006973349999999101,1476
generated-0600,generated,rare-event,empty,6,4,forced-incomplete,54,12,4,2,180,11,1,0,0,0,0,0,0,1,0,172,5460,0,2.8872999999984827e-05,0.00048255600000002286,5.995899999999832e-05,0.0009295000000000275,1772
generated-0601,generated,rare-event,class-complete,6,4,ambiguous,75,17,4,4,252,11,5,4,1,1,1,1,1,0,0,236,5460,4,4.414500000005095e-05,0.0006109469999999728,0.00018579600000001584,0.0012795700000000076,2477
generated-0602,generated,rare-event,seeded-omission,6,4,forced-incomplete,48,13,4,1,148,13,4,2,0,1,0,1,0,1,0,144,5460,3,2.9053999999972824e-05,0.0003899390000000613,9.989800000009819e-05,0.0008728960000000674,1675
generated-0603,generated,rare-event,census,6,4,forced-complete,54,12,4,4,188,11,1,4,1,1,1,1,1,0,1,172,5460,5460,2.6278999999962416e-05,0.0004353070000000514,0.0004596319999999876,0.0012139729999999238,1896
generated-0604,generated,rare-event,one-per-bucket,6,4,forced-incomplete,66,16,4,2,212,11,3,2,0,1,0,1,0,1,0,204,5460,2,3.053499999994269e-05,0.0005591899999999317,8.82610000000339e-05,0.0010228389999999976,2176
generated-0605,generated,rare-event,class-exclusion,6,4,ambiguous,89,25,4,4,276,11,5,1,0,1,1,1,1,0,0,260,5460,1098,3.25979999999948e-05,0.0006585180000000523,0.0003088780000000124,0.001451996000000011,2895
generated-0606,generated,rare-event,empty,8,4,forced-incomplete,45,7,4,2,164,16,1,0,0,0,0,0,0,1,0,156,87381,0,2.0550000000008062e-05,0.00040121599999998203,4.421499999995859e-05,0.0007301140000000039,1638
generated-0607,generated,rare-event,class-complete,8,4,ambiguous,107,17,4,4,380,15,5,4,1,1,1,1,1,0,0,364,87380,4,3.495200000003251e-05,0.0009268469999998974,0.00015974699999998787,0.001677592000000061,3604
generated-0608,generated,rare-event,seeded-omission,8,4,forced-incomplete,124,24,4,2,412,16,4,0,0,1,0,1,0,1,0,404,87380,3,3.417100000002726e-05,0.0009709909999999766,9.893699999996564e-05,0.0017816050000000194,4120
generated-0609,generated,rare-event,census,8,4,forced-complete,76,12,4,4,276,15,1,4,1,1,1,1,1,0,1,260,87380,87380,3.350999999995885e-05,0.0007030539999999252,0.00044487999999998085,0.0015875980000000789,2704
generated-0610,generated,rare-event,one-per-bucket,8,4,forced-incomplete,56,9,4,1,196,16,2,0,0,1,0,1,0,1,0,192,87380,1,2.5166999999992612e-05,0.00047016799999999304,6.135099999993177e-05,0.0008940979999999543,1990
generated-0611,generated,rare-event,class-exclusion,8,4,ambiguous,137,25,4,4,468,15,3,3,0,1,1,1,1,0,1,452,87380,86050,3.450199999999182e-05,0.0010740150000000392,0.00044987799999995914,0.002298313000000052,4609
generated-0612,generated,rare-event,empty,12,4,forced-incomplete,134,13,4,2,496,24,1,0,0,0,0,0,0,1,0,488,22369620,0,2.5667999999923197e-05,0.001104340000000037,4.494700000001739e-05,0.001917747999999997,4846
generated-0613,generated,rare-event,class-complete,12,4,ambiguous,156,16,4,5,584,23,5,4,1,0,1,1,1,0,0,564,22369621,4,7.154700000000513e-05,0.0013045880000001064,0.00015503999999999518,0.002431441000000034,5931
generated-0614,generated,rare-event,seeded-omission,12,4,forced-incomplete,120,13,4,1,436,25,4,2,0,1,0,1,0,1,0,432,22369620,3,3.382099999993393e-05,0.0009858339999999632,7.921799999999202e-05,0.0017584309999999492,4565
generated-0615,generated,rare-event,census,12,4,forced-complete,134,13,4,4,504,23,1,4,1,1,1,1,1,0,1,488,22369620,22369620,2.9374000000026435e-05,0.0010976299999999606,0.0004408240000000063,0.0023080380000000122,5062
generated-0616,generated,rare-event,one-per-bucket,12,4,forced-incomplete,156,16,4,2,572,23,3,2,0,1,0,1,0,1,0,564,22369620,2,3.601399999997312e-05,0.0013184379999999774,8.9343000000075e-05,0.002298803999999932,5777
generated-0617,generated,rare-event,class-exclusion,12,4,ambiguous,233,25,4,4,852,23,5,1,0,1,1,1,1,0,0,836,22369620,3756382,3.98690000000812e-05,0.0018972270000000568,0.0003201350000000547,0.0035337879999999267,8703
generated-0618,generated,rare-event,empty,24,4,forced-incomplete,141,7,4,1,544,49,1,0,0,0,0,0,0,1,0,540,375299968947540,0,3.98100000000845e-05,0.001296024999999923,4.0570000000017536e-05,0.002193117000000022,7148
generated-0619,generated,rare-event,class-complete,24,4,ambiguous,363,17,4,4,1404,48,5,4,1,1,1,1,1,0,0,1388,375299968947540,4,4.651900000007814e-05,0.003259420000000013,0.00016607599999995948,0.007635537999999942,18292
generated-0620,generated,rare-event,seeded-omission,24,4,forced-incomplete,521,25,4,3,2000,48,4,0,0,0,0,1,0,1,0,1988,375299968947541,3,6.221299999997765e-05,0.004810733999999983,0.00012013899999996358,0.008174748999999926,26429
generated-0621,generated,rare-event,census,24,4,forced-complete,252,12,4,4,980,48,1,4,1,1,1,1,1,0,1,964,375299968947540,375299968947540,5.3709999999984603e-05,0.0022498610000000197,0.00048647199999996005,0.004189200999999976,13039
generated-0622,generated,rare-event,one-per-bucket,24,4,forced-incomplete,184,9,4,1,708,49,2,0,0,1,0,1,0,1,0,704,375299968947540,1,3.9728999999932846e-05,0.0017425070000000042,6.577799999996081e-05,0.002890752999999968,9358
generated-0623,generated,rare-event,class-exclusion,24,4,ambiguous,521,25,4,4,2004,47,5,3,0,1,1,1,1,0,0,1988,375299968947540,97689252310530,4.823199999992589e-05,0.004572090000000029,0.0004508699999999921,0.008213838000000084,26856
generated-0624,generated,rare-event,empty,3,4,forced-incomplete,21,11,4,2,52,5,1,0,0,0,0,0,0,1,0,44,84,0,4.85519999999795e-05,0.0001815290000000136,4.322400000000837e-05,0.0003861239999999322,816
generated-0625,generated,rare-event,class-complete,3,4,ambiguous,27,14,3,4,68,5,4,3,1,0,1,1,1,0,0,56,84,3,2.6460000000061434e-05,0.00023281600000002456,8.575700000001962e-05,0.0004738840000000355,1047
generated-0626,generated,rare-event,seeded-omission,3,4,forced-incomplete,16,8,2,1,38,6,2,0,0,1,0,1,0,1,0,36,84,1,1.8447000000088032e-05,0.00013649299999995979,2.8252000000006383e-05,0.000263760999999918,683
generated-0627,generated,rare-event,census,3,4,forced-complete,26,13,4,5,76,5,1,4,1,1,1,1,1,0,1,56,85,85,2.0770999999975004e-05,0.000219276000000046,0.0003801740000000109,0.0007451769999999858,1031
generated-0628,generated,rare-event,one-per-bucket,3,4,forced-incomplete,27,14,3,2,62,5,3,0,0,1,0,1,0,1,0,56,84,2,2.384499999996681e-05,0.0002080890000000224,5.863699999997252e-05,0.00041355399999998266,988
generated-0629,generated,rare-event,class-exclusion,3,4,ambiguous,22,12,2,4,52,5,2,1,0,1,1,1,1,0,1,44,84,39,1.9709000000034393e-05,0.00017341799999992524,8.980300000005492e-05,0.0003848810000000036,897
generated-0630,generated,rare-event,empty,4,4,forced-incomplete,21,7,4,1,64,8,1,0,0,0,0,0,0,1,0,60,340,0,1.2948999999928823e-05,0.0001761109999999233,3.179799999997179e-05,0.000330751000000018,815
generated-0631,generated,rare-event,class-complete,4,4,ambiguous,43,17,4,4,124,7,5,4,1,0,1,1,1,0,0,108,340,4,2.6078999999956665e-05,0.00039489699999994965,0.000128770999999972,0.0007785059999999566,1513
generated-0632,generated,rare-event,seeded-omission,4,4,forced-incomplete,37,16,2,2,92,8,2,0,0,0,0,1,0,1,0,88,340,1,2.3393999999954396e-05,0.0002758400000000272,3.272900000006462e-05,0.0005012840000000462,1231
generated-0633,generated,rare-event,census,4,4,forced-complete,32,12,4,4,100,7,1,4,1,1,1,1,1,0,1,84,340,340,1.9529000000018115e-05,0.0002538370000000345,0.0004133840000000166,0.0008611989999999237,1201
generated-0634,generated,rare-event,one-per-bucket,4,4,forced-incomplete,24,9,4,2,72,8,2,1,0,1,0,1,0,1,1,64,341,2,2.306399999996156e-05,0.00020993200000007928,7.756500000000166e-05,0.0004539340000000447,984
generated-0635,generated,rare-event,class-exclusion,4,4,ambiguous,37,16,2,4,96,7,2,1,0,1,1,1,1,0,1,88,340,120,2.02400000000047e-05,0.00026765800000005946,0.00011655300000001922,0.0005706770000000194,1294
generated-0636,generated,rare-event,empty,6,4,forced-incomplete,62,13,4,2,208,11,1,0,0,0,0,0,0,1,0,200,5460,0,1.700500000001437e-05,0.00048366799999999266,4.3574999999962394e-05,0.0008525160000000254,1962
generated-0637,generated,rare-event,class-complete,6,4,ambiguous,66,16,4,4,220,11,5,4,1,1,1,1,1,0,0,204,5460,4,3.476199999996599e-05,0.0005194420000000921,0.0001737779999999578,0.0010609750000000195,2265
generated-0638,generated,rare-event,seeded-omission,6,4,forced-incomplete,48,13,4,1,148,13,4,2,0,1,0,1,0,1,0,144,5460,3,2.549800000006819e-05,0.0003731550000000139,9.265800000002322e-05,0.0007280009999999226,1675
generated-0639,generated,rare-event,census,6,4,forced-complete,62,13,4,4,216,11,1,4,1,1,1,1,1,0,1,200,5460,5460,2.3835000000027584e-05,0.00048157500000001185,0.0004823769999999783,0.0013001699999999339,2090
generated-0640,generated,rare-event,one-per-bucket,6,4,forced-incomplete,75,17,4,2,244,12,3,2,0,1,0,1,0,1,0,236,5460,2,2.9003000000082935e-05,0.000601473000000019,8.588799999997843e-05,0.0010935839999999253,2388
generated-0641,generated,rare-event,class-exclusion,6,4,ambiguous,89,25,4,5,280,11,4,1,0,1,1,1,1,0,1,260,5461,1099,3.438100000008326e-05,0.0006688930000000592,0.0003354380000000212,0.0014773839999999705,2932
generated-0642,generated,rare-event,empty,8,4,forced-incomplete,45,7,4,1,160,16,1,0,0,0,0,0,0,1,0,156,87380,0,1.9778999999942037e-05,0.0004060430000000226,3.4851999999974126e-05,0.0007052670000000649,1610
generated-0643,generated,rare-event,class-complete,8,4,ambiguous,107,17,4,4,380,15,5,4,1,1,1,1,1,0,0,364,87380,4,3.286899999999093e-05,0.0008650949999999824,0.0001605479999999826,0.001608838999999973,3604
generated-0644,generated,rare-event,seeded-omission,8,4,forced-incomplete,124,24,4,2,412,16,4,0,0,1,0,1,0,1,0,404,87380,3,3.4140000000015824e-05,0.0009502310000000236,9.99289999999986e-05,0.0017012859999999685,4120
generated-0645,generated,rare-event,census,8,4,forced-complete,86,13,4,4,312,15,1,4,1,1,1,1,1,0,1,296,87380,87380,3.135600000003791e-05,0.0007539500000000032,0.0004517710000000452,0.0017339149999999748,2960
generated-0646,generated,rare-event,one-per-bucket,8,4,forced-incomplete,56,9,4,1,196,16,2,0,0,1,0,1,0,1,0,192,87380,1,2.9283000000046577e-05,0.000476217000000001,6.16210000000672e-05,0.00097746200000004,1990
generated-0647,generated,rare-event,class-exclusion,8,4,ambiguous,124,24,4,4,420,15,2,3,0,1,1,1,1,0,1,404,87380,86050,3.129700000004121e-05,0.0009613479999999175,0.00041437599999993857,0.0020550419999999514,4274
generated-0648,generated,rare-event,empty,12,4,forced-incomplete,134,13,4,3,500,24,1,0,0,0,0,0,0,1,0,488,22369621,0,3.0906000000108236e-05,0.0011528520000000375,5.396000000001955e-05,0.002158866000000037,4874
generated-0649,generated,rare-event,class-complete,12,4,ambiguous,171,17,4,4,636,23,5,4,1,1,1,1,1,0,0,620,22369620,4,3.9938999999988845e-05,0.0015921539999999013,0.00019084400000002333,0.002747300000000008,6338
generated-0650,generated,rare-event,seeded-omission,12,4,forced-incomplete,120,13,4,1,436,25,4,2,0,1,0,1,0,1,0,432,22369620,3,3.749500000005401e-05,0.0009926639999999765,8.05300000000786e-05,0.0018525010000000064,4565
generated-0651,generated,rare-event,census,12,4,forced-complete,134,13,4,4,504,23,1,4,1,1,1,1,1,0,1,488,22369620,22369620,2.8282000000046104e-05,0.0011013850000000103,0.0004245699999999575,0.00226984100000005,5062
generated-0652,generated,rare-event,one-per-bucket,12,4,forced-incomplete,171,17,4,2,628,23,3,2,0,1,0,1,0,1,0,620,22369620,2,3.668499999998076e-05,0.0015711529999999918,9.368900000006342e-05,0.0026182189999999217,6220
generated-0653,generated,rare-event,class-exclusion,12,4,ambiguous,233,25,4,4,852,23,5,1,0,1,1,1,1,0,0,836,22369620,3756382,4.6178000000063335e-05,0.0018686350000000074,0.0003337159999999839,0.0037537450000000305,8703
generated-0654,generated,rare-event,empty,24,4,forced-incomplete,141,7,4,1,544,49,1,0,0,0,0,0,0,1,0,540,375299968947540,0,3.424100000004593e-05,0.0012771160000000226,3.764600000000229e-05,0.002238023000000089,7148
generated-0655,generated,rare-event,class-complete,24,4,ambiguous,363,17,4,5,1408,48,4,4,1,0,1,1,1,0,1,1388,375299968947541,4,5.043500000001533e-05,0.0032314289999999524,0.000171293999999933,0.005502170999999945,18328
generated-0656,generated,rare-event,seeded-omission,24,4,forced-incomplete,521,25,4,2,1996,48,4,0,0,1,0,1,0,1,0,1988,375299968947540,3,5.916799999994282e-05,0.0045750840000000625,0.00010360399999997938,0.007794734999999942,26391
generated-0657,generated,rare-event,census,24,4,forced-complete,278,13,4,4,1080,48,1,4,1,1,1,1,1,0,1,1064,375299968947540,375299968947540,0.00012088899999995739,0.0024659120000000145,0.00048166499999990897,0.004672407999999906,14173
generated-0658,generated,rare-event,one-per-bucket,24,4,forced-incomplete,184,9,4,1,708,49,2,0,0,1,0,1,0,1,0,704,375299968947540,1,4.155199999988923e-05,0.001752242000000015,7.42199999999027e-05,0.002901768999999943,9358
generated-0659,generated,rare-event,class-exclusion,24,4,ambiguous,521,25,4,4,2004,47,5,3,0,1,1,1,1,0,0,1988,375299968947540,97689252310530,4.837199999996322e-05,0.005523151000000004,0.00048247699999981464,0.00941089500000003,26856
generated-0660,generated,rare-event,empty,3,4,forced-incomplete,21,11,4,2,52,5,1,0,0,0,0,0,0,1,0,44,84,0,6.33439999999652e-05,0.000909099999999885,4.9903999999934e-05,0.00115382399999997,816
generated-0661,generated,rare-event,class-complete,3,4,ambiguous,27,14,3,4,68,5,4,3,1,0,1,1,1,0,0,56,84,3,2.9202999999977663e-05,0.00022138900000001627,8.715999999986401e-05,0.0005107490000000325,1047
generated-0662,generated,rare-event,seeded-omission,3,4,forced-incomplete,16,8,2,2,40,6,2,0,0,0,0,1,0,1,0,36,85,1,2.2253000000027612e-05,0.0002140680000000117,3.3219000000084264e-05,0.00035783100000008616,709
generated-0663,generated,rare-event,census,3,4,forced-complete,26,13,4,4,72,5,1,4,1,1,1,1,1,0,1,56,84,84,2.0079000000006175e-05,0.00020207999999999338,0.00034749599999983616,0.0007228930000000577,1003
generated-0664,generated,rare-event,one-per-bucket,3,4,forced-incomplete,27,14,3,2,62,5,3,1,0,1,0,1,0,1,0,56,84,2,2.7561000000009273e-05,0.00023883399999991006,6.136099999998201e-05,0.0005284549999999832,988
generated-0665,generated,rare-event,class-exclusion,3,4,ambiguous,27,14,2,4,64,5,2,1,0,1,1,1,1,0,1,56,84,39,2.0290000000144914e-05,0.00020404299999987607,8.925299999984482e-05,0.00043593699999999735,1003
generated-0666,generated,rare-event,empty,4,4,forced-incomplete,21,7,4,1,64,8,1,0,0,0,0,0,0,1,0,60,340,0,4.482699999996953e-05,0.00017702200000013768,3.168699999989144e-05,0.0003656530000000213,815
generated-0667,generated,rare-event,class-complete,4,4,ambiguous,43,17,4,4,124,7,5,4,1,0,1,1,1,0,0,108,340,4,2.559799999990453e-05,0.000314447000000051,0.00012587699999988544,0.0006671910000000114,1513
generated-0668,generated,rare-event,seeded-omission,4,4,forced-incomplete,44,18,2,2,112,8,2,0,0,0,0,1,0,1,0,108,340,1,2.586900000012271e-05,0.00038669400000013177,3.443100000000143e-05,0.0006515369999999798,1387
generated-0669,generated,rare-event,census,4,4,forced-complete,38,13,4,5,124,7,1,4,1,1,1,1,1,0,1,104,341,341,2.4397000000009328e-05,0.0004446100000001785,0.0004605339999999014,0.0012004730000001462,1360
generated-0670,generated,rare-event,one-per-bucket,4,4,forced-incomplete,24,9,4,1,68,8,2,0,0,1,0,1,0,1,0,64,340,1,2.118099999992573e-05,0.00026509300000010505,5.5982999999981686e-05,0.0004704579999998959,940
generated-0671,generated,rare-event,class-exclusion,4,4,ambiguous,37,16,2,4,96,7,2,1,0,1,1,1,1,0,1,88,340,120,2.0689999999934372e-05,0.00026937999999998574,8.936199999998173e-05,0.0005466920000001263,1294
generated-0672,generated,rare-event,empty,6,4,forced-incomplete,62,13,4,2,208,11,1,0,0,0,0,0,0,1,0,200,5460,0,1.8558000000057362e-05,0.0005574280000000265,4.7160000000046054e-05,0.0009719829999998986,1962
generated-0673,generated,rare-event,class-complete,6,4,ambiguous,66,16,4,4,220,11,5,4,1,1,1,1,1,0,0,204,5460,4,3.6113999999809465e-05,0.0006393600000000887,0.0001597779999999993,0.001172702000000081,2265
generated-0674,generated,rare-event,seeded-omission,6,4,forced-incomplete,48,13,4,1,148,13,4,2,0,1,0,1,0,1,0,144,5460,3,2.872300000000827e-05,0.00041238300000001615,7.812600000001169e-05,0.0007623820000000059,1675
generated-0675,generated,rare-event,census,6,4,forced-complete,62,13,4,4,216,11,1,4,1,1,1,1,1,0,1,200,5460,5460,2.4836999999999776e-05,0.0005611430000000972,0.00044148500000007473,0.001348882999999912,2090
generated-0676,generated,rare-event,one-per-bucket,6,4,forced-incomplete,75,17,4,3,248,12,3,3,0,1,0,1,0,1,1,236,5461,3,3.419100000012776e-05,0.0006915270000000806,0.00011789600000011724,0.0012538920000000342,2432
generated-0677,generated,rare-event,class-exclusion,6,4,ambiguous,89,25,4,4,276,11,5,1,0,1,1,1,1,0,0,260,5460,1098,3.19280000000699e-05,0.00067528299999986,0.00028133799999996434,0.001401701000000033,2895
generated-0678,generated,rare-event,empty,8,4,forced-incomplete,45,7,4,1,160,16,1,0,0,0,0,0,0,1,0,156,87380,0,2.0480000000100418e-05,0.00037133099999997476,3.5784000000038674e-05,0.0006930899999999518,1610
generated-0679,generated,rare-event,class-complete,8,4,ambiguous,107,17,4,4,380,15,5,4,1,1,1,1,1,0,0,364,87380,4,3.597399999999418e-05,0.0009153100000001135,0.00015875500000017695,0.0016779209999999711,3604
generated-0680,generated,rare-event,seeded-omission,8,4,forced-incomplete,137,25,4,2,460,16,4,0,0,1,0,1,0,1,0,452,87380,3,3.50520000000909e-05,0.0011301779999999262,9.933699999997714e-05,0.0019783169999998407,4454
generated-0681,generated,rare-event,census,8,4,forced-complete,86,13,4,4,312,15,1,4,1,1,1,1,1,0,1,296,87380,87380,3.239800000010007e-05,0.0006751430000000447,0.0006196800000000113,0.0018584999999999852,2960
generated-0682,generated,rare-event,one-per-bucket,8,4,forced-incomplete,56,9,4,1,196,16,2,0,0,1,0,1,0,1,0,192,87380,1,2.5987999999976807e-05,0.000498008999999966,6.148200000000159e-05,0.0008907229999999267,1990
generated-0683,generated,rare-event,class-exclusion,8,4,ambiguous,124,24,4,5,424,15,2,3,0,1,1,1,1,0,1,404,87381,86051,3.4341000000104316e-05,0.0010915409999998626,0.00047528599999990817,0.0022590950000000998,4312
generated-0684,generated,rare-event,empty,12,4,forced-incomplete,134,13,4,2,496,24,1,0,0,0,0,0,0,1,0,488,22369620,0,2.644000000007196e-05,0.001080143999999894,4.5137000000083916e-05,0.0018628760000001243,4846
generated-0685,generated,rare-event,class-complete,12,4,ambiguous,171,17,4,4,636,23,5,4,1,1,1,1,1,0,0,620,22369620,4,4.311499999998247e-05,0.0016647620000000973,0.00016021799999998976,0.003056759000000131,6338
generated-0686,generated,rare-event,seeded-omission,12,4,forced-incomplete,120,13,4,1,436,25,4,2,0,1,0,1,0,1,0,432,22369620,3,3.60040000000339e-05,0.0010449820000000276,7.93380000001509e-05,0.001802706999999959,4565
generated-0687,generated,rare-event,census,12,4,forced-complete,134,13,4,4,504,23,1,4,1,1,1,1,1,0,1,488,22369620,22369620,2.9302999999814006e-05,0.0011005840000000155,0.00042466100000004836,0.0022944270000000433,5062
generated-0688,generated,rare-event,one-per-bucket,12,4,forced-incomplete,171,17,4,2,628,23,3,2,0,1,0,1,0,1,0,620,22369620,2,4.0581000000150524e-05,0.001411756999999847,9.320900000009402e-05,0.0025407429999999565,6220
generated-0689,generated,rare-event,class-exclusion,12,4,ambiguous,233,25,4,4,852,23,5,1,0,1,1,1,1,0,0,836,22369620,3756382,0.00011290799999996715,0.001900161999999872,0.0003211670000000666,0.0037483160000000293,8703
generated-0690,generated,rare-event,empty,24,4,forced-incomplete,141,7,4,2,548,49,1,0,0,0,0,0,0,1,0,540,375299968947541,0,3.5082999999991316e-05,0.0014501940000000157,4.752100000016135e-05,0.0023397139999998817,7176
generated-0691,generated,rare-event,class-complete,24,4,ambiguous,336,16,4,4,1300,48,5,4,1,1,1,1,1,0,0,1284,375299968947540,4,4.7391000000063244e-05,0.0030149469999998235,0.00016148999999998637,0.005107314000000196,17132
generated-0692,generated,rare-event,seeded-omission,24,4,forced-incomplete,521,25,4,2,1996,48,4,0,0,1,0,1,0,1,0,1988,375299968947540,3,6.573699999989913e-05,0.004947306999999901,0.00010443500000012484,0.008610125999999996,26391
generated-0693,generated,rare-event,census,24,4,forced-complete,278,13,4,4,1080,48,1,4,1,1,1,1,1,0,1,1064,375299968947540,375299968947540,6.130100000012462e-05,0.0030562579999999784,0.0004833579999998783,0.005521960000000048,14173
generated-0694,generated,rare-event,one-per-bucket,24,4,forced-incomplete,184,9,4,1,708,49,2,0,0,1,0,1,0,1,0,704,375299968947540,1,0.0001054069999999463,0.001673504999999853,6.632800000017092e-05,0.0029286589999999446,9358
generated-0695,generated,rare-event,class-exclusion,24,4,ambiguous,492,24,4,4,1892,47,5,3,0,1,1,1,1,0,0,1876,375299968947540,97689252310530,4.5567999999995834e-05,0.005574387000000014,0.0008022110000001081,0.009340791999999931,25643
generated-0696,generated,rare-event,empty,3,4,forced-incomplete,26,13,4,2,64,5,1,0,0,0,0,0,0,1,0,56,84,0,8.271300000006754e-05,0.0003373310000001073,4.7149999999884784e-05,0.0006609719999999264,923
generated-0697,generated,rare-event,class-complete,3,4,ambiguous,27,14,3,5,71,5,4,3,1,0,1,1,1,0,0,56,85,3,3.270900000007515e-05,0.0002249940000000894,9.218699999991031e-05,0.00048731399999990543,1079
generated-0698,generated,rare-event,seeded-omission,3,4,forced-incomplete,16,8,2,1,38,6,2,0,0,1,0,1,0,1,0,36,84,1,2.1723000000140047e-05,0.00014463499999983753,2.9233000000017384e-05,0.000333665000000094,683
generated-0699,generated,rare-event,census,3,4,forced-complete,21,11,4,4,60,5,1,4,1,1,1,1,1,0,1,44,84,84,2.1692999999878282e-05,0.00017815499999995765,0.0003668439999999773,0.0006822829999999502,897
generated-0700,generated,rare-event,one-per-bucket,3,4,forced-incomplete,22,12,3,2,50,5,3,1,0,1,0,1,0,1,0,44,84,2,2.537700000004861e-05,0.00017983700000012703,5.9597999999994045e-05,0.0003745459999999756,882
generated-0701,generated,rare-event,class-exclusion,3,4,ambiguous,27,14,2,4,64,5,2,1,0,1,1,1,1,0,1,56,84,39,1.976899999989179e-05,0.00020226999999994888,0.0001084510000000094,0.00045200099999997967,1003
generated-0702,generated,rare-event,empty,4,4,forced-incomplete,21,7,4,1,64,8,1,0,0,0,0,0,0,1,0,60,340,0,1.446199999999287e-05,0.0001760420000000984,3.172799999995313e-05,0.00033449699999987814,815
generated-0703,generated,rare-event,class-complete,4,4,ambiguous,43,17,4,4,124,7,5,4,1,0,1,1,1,0,0,108,340,4,2.6139000000036106e-05,0.00040176700000005283,0.00012833000000012085,0.0007580250000001065,1513
generated-0704,generated,rare-event,seeded-omission,4,4,forced-incomplete,44,18,2,3,114,8,2,0,0,0,0,1,0,1,0,108,341,1,2.9083000000040826e-05,0.00032917899999995726,3.7765999999939126e-05,0.0006546020000000041,1413
generated-0705,generated,rare-event,census,4,4,forced-complete,38,13,4,4,120,7,1,4,1,1,1,1,1,0,1,104,340,340,2.1722999999918002e-05,0.0002960599999999314,0.00042775500000002964,0.0009689790000000365,1332
generated-0706,generated,rare-event,one-per-bucket,4,4,forced-incomplete,24,9,4,1,68,8,2,0,0,1,0,1,0,1,0,64,340,1,2.0861000000094165e-05,0.00020471400000010576,5.603299999989986e-05,0.00042943799999983767,940
generated-0707,generated,rare-event,class-exclusion,4,4,ambiguous,37,16,2,4,96,7,2,1,0,1,1,1,1,0,1,88,340,120,2.078099999991423e-05,0.0002698999999999341,9.068499999997925e-05,0.0005490649999999597,1294
generated-0708,generated,rare-event,empty,6,4,forced-incomplete,62,13,4,2,208,11,1,0,0,0,0,0,0,1,0,200,5460,0,1.9097999999884152e-05,0.0004921509999999962,8.346400000003307e-05,0.000922529999999977,1962
generated-0709,generated,rare-event,class-complete,6,4,ambiguous,75,17,4,4,252,11,5,4,1,1,1,1,1,0,0,236,5460,4,3.919800000007356e-05,0.0006170659999999994,0.0001587349999998544,0.0012572470000000724,2477
generated-0710,generated,rare-event,seeded-omission,6,4,forced-incomplete,48,13,4,1,148,13,4,2,0,1,0,1,0,1,0,144,5460,3,2.6008000000077303e-05,0.0003955469999998851,7.716399999990742e-05,0.0007366339999999028,1675
generated-0711,generated,rare-event,census,6,4,forced-complete,62,13,4,5,220,11,1,4,1,1,1,1,1,0,1,200,5461,5461,2.5448000000150017e-05,0.0005664610000000181,0.0004914600000001101,0.0013983870000000564,2118
generated-0712,generated,rare-event,one-per-bucket,6,4,forced-incomplete,66,16,4,2,212,11,3,2,0,1,0,1,0,1,0,204,5460,2,3.246799999989669e-05,0.0005399110000001706,9.120500000014964e-05,0.001066522999999986,2176
generated-0713,generated,rare-event,class-exclusion,6,4,ambiguous,89,25,4,4,276,11,5,1,0,1,1,1,1,0,0,260,5460,1098,3.125599999997952e-05,0.0006770050000000083,0.0002844130000001499,0.0014254970000000533,2895
generated-0714,generated,rare-event,empty,8,4,forced-incomplete,45,7,4,1,160,16,1,0,0,0,0,0,0,1,0,156,87380,0,2.1953000000074496e-05,0.00038111600000001467,3.7255000000069316e-05,0.0007681109999999602,1610
generated-0715,generated,rare-event,class-complete,8,4,ambiguous,107,17,4,4,380,15,5,4,1,1,1,1,1,0,0,364,87380,4,3.6703999999998516e-05,0.0009660639999999887,0.00016333299999993223,0.0018476430000000654,3604
generated-0716,generated,rare-event,seeded-omission,8,4,forced-incomplete,137,25,4,2,460,16,4,0,0,1,0,1,0,1,0,452,87380,3,3.7975999999995125e-05,0.0011085959999999062,9.990900000000913e-05,0.00202434600000001,4454
generated-0717,generated,rare-event,census,8,4,forced-complete,86,13,4,4,312,15,1,4,1,1,1,1,1,0,1,296,87380,87380,3.1997000000005826e-05,0.0006929490000000538,0.00045011899999991556,0.0016765199999999592,2960
generated-0718,generated,rare-event,one-per-bucket,8,4,forced-incomplete,56,9,4,2,200,16,2,1,0,1,0,1,0,1,1,192,87381,2,2.8912999999963773e-05,0.0005570870000000117,8.469600000005073e-05,0.0009825199999999867,2034
generated-0719,generated,rare-event,class-exclusion,8,4,ambiguous,124,24,4,4,420,15,2,3,0,1,1,1,1,0,1,404,87380,86050,3.302900000012876e-05,0.0009660950000001112,0.00041415500000008265,0.00213660300000007,4274
generated-0720,generated,rare-event,empty,12,4,forced-incomplete,134,13,4,2,496,24,1,0,0,0,0,0,0,1,0,488,22369620,0,2.5928999999980107e-05,0.001198961000000054,4.588899999991014e-05,0.0019918779999998915,4846
generated-0721,generated,rare-event,class-complete,12,4,ambiguous,171,17,4,4,636,23,5,4,1,1,1,1,1,0,0,620,22369620,4,4.071100000002659e-05,0.0014036039999998362,0.0002276779999998979,0.002790854999999981,6338
generated-0722,generated,rare-event,seeded-omission,12,4,forced-incomplete,120,13,4,1,436,25,4,2,0,1,0,1,0,1,0,432,22369620,3,3.60630000000306e-05,0.0010575099999998727,7.931799999982836e-05,0.0018482550000000764,4565
generated-0723,generated,rare-event,census,12,4,forced-complete,134,13,4,4,504,23,1,4,1,1,1,1,1,0,1,488,22369620,22369620,2.8190999999955224e-05,0.0011346949999999634,0.0004289270000001899,0.0023128740000000203,5062
generated-0724,generated,rare-event,one-per-bucket,12,4,forced-incomplete,171,17,4,2,628,23,3,2,0,1,0,1,0,1,0,620,22369620,2,3.915800000009462e-05,0.0014155819999999153,8.859199999999845e-05,0.0024916600000000066,6220
generated-0725,generated,rare-event,class-exclusion,12,4,ambiguous,233,25,4,5,856,23,4,1,0,1,1,1,1,0,1,836,22369621,3756383,4.892200000017333e-05,0.001841254999999986,0.00036240799999998075,0.003590402000000159,8773
generated-0726,generated,rare-event,empty,24,4,forced-incomplete,141,7,4,1,544,49,1,0,0,0,0,0,0,1,0,540,375299968947540,0,3.523299999996787e-05,0.0012885439999998916,3.945900000013047e-05,0.0022286600000001044,7148
generated-0727,generated,rare-event,class-complete,24,4,ambiguous,363,17,4,4,1404,48,5,4,1,1,1,1,1,0,0,1388,375299968947540,4,5.9137000000042406e-05,0.0032399720000000354,0.00016237100000005,0.005476442000000192,18292
generated-0728,generated,rare-event,seeded-omission,24,4,forced-incomplete,492,24,4,2,1884,48,4,0,0,1,0,1,0,1,0,1876,375299968947540,3,5.919799999998254e-05,0.004400504999999999,0.00010024899999994119,0.007423534000000176,25174
generated-0729,generated,rare-event,census,24,4,forced-complete,252,12,4,4,980,48,1,4,1,1,1,1,1,0,1,964,375299968947540,375299968947540,5.785599999996727e-05,0.002236141000000025,0.0004660119999999601,0.00414307199999997,13039
generated-0730,generated,rare-event,one-per-bucket,24,4,forced-incomplete,184,9,4,1,708,49,2,0,0,1,0,1,0,1,0,704,375299968947540,1,6.662899999998473e-05,0.0017114510000000305,6.396500000005467e-05,0.002855068999999988,9358
generated-0731,generated,rare-event,class-exclusion,24,4,ambiguous,521,25,4,4,2004,47,5,3,0,1,1,1,1,0,0,1988,375299968947540,97689252310530,4.555700000019591e-05,0.004682253999999997,0.0004406849999998297,0.00822753800000009,26856
generated-0732,generated,rare-event,empty,3,4,forced-incomplete,21,11,4,3,56,5,1,0,0,0,0,0,0,1,0,44,85,0,5.549199999999033e-05,0.00018455400000005895,5.029500000008902e-05,0.00043346400000010554,844
generated-0733,generated,rare-event,class-complete,3,4,ambiguous,27,14,3,4,68,5,4,3,1,0,1,1,1,0,0,56,84,3,2.5828000000061024e-05,0.00021148500000012227,8.904300000001086e-05,0.0004543649999999566,1047
generated-0734,generated,rare-event,seeded-omission,3,4,forced-incomplete,16,8,2,1,38,6,2,0,0,1,0,1,0,1,0,36,84,1,1.893799999996837e-05,0.0001356609999998426,2.7581000000109768e-05,0.00026382199999996914,683
generated-0735,generated,rare-event,census,3,4,forced-complete,21,11,4,4,60,5,1,4,1,1,1,1,1,0,1,44,84,84,1.8086999999944453e-05,0.00016534500000009444,0.00033010999999993906,0.0006138410000000594,897
generated-0736,generated,rare-event,one-per-bucket,3,4,forced-incomplete,22,12,3,2,50,5,3,1,0,1,0,1,0,1,0,44,84,2,2.393499999997495e-05,0.00017740299999990938,5.885699999996774e-05,0.0003655929999999419,882
generated-0737,generated,rare-event,class-exclusion,3,4,ambiguous,27,14,2,4,64,5,2,1,0,1,1,1,1,0,1,56,84,39,1.8587999999875038e-05,0.00019873500000011646,8.881199999999367e-05,0.0004267139999998282,1003
generated-0738,generated,rare-event,empty,4,4,forced-incomplete,21,7,4,1,64,8,1,0,0,0,0,0,0,1,0,60,340,0,1.4460999999910129e-05,0.0001774530000000496,3.25979999999948e-05,0.00033757099999998097,815
generated-0739,generated,rare-event,class-complete,4,4,ambiguous,43,17,4,5,128,7,5,4,1,0,1,1,1,0,0,108,341,4,2.8202000000199234e-05,0.00032319000000002873,0.00016265199999998536,0.000718617000000199,1551
generated-0740,generated,rare-event,seeded-omission,4,4,forced-incomplete,44,18,2,2,112,8,2,0,0,0,0,1,0,1,0,108,340,1,2.354499999990267e-05,0.000319854999999869,3.19879999999273e-05,0.000591989000000126,1387
generated-0741,generated,rare-event,census,4,4,forced-complete,32,12,4,4,100,7,1,4,1,1,1,1,1,0,1,84,340,340,1.9438000000038258e-05,0.0002508019999998279,0.0004269740000000244,0.0008549490000000493,1201
generated-0742,generated,rare-event,one-per-bucket,4,4,forced-incomplete,24,9,4,1,68,8,2,0,0,1,0,1,0,1,0,64,340,1,1.8287000000061227e-05,0.00020175900000007907,5.4040000000199484e-05,0.00040047500000017777,940
generated-0743,generated,rare-event,class-exclusion,4,4,ambiguous,44,18,2,4,116,7,2,1,0,1,1,1,1,0,1,108,340,120,2.0239999999782654e-05,0.00031456699999998783,8.993400000001373e-05,0.0006356540000000965,1450
generated-0744,generated,rare-event,empty,6,4,forced-incomplete,62,13,4,2,208,11,1,0,0,0,0,0,0,1,0,200,5460,0,1.7005999999986088e-05,0.0005274630000000613,4.332399999995573e-05,0.000901298999999911,1962
generated-0745,generated,rare-event,class-complete,6,4,ambiguous,66,16,4,4,220,11,5,4,1,1,1,1,1,0,0,204,5460,4,3.454199999985974e-05,0.0005130320000001909,0.00015808500000003,0.0010578510000001096,2265
generated-0746,generated,rare-event,seeded-omission,6,4,forced-incomplete,48,13,4,2,152,13,3,2,0,1,0,1,0,1,1,144,5461,3,2.7490999999990606e-05,0.00038220699999991226,8.92819999998018e-05,0.0007568440000000898,1709
generated-0747,generated,rare-event,census,6,4,forced-complete,62,13,4,4,216,11,1,4,1,1,1,1,1,0,1,200,5460,5460,2.340499999986534e-05,0.00048392799999996683,0.00046792499999992465,0.0013072810000001045,2090
generated-0748,generated,rare-event,one-per-bucket,6,4,forced-incomplete,75,17,4,2,244,12,3,2,0,1,0,1,0,1,0,236,5460,2,2.8683000000029324e-05,0.0005887749999999858,8.643800000007751e-05,0.0010825380000001328,2388
generated-0749,generated,rare-event,class-exclusion,6,4,ambiguous,89,25,4,4,276,11,5,1,0,1,1,1,1,0,0,260,5460,1098,2.9924000000125517e-05,0.000755902000000086,0.0002958490000000147,0.0015039830000000975,2895
generated-0750,generated,rare-event,empty,8,4,forced-incomplete,45,7,4,1,160,16,1,0,0,0,0,0,0,1,0,156,87380,0,1.9940000000051583e-05,0.00038047500000004675,3.613399999990996e-05,0.000686138999999919,1610
generated-0751,generated,rare-event,class-complete,8,4,ambiguous,96,16,4,4,340,15,5,4,1,1,1,1,1,0,0,324,87380,4,0.00012264200000000613,0.0008058559999999382,0.00015947600000010276,0.0016141969999998729,3324
generated-0752,generated,rare-event,seeded-omission,8,4,forced-incomplete,137,25,4,2,460,16,4,0,0,1,0,1,0,1,0,452,87380,3,3.49019999998923e-05,0.0010484369999999021,9.872600000004894e-05,0.0018920300000000445,4454
generated-0753,generated,rare-event,census,8,4,forced-complete,86,13,4,5,316,15,1,4,1,1,1,1,1,0,1,296,87381,87381,3.541199999990141e-05,0.0007112460000000542,0.0004743050000000082,0.001722218000000053,2988
generated-0754,generated,rare-event,one-per-bucket,8,4,forced-incomplete,56,9,4,1,196,16,2,0,0,1,0,1,0,1,0,192,87380,1,4.0170000000117057e-05,0.00046262700000010426,6.0970999999909736e-05,0.0008683599999999014,1990
generated-0755,generated,rare-event,class-exclusion,8,4,ambiguous,137,25,4,4,468,15,3,3,0,1,1,1,1,0,1,452,87380,86050,3.257899999997704e-05,0.0010409960000001828,0.00041257200000011096,0.002192154999999918,4610
generated-0756,generated,rare-event,empty,12,4,forced-incomplete,134,13,4,2,496,24,1,0,0,0,0,0,0,1,0,488,22369620,0,2.531699999996917e-05,0.0013448870000001278,4.655900000005708e-05,0.002143872999999852,4846
generated-0757,generated,rare-event,class-complete,12,4,ambiguous,171,17,4,4,636,23,5,4,1,1,1,1,1,0,0,620,22369620,4,4.1501000000110366e-05,0.0014840839999998856,0.00015991800000003664,0.002886747000000023,6338
generated-0758,generated,rare-event,seeded-omission,12,4,forced-incomplete,120,13,4,1,436,25,4,2,0,1,0,1,0,1,0,432,22369620,3,3.5551999999938744e-05,0.0009793240000000036,8.012899999987333e-05,0.0017557969999999479,4565
generated-0759,generated,rare-event,census,12,4,forced-complete,134,13,4,4,504,23,1,4,1,1,1,1,1,0,1,488,22369620,22369620,2.906400000002307e-05,0.0010896380000000594,0.00042429999999993306,0.002254548000000023,5062
generated-0760,generated,rare-event,one-per-bucket,12,4,forced-incomplete,156,16,4,3,576,23,3,3,0,1,0,1,0,1,1,564,22369621,3,4.081000000000223e-05,0.001442261999999861,0.00011923699999982773,0.0024465629999999017,5821
generated-0761,generated,rare-event,class-exclusion,12,4,ambiguous,233,25,4,4,852,23,5,1,0,1,1,1,1,0,0,836,22369620,3756382,4.147199999993134e-05,0.0018837080000000395,0.00031056200000012524,0.0034916850000001887,8703
generated-0762,generated,rare-event,empty,24,4,forced-incomplete,141,7,4,1,544,49,1,0,0,0,0,0,0,1,0,540,375299968947540,0,3.414099999998754e-05,0.0012635860000000942,3.9247999999991734e-05,0.0021557519999999553,7148
generated-0763,generated,rare-event,class-complete,24,4,ambiguous,336,16,4,4,1300,48,5,4,1,1,1,1,1,0,0,1284,375299968947540,4,4.441599999993606e-05,0.003008797999999979,0.00016602700000012405,0.005079613000000149,17132
generated-0764,generated,rare-event,seeded-omission,24,4,forced-incomplete,492,24,4,2,1884,48,4,0,0,1,0,1,0,1,0,1876,375299968947540,3,0.00014065799999984918,0.004452381999999977,0.0001053869999998458,0.06146584700000002,25174
generated-0765,generated,rare-event,census,24,4,forced-complete,278,13,4,4,1080,48,1,4,1,1,1,1,1,0,1,1064,375299968947540,375299968947540,7.036500000001666e-05,0.0024794620000001544,0.0004632780000000114,0.004723904999999862,14173
generated-0766,generated,rare-event,one-per-bucket,24,4,forced-incomplete,184,9,4,1,708,49,2,0,0,1,0,1,0,1,0,704,375299968947540,1,5.02050000001919e-05,0.0016851120000000996,6.422500000002884e-05,0.002868509000000019,9358
generated-0767,generated,rare-event,class-exclusion,24,4,ambiguous,521,25,4,5,2008,47,4,3,0,1,1,1,1,0,1,1988,375299968947541,97689252310531,5.0153999999968946e-05,0.004665418000000088,0.0004784110000000119,0.008216581999999972,26892
generated-0768,generated,rare-event,empty,3,4,forced-incomplete,26,13,4,2,64,5,1,0,0,0,0,0,0,1,0,56,84,0,5.83370000000194e-05,0.00021264600000003853,4.2682999999987814e-05,0.000450938999999817,923
generated-0769,generated,rare-event,class-complete,3,4,ambiguous,22,12,3,4,56,5,4,3,1,0,1,1,1,0,0,44,84,3,2.5908000000018916e-05,0.00018261099999983266,0.00010481500000003585,0.00042348900000011014,940
generated-0770,generated,rare-event,seeded-omission,3,4,forced-incomplete,16,8,2,1,38,6,2,0,0,1,0,1,0,1,0,36,84,1,1.8698000000094694e-05,0.00014118999999990223,2.824200000017818e-05,0.00026943000000012596,683
generated-0771,generated,rare-event,census,3,4,forced-complete,26,13,4,4,72,5,1,4,1,1,1,1,1,0,1,56,84,84,1.8346999999918623e-05,0.00020097800000007382,0.00038001399999987306,0.0007201599999999697,1003
generated-0772,generated,rare-event,one-per-bucket,3,4,forced-incomplete,22,12,3,2,50,5,3,0,0,1,0,1,0,1,0,44,84,2,2.2803000000015672e-05,0.00017921600000003757,5.908799999998493e-05,0.0003673360000000514,882
generated-0773,generated,rare-event,class-exclusion,3,4,ambiguous,27,14,2,4,64,5,2,1,0,1,1,1,1,0,1,56,84,39,1.9408999999859233e-05,0.00021892499999998094,8.911299999980749e-05,0.00044633299999996545,1003
generated-0774,generated,rare-event,empty,4,4,forced-incomplete,21,7,4,2,68,8,1,0,0,0,0,0,0,1,0,60,341,0,1.48120000000862e-05,0.00017862500000020987,3.911800000011567e-05,0.0003466450000000343,843
generated-0775,generated,rare-event,class-complete,4,4,ambiguous,43,17,4,4,124,7,5,4,1,0,1,1,1,0,0,108,340,4,2.6048999999916944e-05,0.00033873399999984066,0.00013423999999995218,0.0007057980000000352,1513
generated-0776,generated,rare-event,seeded-omission,4,4,forced-incomplete,37,16,2,2,92,8,2,0,0,0,0,1,0,1,0,88,340,1,2.5669000000005937e-05,0.000281407999999983,3.299900000008904e-05,0.0005174779999999046,1231
generated-0777,generated,rare-event,census,4,4,forced-complete,32,12,4,4,100,7,1,4,1,1,1,1,1,0,1,84,340,340,2.03709999999635e-05,0.0003262250000000133,0.00040884800000018373,0.0009146990000001853,1201
generated-0778,generated,rare-event,one-per-bucket,4,4,forced-incomplete,24,9,4,1,68,8,2,0,0,1,0,1,0,1,0,64,340,1,1.9688999999933898e-05,0.00024433200000006927,5.599299999992091e-05,0.00044656300000012195,940
generated-0779,generated,rare-event,class-exclusion,4,4,ambiguous,44,18,2,4,116,7,2,1,0,1,1,1,1,0,1,108,340,120,2.1541999999818984e-05,0.00031933499999992065,8.935300000012525e-05,0.0006247580000000585,1450
generated-0780,generated,rare-event,empty,6,4,forced-incomplete,62,13,4,2,208,11,1,0,0,0,0,0,0,1,0,200,5460,0,1.890799999992865e-05,0.00047624700000015174,4.532700000003942e-05,0.0008708829999999335,1962
generated-0781,generated,rare-event,class-complete,6,4,ambiguous,66,16,4,5,224,11,5,4,1,0,1,1,1,0,0,204,5461,4,3.85170000001267e-05,0.0005290760000000727,0.00018585600000009528,0.0011110899999999813,2303
generated-0782,generated,rare-event,seeded-omission,6,4,forced-incomplete,48,13,4,1,148,13,4,2,0,1,0,1,0,1,0,144,5460,3,2.6548999999986833e-05,0.0003771700000001488,7.761499999991983e-05,0.0007212409999999281,1675
generated-0783,generated,rare-event,census,6,4,forced-complete,54,12,4,4,188,11,1,4,1,1,1,1,1,0,1,172,5460,5460,2.346499999994478e-05,0.00043215199999990794,0.00045654799999983453,0.0011888260000001427,1896
generated-0784,generated,rare-event,one-per-bucket,6,4,forced-incomplete,75,17,4,2,244,12,3,2,0,1,0,1,0,1,0,236,5460,2,2.8983000000204484e-05,0.0005887550000001074,8.779999999997123e-05,0.0010775000000000645,2388
generated-0785,generated,rare-event,class-exclusion,6,4,ambiguous,89,25,4,4,276,11,5,1,0,1,1,1,1,0,0,260,5460,1098,3.190800000019145e-05,0.000681291999999889,0.0003063850000000201,0.0014669590000000454,2895
generated-0786,generated,rare-event,empty,8,4,forced-incomplete,45,7,4,1,160,16,1,0,0,0,0,0,0,1,0,156,87380,0,1.9989999999969754e-05,0.00038035499999988787,3.559300000000043e-05,0.0007002499999999579,1610
generated-0787,generated,rare-event,class-complete,8,4,ambiguous,107,17,4,4,380,15,5,4,1,1,1,1,1,0,0,364,87380,4,3.476099999999427e-05,0.0008581839999999286,0.00015965700000020178,0.0016042220000000995,3604
generated-0788,generated,rare-event,seeded-omission,8,4,forced-incomplete,124,24,4,3,416,16,4,0,0,0,0,1,0,1,0,404,87381,3,3.895800000019989e-05,0.0009678769999998948,0.00010646800000002621,0.0019298759999999415,4158
generated-0789,generated,rare-event,census,8,4,forced-complete,76,12,4,4,276,15,1,4,1,1,1,1,1,0,1,260,87380,87380,3.648400000000329e-05,0.0006386679999998979,0.0004603840000001469,0.0015560809999999314,2704
generated-0790,generated,rare-event,one-per-bucket,8,4,forced-incomplete,56,9,4,1,196,16,2,0,0,1,0,1,0,1,0,192,87380,1,2.5077000000095495e-05,0.0004847189999999113,5.79960000000046e-05,0.0008743589999999912,1990
generated-0791,generated,rare-event,class-exclusion,8,4,ambiguous,124,24,4,4,420,15,2,3,0,1,1,1,1,0,1,404,87380,86050,3.301899999996749e-05,0.0009771309999999644,0.0004163390000000433,0.0020796379999998837,4274
generated-0792,generated,rare-event,empty,12,4,forced-incomplete,134,13,4,2,496,24,1,0,0,0,0,0,0,1,0,488,22369620,0,4.14310000000917e-05,0.0011983899999998826,4.6919999999950335e-05,0.0020664879999998664,4846
generated-0793,generated,rare-event,class-complete,12,4,ambiguous,156,16,4,4,580,23,5,4,1,1,1,1,1,0,0,564,22369620,4,5.931799999991938e-05,0.0013333499999999,0.0001603379999999266,0.0023792730000000706,5893
generated-0794,generated,rare-event,seeded-omission,12,4,forced-incomplete,120,13,4,1,436,25,4,2,0,1,0,1,0,1,0,432,22369620,3,3.546300000012437e-05,0.0009884170000000747,8.188100000006138e-05,0.0017825569999998514,4565
generated-0795,generated,rare-event,census,12,4,forced-complete,134,13,4,5,508,23,1,4,1,1,1,1,1,0,1,488,22369621,22369621,3.2377999999999574e-05,0.0011272439999998607,0.0004979389999999473,0.002404870999999975,5090
generated-0796,generated,rare-event,one-per-bucket,12,4,forced-incomplete,156,16,4,2,572,23,3,2,0,1,0,1,0,1,0,564,22369620,2,3.6625000000123364e-05,0.0013191290000000855,0.00016051799999994287,0.0023611369999998466,5777
generated-0797,generated,rare-event,class-exclusion,12,4,ambiguous,216,24,4,4,788,23,5,1,0,1,1,1,1,0,0,772,22369620,3756382,4.0599999999946235e-05,0.0017429179999999267,0.0003396639999999618,0.00331245899999999,8206
generated-0798,generated,rare-event,empty,24,4,forced-incomplete,141,7,4,1,544,49,1,0,0,0,0,0,0,1,0,540,375299968947540,0,3.79070000000592e-05,0.0012694049999999457,3.899799999995679e-05,0.0021816799999998526,7148
generated-0799,generated,rare-event,class-complete,24,4,ambiguous,363,17,4,4,1404,48,5,4,1,1,1,1,1,0,0,1388,375299968947540,4,4.5688000000154716e-05,0.00332756100000009,0.00016785900000004794,0.005839501999999941,18292
generated-0800,generated,rare-event,seeded-omission,24,4,forced-incomplete,521,25,4,2,1996,48,4,0,0,1,0,1,0,1,0,1988,375299968947540,3,5.283900000008224e-05,0.004829732000000031,0.00011851600000001294,0.00820476399999992,26391
generated-0801,generated,rare-event,census,24,4,forced-complete,278,13,4,4,1080,48,1,4,1,1,1,1,1,0,1,1064,375299968947540,375299968947540,7.306799999995395e-05,0.0024820460000000155,0.0005032569999999792,0.004671336999999998,14173
generated-0802,generated,rare-event,one-per-bucket,24,4,forced-incomplete,184,9,4,2,712,49,2,1,0,1,0,1,0,1,1,704,375299968947541,2,4.442599999998631e-05,0.0017033690000000101,0.00011812499999996895,0.0029133259999999384,9402
generated-0803,generated,rare-event,class-exclusion,24,4,ambiguous,521,25,4,4,2004,47,5,3,0,1,1,1,1,0,0,1988,375299968947540,97689252310530,4.630900000002214e-05,0.004705337999999948,0.0004588010000000642,0.010305032999999963,26856
generated-0804,generated,rare-event,empty,3,4,forced-incomplete,21,11,4,2,52,5,1,0,0,0,0,0,0,1,0,44,84,0,4.685000000004269e-05,0.00018344300000006086,4.269299999992704e-05,0.00038926799999994266,816
generated-0805,generated,rare-event,class-complete,3,4,ambiguous,27,14,3,4,68,5,4,3,1,0,1,1,1,0,0,56,84,3,2.6940000000030828e-05,0.00023442799999995323,8.602800000001576e-05,0.00047616700000008283,1047
generated-0806,generated,rare-event,seeded-omission,3,4,forced-incomplete,16,8,2,1,38,6,2,0,0,1,0,1,0,1,0,36,84,1,1.9988999999998036e-05,0.00014637699999997533,3.0184999999960382e-05,0.00028732600000003217,683
generated-0807,generated,rare-event,census,3,4,forced-complete,26,13,4,4,72,5,1,4,1,1,1,1,1,0,1,56,84,84,2.0341000000034803e-05,0.00023421800000000825,0.00035465700000003597,0.0007386470000000367,1003
generated-0808,generated,rare-event,one-per-bucket,3,4,forced-incomplete,27,14,3,2,62,5,3,1,0,1,0,1,0,1,0,56,84,2,2.487699999997872e-05,0.00022391300000002,5.932799999996963e-05,0.00043304300000002183,988
generated-0809,generated,rare-event,class-exclusion,3,4,ambiguous,27,14,2,5,66,5,2,1,0,1,1,1,1,0,1,56,85,40,2.121199999993717e-05,0.00022234999999992677,0.00010086899999994792,0.0004693169999999691,1029
generated-0810,generated,rare-event,empty,4,4,forced-incomplete,21,7,4,1,64,8,1,0,0,0,0,0,0,1,0,60,340,0,1.3870000000082428e-05,0.00020932099999992904,3.4422000000033925e-05,0.00037049100000008384,815
generated-0811,generated,rare-event,class-complete,4,4,ambiguous,36,15,4,4,104,7,5,4,1,0,1,1,1,0,0,88,340,4,2.858300000008196e-05,0.0002848630000000796,0.00013102499999995132,0.0007201090000000798,1356
generated-0812,generated,rare-event,seeded-omission,4,4,forced-incomplete,44,18,2,2,112,8,2,0,0,0,0,1,0,1,0,108,340,1,2.3855999999988775e-05,0.0003381419999999302,3.400099999995021e-05,0.00059970999999992,1387
generated-0813,generated,rare-event,census,4,4,forced-complete,32,12,4,4,100,7,1,4,1,1,1,1,1,0,1,84,340,340,1.999999999990898e-05,0.00025188399999998,0.00044190600000004743,0.0008758300000000219,1201
generated-0814,generated,rare-event,one-per-bucket,4,4,forced-incomplete,24,9,4,1,68,8,2,0,0,1,0,1,0,1,0,64,340,1,1.971899999997362e-05,0.00020524499999996504,5.4891999999973073e-05,0.00040712399999998095,940
generated-0815,generated,rare-event,class-exclusion,4,4,ambiguous,37,16,2,4,96,7,2,1,0,1,1,1,1,0,1,88,340,120,1.996999999998028e-05,0.0003227299999999378,0.00015542099999998893,0.0006664400000000459,1294
generated-0816,generated,rare-event,empty,6,4,forced-incomplete,54,12,4,3,184,11,1,0,0,0,0,0,0,1,0,172,5461,0,1.8498000000088943e-05,0.00046599199999997065,5.0045000000054074e-05,0.0008157010000000575,1800
generated-0817,generated,rare-event,class-complete,6,4,ambiguous,66,16,4,4,220,11,5,4,1,1,1,1,1,0,0,204,5460,4,3.468100000003638e-05,0.0005439680000000058,0.00016017699999992807,0.0010764290000000454,2265
generated-0818,generated,rare-event,seeded-omission,6,4,forced-incomplete,48,13,4,1,148,13,4,2,0,1,0,1,0,1,0,144,5460,3,2.4617000000004552e-05,0.0003877660000000116,7.804599999994277e-05,0.0007282920000000193,1675
generated-0819,generated,rare-event,census,6,4,forced-complete,62,13,4,4,216,11,1,4,1,1,1,1,1,0,1,200,5460,5460,2.3144000000030474e-05,0.0005264409999999886,0.00045474499999997864,0.001320860999999951,2090
generated-0820,generated,rare-event,one-per-bucket,6,4,forced-incomplete,75,17,4,2,244,12,3,2,0,1,0,1,0,1,0,236,5460,2,3.070599999999146e-05,0.0005793910000000402,0.00010224199999997463,0.0011083050000000316,2388
generated-0821,generated,rare-event,class-exclusion,6,4,ambiguous,78,23,4,4,240,11,5,1,0,1,1,1,1,0,0,224,5460,1098,3.062600000003357e-05,0.0006125799999999737,0.0002810870000000687,0.0012944120000000225,2624
generated-0822,generated,rare-event,empty,8,4,forced-incomplete,45,7,4,1,160,16,1,0,0,0,0,0,0,1,0,156,87380,0,1.9589000000097556e-05,0.00042072499999989965,3.538299999994443e-05,0.0007282610000000078,1610
generated-0823,generated,rare-event,class-complete,8,4,ambiguous,107,17,4,5,384,15,5,4,1,0,1,1,1,0,0,364,87381,4,3.6613999999990376e-05,0.0008650040000000025,0.00016606699999999197,0.0016434210000000338,3642
generated-0824,generated,rare-event,seeded-omission,8,4,forced-incomplete,124,24,4,2,412,16,4,0,0,1,0,1,0,1,0,404,87380,3,3.749599999991471e-05,0.0009823290000000595,0.00016021799999998976,0.0020589879999999283,4120
generated-0825,generated,rare-event,census,8,4,forced-complete,86,13,4,4,312,15,1,4,1,1,1,1,1,0,1,296,87380,87380,2.8472000000001607e-05,0.0007113159999999619,0.00044022399999998907,0.0016483979999999399,2960
generated-0826,generated,rare-event,one-per-bucket,8,4,forced-incomplete,56,9,4,1,196,16,2,0,0,1,0,1,0,1,0,192,87380,1,2.4986999999976334e-05,0.00046795499999996437,6.208200000001884e-05,0.0008646939999999992,1990
generated-0827,generated,rare-event,class-exclusion,8,4,ambiguous,137,25,4,4,468,15,3,3,0,1,1,1,1,0,1,452,87380,86050,3.172699999998141e-05,0.0010690880000000513,0.00045106999999999786,0.0022311329999999963,4609
generated-0828,generated,rare-event,empty,12,4,forced-incomplete,134,13,4,2,496,24,1,0,0,0,0,0,0,1,0,488,22369620,0,2.433600000006919e-05,0.0014202789999999688,4.824199999997614e-05,0.002366383999999999,4846
generated-0829,generated,rare-event,class-complete,12,4,ambiguous,171,17,4,4,636,23,5,4,1,1,1,1,1,0,0,620,22369620,4,4.098099999993998e-05,0.0015136980000000078,0.0001622910000000921,0.0026445370000000024,6338
generated-0830,generated,rare-event,seeded-omission,12,4,forced-incomplete,120,13,4,2,440,25,3,2,0,1,0,1,0,1,1,432,22369621,3,3.862700000001329e-05,0.000985263000000014,9.41600000000653e-05,0.001753324000000056,4599
generated-0831,generated,rare-event,census,12,4,forced-complete,120,12,4,4,452,23,1,4,1,1,1,1,1,0,1,436,22369620,22369620,2.8081000000068634e-05,0.0009767400000000315,0.0004615949999999813,0.002110634,4641
generated-0832,generated,rare-event,one-per-bucket,12,4,forced-incomplete,171,17,4,2,628,23,3,2,0,1,0,1,0,1,0,620,22369620,2,3.510199999989805e-05,0.0014161229999999358,8.868200000000659e-05,0.002465139999999977,6220
generated-0833,generated,rare-event,class-exclusion,12,4,ambiguous,233,25,4,4,852,23,5,1,0,1,1,1,1,0,0,836,22369620,3756382,3.83369999999994e-05,0.001896125999999998,0.0004952950000000067,0.0036658029999999675,8703
generated-0834,generated,rare-event,empty,24,4,forced-incomplete,141,7,4,1,544,49,1,0,0,0,0,0,0,1,0,540,375299968947540,0,6.694000000007083e-05,0.0012781780000000742,3.8898000000009425e-05,0.002261467999999933,7148
generated-0835,generated,rare-event,class-complete,24,4,ambiguous,363,17,4,4,1404,48,5,4,1,1,1,1,1,0,0,1388,375299968947540,4,4.4786999999990584e-05,0.0035772020000000015,0.00017095400000000094,0.005852120000000016,18292
generated-0836,generated,rare-event,seeded-omission,24,4,forced-incomplete,521,25,4,2,1996,48,4,0,0,1,0,1,0,1,0,1988,375299968947540,3,5.68340000000056e-05,0.004695223000000026,0.00010415500000005018,0.007986099000000024,26391
generated-0837,generated,rare-event,census,24,4,forced-complete,278,13,4,5,1084,48,1,4,1,1,1,1,1,0,1,1064,375299968947541,375299968947541,5.952900000005812e-05,0.002463557999999977,0.0005118100000000014,0.004611738000000032,14201
generated-0838,generated,rare-event,one-per-bucket,24,4,forced-incomplete,184,9,4,1,708,49,2,0,0,1,0,1,0,1,0,704,375299968947540,1,4.1230999999974927e-05,0.001642688999999975,6.356400000007145e-05,0.002771195000000004,9358
generated-0839,generated,rare-event,class-exclusion,24,4,ambiguous,492,24,4,4,1892,47,5,3,0,1,1,1,1,0,0,1876,375299968947540,97689252310530,4.2041999999908874e-05,0.004714090000000004,0.0005699959999999615,0.008164243000000071,25643
generated-0840,generated,rare-event,empty,3,4,forced-incomplete,21,11,4,2,52,5,1,0,0,0,0,0,0,1,0,44,84,0,4.8512000000000555e-05,0.00019845399999995905,4.219299999996817e-05,0.00040389900000004086,816
generated-0841,generated,rare-event,class-complete,3,4,ambiguous,27,14,3,4,68,5,4,3,1,0,1,1,1,0,0,56,84,3,2.65890000000768e-05,0.0002131459999999974,8.490599999999571e-05,0.000452742000000006,1047
generated-0842,generated,rare-event,seeded-omission,3,4,forced-incomplete,16,8,2,1,38,6,2,0,0,1,0,1,0,1,0,36,84,1,1.818700000000284e-05,0.0001533980000000268,2.7920999999930807e-05,0.000279095000000007,683
generated-0843,generated,rare-event,census,3,4,forced-complete,26,13,4,4,72,5,1,4,1,1,1,1,1,0,1,56,84,84,1.8327000000040172e-05,0.00019579100000000071,0.00035780200000001816,0.0006924280000000227,1003
generated-0844,generated,rare-event,one-per-bucket,3,4,ambiguous,27,14,3,3,65,5,3,2,0,1,1,1,1,0,1,56,85,3,2.19919999999707e-05,0.00021015199999996348,7.969799999996141e-05,0.0004788310000000129,1013
generated-0845,generated,rare-event,class-exclusion,3,4,ambiguous,27,14,2,4,64,5,2,1,0,1,1,1,1,0,1,56,84,39,2.632899999999161e-05,0.00021981700000006654,9.389900000000839e-05,0.0005727509999999825,1003
generated-0846,generated,rare-event,empty,4,4,forced-incomplete,21,7,4,1,64,8,1,0,0,0,0,0,0,1,0,60,340,0,1.5342000000084788e-05,0.00018265100000003365,3.247800000005796e-05,0.00034666500000002376,815
generated-0847,generated,rare-event,class-complete,4,4,ambiguous,43,17,4,4,124,7,5,4,1,0,1,1,1,0,0,108,340,4,4.935299999997422e-05,0.0003600639999999933,0.00017746399999996054,0.00082524500000003,1513
generated-0848,generated,rare-event,seeded-omission,4,4,forced-incomplete,44,18,2,2,112,8,2,0,0,0,0,1,0,1,0,108,340,1,2.499700000002658e-05,0.00044538100000002245,3.576299999996646e-05,0.0007147720000000302,1387
generated-0849,generated,rare-event,census,4,4,forced-complete,32,12,4,4,100,7,1,4,1,1,1,1,1,0,1,84,340,340,2.064099999998792e-05,0.0003159689999999715,0.0004237999999999742,0.0009237020000000262,1201
generated-0850,generated,rare-event,one-per-bucket,4,4,forced-incomplete,24,9,4,1,68,8,2,0,0,1,0,1,0,1,0,64,340,1,2.018000000003628e-05,0.00020567500000001626,5.551299999995152e-05,0.000741151000000051,940
generated-0851,generated,rare-event,class-exclusion,4,4,ambiguous,37,16,2,5,98,7,2,1,0,1,1,1,1,0,1,88,341,121,2.6629000000055747e-05,0.0003120730000000238,0.00010590700000001618,0.00070185300000003,1320
generated-0852,generated,rare-event,empty,6,4,forced-incomplete,54,12,4,2,180,11,1,0,0,0,0,0,0,1,0,172,5460,0,2.243300000004389e-05,0.0004903480000000293,4.4555999999973395e-05,0.001033834999999983,1772
generated-0853,generated,rare-event,class-complete,6,4,ambiguous,75,17,4,4,252,11,5,4,1,1,1,1,1,0,0,236,5460,4,3.8327000000060174e-05,0.0006290339999999173,0.0002452440000000333,0.0014736890000000002,2477
generated-0854,generated,rare-event,seeded-omission,6,4,forced-incomplete,48,13,4,1,148,13,4,2,0,1,0,1,0,1,0,144,5460,3,2.8091999999979578e-05,0.0007041049999999549,8.625799999995021e-05,0.001065711999999941,1675
generated-0855,generated,rare-event,census,6,4,forced-complete,54,12,4,4,188,11,1,4,1,1,1,1,1,0,1,172,5460,5460,2.9342999999903974e-05,0.0004914099999999699,0.0004540939999999605,0.0016387840000000597,1896
generated-0856,generated,rare-event,one-per-bucket,6,4,forced-incomplete,66,16,4,2,212,11,3,2,0,1,0,1,0,1,0,204,5460,2,3.1737000000031657e-05,0.0005091560000000106,0.00010874100000002329,0.0009834210000000398,2176
generated-0857,generated,rare-event,class-exclusion,6,4,ambiguous,89,25,4,4,276,11,5,1,0,1,1,1,1,0,0,260,5460,1098,7.616300000001797e-05,0.000704064999999976,0.00030242899999999295,0.001509411000000016,2895
generated-0858,generated,rare-event,empty,8,4,forced-incomplete,45,7,4,2,164,16,1,0,0,0,0,0,0,1,0,156,87381,0,2.3133999999980226e-05,0.0003873949999999571,4.427600000000975e-05,0.0007364640000000477,1638
generated-0859,generated,rare-event,class-complete,8,4,ambiguous,107,17,4,4,380,15,5,4,1,1,1,1,1,0,0,364,87380,4,3.266899999998518e-05,0.0008651450000000116,0.00015854599999998165,0.0016255640000000238,3604
generated-0860,generated,rare-event,seeded-omission,8,4,forced-incomplete,137,25,4,2,460,16,4,0,0,1,0,1,0,1,0,452,87380,3,3.723499999996882e-05,0.0010558580000000761,9.999799999993453e-05,0.0019918279999999733,4454
generated-0861,generated,rare-event,census,8,4,forced-complete,86,13,4,4,312,15,1,4,1,1,1,1,1,0,1,296,87380,87380,2.9883999999924526e-05,0.0006964640000000077,0.0005307989999999707,0.001702117000000003,2960
generated-0862,generated,rare-event,one-per-bucket,8,4,forced-incomplete,56,9,4,1,196,16,2,0,0,1,0,1,0,1,0,192,87380,1,2.603899999997772e-05,0.0005041389999999035,5.988899999997965e-05,0.0008975330000000614,1990
generated-0863,generated,rare-event,class-exclusion,8,4,ambiguous,124,24,4,4,420,15,2,3,0,1,1,1,1,0,1,404,87380,86050,2.959400000002166e-05,0.0009569510000000392,0.00044104499999997326,0.0020317369999999224,4274
generated-0864,generated,rare-event,empty,12,4,forced-incomplete,134,13,4,2,496,24,1,0,0,0,0,0,0,1,0,488,22369620,0,2.8402000000093963e-05,0.0011157670000000453,4.676900000000206e-05,0.0020759729999999532,4846
generated-0865,generated,rare-event,class-complete,12,4,ambiguous,156,16,4,5,584,23,4,4,1,0,1,1,1,0,1,564,22369621,4,4.16219999999079e-05,0.0013916260000002012,0.00016773899999988906,0.0026158549999999448,5929
generated-0866,generated,rare-event,seeded-omission,12,4,forced-incomplete,120,13,4,1,436,25,4,2,0,1,0,1,0,1,0,432,22369620,3,3.554300000008226e-05,0.0009839010000001203,7.834700000008965e-05,0.001754725000000068,4565
generated-0867,generated,rare-event,census,12,4,forced-complete,134,13,4,4,504,23,1,4,1,1,1,1,1,0,1,488,22369620,22369620,2.98739999999853e-05,0.0011545049999999168,0.00046707300000004004,0.002374695999999954,5062
generated-0868,generated,rare-event,one-per-bucket,12,4,forced-incomplete,171,17,4,2,628,23,3,2,0,1,0,1,0,1,0,620,22369620,2,3.504199999992963e-05,0.001501399999999986,8.969300000005731e-05,0.002535275000000059,6220
generated-0869,generated,rare-event,class-exclusion,12,4,ambiguous,233,25,4,4,852,23,5,1,0,1,1,1,1,0,0,836,22369620,3756382,5.372900000000236e-05,0.0018918390000000063,0.000347486000000119,0.003515912000000121,8703
generated-0870,generated,rare-event,empty,24,4,forced-incomplete,141,7,4,1,544,49,1,0,0,0,0,0,0,1,0,540,375299968947540,0,3.132700000008093e-05,0.001270196999999973,3.759599999986207e-05,0.0021491909999999947,7148
generated-0871,generated,rare-event,class-complete,24,4,ambiguous,363,17,4,4,1404,48,5,4,1,1,1,1,1,0,0,1388,375299968947540,4,4.8252000000026385e-05,0.0033095540000001034,0.0001690709999999651,0.005790248000000053,18292
generated-0872,generated,rare-event,seeded-omission,24,4,forced-incomplete,492,24,4,3,1888,48,4,0,0,0,0,1,0,1,0,1876,375299968947541,3,6.1179999999883e-05,0.0047392070000000786,0.00011424999999998242,0.007888575000000175,25212
generated-0873,generated,rare-event,census,24,4,forced-complete,278,13,4,4,1080,48,1,4,1,1,1,1,1,0,1,1064,375299968947540,375299968947540,5.7224999999938575e-05,0.002534923999999883,0.000491398999999948,0.00471383000000003,14173
generated-0874,generated,rare-event,one-per-bucket,24,4,forced-incomplete,184,9,4,1,708,49,2,0,0,1,0,1,0,1,0,704,375299968947540,1,4.133100000003331e-05,0.001995162999999911,6.63379999998881e-05,0.0031405429999999956,9358
generated-0875,generated,rare-event,class-exclusion,24,4,ambiguous,521,25,4,4,2004,47,5,3,0,1,1,1,1,0,0,1988,375299968947540,97689252310530,4.620899999996375e-05,0.004588422999999953,0.00047843000000002966,0.008239765999999982,26856
generated-0876,generated,rare-event,empty,3,4,forced-incomplete,21,11,4,2,52,5,1,0,0,0,0,0,0,1,0,44,84,0,6.707000000005792e-05,0.0001772630000000941,4.312399999983896e-05,0.0003975699999998472,816
generated-0877,generated,rare-event,class-complete,3,4,ambiguous,27,14,3,4,68,5,4,3,1,0,1,1,1,0,0,56,84,3,2.511700000007444e-05,0.00021491899999981356,9.045399999996206e-05,0.0004584310000002034,1047
generated-0878,generated,rare-event,seeded-omission,3,4,forced-incomplete,16,8,2,1,38,6,2,0,0,1,0,1,0,1,0,36,84,1,1.7866000000088533e-05,0.00015606099999998513,2.7871999999984354e-05,0.0002815280000001419,683
generated-0879,generated,rare-event,census,3,4,forced-complete,26,13,4,5,76,5,1,4,1,1,1,1,1,0,1,56,85,85,1.9648999999954953e-05,0.00020067799999989866,0.00038245800000002994,0.0007284009999999341,1031
generated-0880,generated,rare-event,one-per-bucket,3,4,forced-incomplete,27,14,3,2,62,5,3,1,0,1,0,1,0,1,0,56,84,2,2.3575000000164437e-05,0.00022093800000000385,5.978800000017159e-05,0.00043101000000000944,988
generated-0881,generated,rare-event,class-exclusion,3,4,ambiguous,22,12,2,4,52,5,2,1,0,1,1,1,1,0,1,44,84,39,1.8447000000199054e-05,0.00017098399999992964,9.153600000000317e-05,0.0003821580000000768,897
generated-0882,generated,rare-event,empty,4,4,forced-incomplete,21,7,4,1,64,8,1,0,0,0,0,0,0,1,0,60,340,0,1.344999999997043e-05,0.000175550999999885,3.131600000005896e-05,0.0003321030000000835,815
generated-0883,generated,rare-event,class-complete,4,4,ambiguous,43,17,4,4,124,7,5,4,1,0,1,1,1,0,0,108,340,4,2.4665999999839983e-05,0.0003197650000001939,0.0001466480000000825,0.0006916169999999777,1513
generated-0884,generated,rare-event,seeded-omission,4,4,forced-incomplete,37,16,2,2,92,8,2,0,0,0,0,1,0,1,0,88,340,1,2.1752000000097027e-05,0.0002919830000001067,3.2959000000110095e-05,0.0005131320000000272,1231
generated-0885,generated,rare-event,census,4,4,forced-complete,38,13,4,4,120,7,1,4,1,1,1,1,1,0,1,104,340,340,1.866799999983293e-05,0.0002900109999999234,0.00046730400000005723,0.0009603570000000783,1332
generated-0886,generated,rare-event,one-per-bucket,4,4,forced-incomplete,24,9,4,2,72,8,2,1,0,1,0,1,0,1,1,64,341,2,2.2654000000121854e-05,0.00020742799999995398,7.689399999999402e-05,0.0004371389999999753,984
generated-0887,generated,rare-event,class-exclusion,4,4,ambiguous,37,16,2,4,96,7,2,1,0,1,1,1,1,0,1,88,340,120,1.954900000011861e-05,0.0002652340000000031,9.002399999991084e-05,0.0005574980000000451,1294
generated-0888,generated,rare-event,empty,6,4,forced-incomplete,62,13,4,2,208,11,1,0,0,0,0,0,0,1,0,200,5460,0,1.602400000000337e-05,0.0005159459999999338,4.253399999987195e-05,0.0008837719999998939,1962
generated-0889,generated,rare-event,class-complete,6,4,ambiguous,75,17,4,4,252,11,5,4,1,1,1,1,1,0,0,236,5460,4,3.326999999986313e-05,0.0005909980000000647,0.00015829499999986396,0.0011607540000000416,2477
generated-0890,generated,rare-event,seeded-omission,6,4,forced-incomplete,48,13,4,1,148,13,4,2,0,1,0,1,0,1,0,144,5460,3,2.64089999999495e-05,0.0003782420000000286,7.849599999998347e-05,0.0007496529999999613,1675
generated-0891,generated,rare-event,census,6,4,forced-complete,54,12,4,4,188,11,1,4,1,1,1,1,1,0,1,172,5460,5460,2.4926999999896893e-05,0.0004271550000001234,0.000448035999999874,0.0012085550000000556,1896
generated-0892,generated,rare-event,one-per-bucket,6,4,forced-incomplete,75,17,4,2,244,12,3,2,0,1,0,1,0,1,0,236,5460,2,2.85220000000308e-05,0.000586880999999817,8.650799999987413e-05,0.0010779309999999764,2388
generated-0893,generated,rare-event,class-exclusion,6,4,ambiguous,78,23,4,5,244,11,4,1,0,1,1,1,1,0,1,224,5461,1099,3.2409000000122035e-05,0.0006831449999999961,0.0003244520000000861,0.001417023999999989,2661
generated-0894,generated,rare-event,empty,8,4,forced-incomplete,45,7,4,1,160,16,1,0,0,0,0,0,0,1,0,156,87380,0,2.0550000000119084e-05,0.0003790930000000525,3.5812999999995654e-05,0.0007182160000001048,1610
generated-0895,generated,rare-event,class-complete,8,4,ambiguous,107,17,4,4,380,15,5,4,1,1,1,1,1,0,0,364,87380,4,3.284900000011248e-05,0.0008683700000000627,0.00016187000000011942,0.0016393649999999482,3604
generated-0896,generated,rare-event,seeded-omission,8,4,forced-incomplete,137,25,4,2,460,16,4,0,0,1,0,1,0,1,0,452,87380,3,3.681500000007887e-05,0.0010434799999998745,0.00010074900000001108,0.0019029160000001433,4454
generated-0897,generated,rare-event,census,8,4,forced-complete,76,12,4,4,276,15,1,4,1,1,1,1,1,0,1,260,87380,87380,3.4882000000013846e-05,0.0006145529999999066,0.0004872240000000083,0.0016455840000000332,2704
generated-0898,generated,rare-event,one-per-bucket,8,4,forced-incomplete,56,9,4,1,196,16,2,0,0,1,0,1,0,1,0,192,87380,1,2.3545000000124716e-05,0.0004883259999999279,5.922800000002226e-05,0.0008803069999998581,1990
generated-0899,generated,rare-event,class-exclusion,8,4,ambiguous,124,24,4,4,420,15,2,3,0,1,1,1,1,0,1,404,87380,86050,4.60979999998834e-05,0.0009448329999999228,0.0004383510000001145,0.002041110999999818,4274
generated-0900,generated,rare-event,empty,12,4,forced-incomplete,134,13,4,3,500,24,1,0,0,0,0,0,0,1,0,488,22369621,0,2.7231000000016437e-05,0.0010874949999999384,4.9913999999873226e-05,0.0019064010000000575,4874
generated-0901,generated,rare-event,class-complete,12,4,ambiguous,171,17,4,4,636,23,5,4,1,1,1,1,1,0,0,620,22369620,4,3.7444999999802775e-05,0.001418316000000086,0.00015780400000009465,0.002685848000000046,6338
generated-0902,generated,rare-event,seeded-omission,12,4,forced-incomplete,120,13,4,1,436,25,4,2,0,1,0,1,0,1,0,432,22369620,3,3.1737000000031657e-05,0.0009769909999999271,7.875700000004038e-05,0.0017383509999999713,4565
generated-0903,generated,rare-event,census,12,4,forced-complete,134,13,4,4,504,23,1,4,1,1,1,1,1,0,1,488,22369620,22369620,2.8241999999956136e-05,0.0010964780000000118,0.00045892199999997274,0.002309520000000065,5062
generated-0904,generated,rare-event,one-per-bucket,12,4,forced-incomplete,171,17,4,2,628,23,3,2,0,1,0,1,0,1,0,620,22369620,2,3.7115000000031984e-05,0.0014142699999999397,8.76800000000344e-05,0.0024626370000000453,6220
generated-0905,generated,rare-event,class-exclusion,12,4,ambiguous,233,25,4,4,852,23,5,1,0,1,1,1,1,0,0,836,22369620,3756382,3.7365999999927624e-05,0.0018545139999999183,0.0003442209999999779,0.003481329999999838,8703
generated-0906,generated,rare-event,empty,24,4,forced-incomplete,141,7,4,1,544,49,1,0,0,0,0,0,0,1,0,540,375299968947540,0,3.033499999993694e-05,0.0012678829999999142,3.733500000002721e-05,0.00212909200000011,7148
generated-0907,generated,rare-event,class-complete,24,4,ambiguous,363,17,4,5,1408,48,5,4,1,0,1,1,1,0,0,1388,375299968947541,4,4.582800000019205e-05,0.0032917980000000124,0.0001589060000000142,0.005590231999999862,18330
generated-0908,generated,rare-event,seeded-omission,24,4,forced-incomplete,521,25,4,2,1996,48,4,0,0,1,0,1,0,1,0,1988,375299968947540,3,7.556199999991797e-05,0.004600452000000033,0.00010175099999987225,0.007838881000000075,26391
generated-0909,generated,rare-event,census,24,4,forced-complete,278,13,4,4,1080,48,1,4,1,1,1,1,1,0,1,1064,375299968947540,375299968947540,6.0739999999892547e-05,0.0024914799999999904,0.00046744400000009456,0.004573771999999865,14173
generated-0910,generated,rare-event,one-per-bucket,24,4,forced-incomplete,184,9,4,1,708,49,2,0,0,1,0,1,0,1,0,704,375299968947540,1,4.232299999995526e-05,0.0016518729999999149,6.237199999992171e-05,0.0028075190000000916,9358
generated-0911,generated,rare-event,class-exclusion,24,4,ambiguous,521,25,4,4,2004,47,5,3,0,1,1,1,1,0,0,1988,375299968947540,97689252310530,4.473599999998967e-05,0.004726279,0.0005427860000000173,0.00847023800000013,26856
generated-0912,generated,rare-event,empty,3,4,forced-incomplete,26,13,4,2,64,5,1,0,0,0,0,0,0,1,0,56,84,0,5.4620999999865916e-05,0.0002106230000000764,4.176199999994523e-05,0.00044152499999983164,923
generated-0913,generated,rare-event,class-complete,3,4,ambiguous,27,14,3,4,68,5,4,3,1,0,1,1,1,0,0,56,84,3,2.5957999999937087e-05,0.00021436800000018685,0.00010718899999995202,0.00047851099999984825,1047
generated-0914,generated,rare-event,seeded-omission,3,4,forced-incomplete,16,8,2,2,40,6,2,0,0,0,0,1,0,1,0,36,85,1,2.0571000000080275e-05,0.00014241199999998067,3.106600000002402e-05,0.000278453999999817,709
generated-0915,generated,rare-event,census,3,4,forced-complete,26,13,4,4,72,5,1,4,1,1,1,1,1,0,1,56,84,84,1.8037000000026282e-05,0.00019490999999982606,0.0003862329999999581,0.0007232240000001333,1003
generated-0916,generated,rare-event,one-per-bucket,3,4,forced-incomplete,27,14,3,2,62,5,3,1,0,1,0,1,0,1,0,56,84,2,2.3175000000152934e-05,0.00020531499999987268,5.8215999999999823e-05,0.0004093980000001718,988
generated-0917,generated,rare-event,class-exclusion,3,4,ambiguous,27,14,2,4,64,5,2,1,0,1,1,1,1,0,1,56,84,39,1.8848000000071252e-05,0.00022071800000000863,8.82310000001052e-05,0.00044672400000012047,1003
generated-0918,generated,rare-event,empty,4,4,forced-incomplete,21,7,4,1,64,8,1,0,0,0,0,0,0,1,0,60,340,0,1.343000000009198e-05,0.00017651299999998926,3.128600000001924e-05,0.0003319429999999457,815
generated-0919,generated,rare-event,class-complete,4,4,ambiguous,43,17,4,4,124,7,5,4,1,0,1,1,1,0,0,108,340,4,2.5468000000028468e-05,0.0003436510000001114,0.00012592700000002566,0.00069741500000009,1513
generated-0920,generated,rare-event,seeded-omission,4,4,forced-incomplete,44,18,2,2,112,8,2,0,0,0,0,1,0,1,0,108,340,1,2.2782999999915177e-05,0.000325343000000089,4.7941000000051304e-05,0.0005934209999998163,1387
generated-0921,generated,rare-event,census,4,4,forced-complete,38,13,4,5,124,7,1,4,1,1,1,1,1,0,1,104,341,341,2.1172000000069247e-05,0.000326464999999887,0.0004745250000000034,0.0010142559999999357,1360
generated-0922,generated,rare-event,one-per-bucket,4,4,forced-incomplete,24,9,4,1,68,8,2,0,0,1,0,1,0,1,0,64,340,1,3.528200000002535e-05,0.0002013890000001073,5.393999999991905e-05,0.0004153459999998166,940
generated-0923,generated,rare-event,class-exclusion,4,4,ambiguous,44,18,2,4,116,7,2,1,0,1,1,1,1,0,1,108,340,120,1.9969000000008563e-05,0.0003144269999999505,9.05939999999994e-05,0.0006189190000001066,1450
generated-0924,generated,rare-event,empty,6,4,forced-incomplete,62,13,4,2,208,11,1,0,0,0,0,0,0,1,0,200,5460,0,1.722499999989857e-05,0.0004734429999999623,4.277299999988493e-05,0.0008510340000000838,1962
generated-0925,generated,rare-event,class-complete,6,4,ambiguous,75,17,4,4,252,11,5,4,1,1,1,1,1,0,0,236,5460,4,3.267900000003543e-05,0.0006189290000000458,0.00015942700000004528,0.001190196999999893,2477
generated-0926,generated,rare-event,seeded-omission,6,4,forced-incomplete,48,13,4,1,148,13,4,2,0,1,0,1,0,1,0,144,5460,3,2.5728000000002638e-05,0.00039552800000008936,7.785500000001555e-05,0.0007362829999999487,1675
generated-0927,generated,rare-event,census,6,4,forced-complete,62,13,4,4,216,11,1,4,1,1,1,1,1,0,1,200,5460,5460,2.2573999999941918e-05,0.0005892249999999155,0.000450950000000061,0.0013790479999999938,2090
generated-0928,generated,rare-event,one-per-bucket,6,4,forced-incomplete,75,17,4,3,248,12,3,3,0,1,0,1,0,1,1,236,5461,3,3.3480000000141175e-05,0.0005815030000000387,0.00011619299999998667,0.001129396999999921,2432
generated-0929,generated,rare-event,class-exclusion,6,4,ambiguous,78,23,4,4,240,11,5,1,0,1,1,1,1,0,0,224,5460,1098,3.108599999990247e-05,0.0005995700000001047,0.000288368999999955,0.0012930100000001499,2624
generated-0930,generated,rare-event,empty,8,4,forced-incomplete,45,7,4,1,160,16,1,0,0,0,0,0,0,1,0,156,87380,0,1.784700000007078e-05,0.0004000140000000041,3.513300000013153e-05,0.0007008600000000254,1610
generated-0931,generated,rare-event,class-complete,8,4,ambiguous,96,16,4,4,340,15,5,4,1,1,1,1,1,0,0,324,87380,4,3.106600000002402e-05,0.0007766430000000213,0.00015768399999993576,0.0014711749999998247,3324
generated-0932,generated,rare-event,seeded-omission,8,4,forced-incomplete,137,25,4,2,460,16,4,0,0,1,0,1,0,1,0,452,87380,3,3.456100000009954e-05,0.0010540059999999407,9.788499999996425e-05,0.0018662920000001026,4454
generated-0933,generated,rare-event,census,8,4,forced-complete,86,13,4,4,312,15,1,4,1,1,1,1,1,0,1,296,87380,87380,3.0924999999903946e-05,0.0006998089999998847,0.0004669740000000644,0.0016848220000000858,2960
generated-0934,generated,rare-event,one-per-bucket,8,4,forced-incomplete,56,9,4,1,196,16,2,0,0,1,0,1,0,1,0,192,87380,1,2.4135999999952418e-05,0.0007594280000000619,6.230200000012509e-05,0.0011569579999999302,1990
generated-0935,generated,rare-event,class-exclusion,8,4,ambiguous,124,24,4,5,424,15,2,3,0,1,1,1,1,0,1,404,87381,86051,3.538199999986169e-05,0.0009610469999998816,0.0004633780000000698,0.002154019000000007,4312
generated-0936,generated,rare-event,empty,12,4,forced-incomplete,134,13,4,2,496,24,1,0,0,0,0,0,0,1,0,488,22369620,0,2.855300000015326e-05,0.0011265129999999957,4.5117000000205465e-05,0.0020207899999999945,4846
generated-0937,generated,rare-event,class-complete,12,4,ambiguous,171,17,4,4,636,23,5,4,1,1,1,1,1,0,0,620,22369620,4,3.962899999998548e-05,0.0014266290000000126,0.00015947699999996345,0.0027481710000001325,6338
generated-0938,generated,rare-event,seeded-omission,12,4,forced-incomplete,120,13,4,1,436,25,4,2,0,1,0,1,0,1,0,432,22369620,3,3.33989999998785e-05,0.0013056190000000356,8.096099999987949e-05,0.002086228999999884,4565
generated-0939,generated,rare-event,census,12,4,forced-complete,134,13,4,4,504,23,1,4,1,1,1,1,1,0,1,488,22369620,22369620,2.832200000013607e-05,0.0011046809999999407,0.00044872599999989937,0.0023312120000000824,5062
generated-0940,generated,rare-event,one-per-bucket,12,4,forced-incomplete,171,17,4,2,628,23,3,2,0,1,0,1,0,1,0,620,22369620,2,3.568299999989755e-05,0.001412176999999959,8.698000000006978e-05,0.0024329229999999757,6220
generated-0941,generated,rare-event,class-exclusion,12,4,ambiguous,233,25,4,4,852,23,5,1,0,1,1,1,1,0,0,836,22369620,3756382,5.1946999999996635e-05,0.0018762359999999756,0.0003318030000001304,0.003481239999999941,8703
generated-0942,generated,rare-event,empty,24,4,forced-incomplete,141,7,4,2,548,49,1,0,0,0,0,0,0,1,0,540,375299968947541,0,3.3469999999979905e-05,0.0012697760000000002,4.554700000003464e-05,0.002142652000000078,7176
generated-0943,generated,rare-event,class-complete,24,4,ambiguous,336,16,4,4,1300,48,5,4,1,1,1,1,1,0,0,1284,375299968947540,4,5.852700000019695e-05,0.003015447999999976,0.0001638929999998595,0.0050882860000001084,17132
generated-0944,generated,rare-event,seeded-omission,24,4,forced-incomplete,521,25,4,2,1996,48,4,0,0,1,0,1,0,1,0,1988,375299968947540,3,5.339900000000952e-05,0.004589636000000175,0.00010134000000006083,0.007813523000000044,26391
generated-0945,generated,rare-event,census,24,4,forced-complete,252,12,4,4,980,48,1,4,1,1,1,1,1,0,1,964,375299968947540,375299968947540,5.8037000000066286e-05,0.002246666999999869,0.0004902680000000714,0.004196462000000123,13039
generated-0946,generated,rare-event,one-per-bucket,24,4,forced-incomplete,184,9,4,1,708,49,2,0,0,1,0,1,0,1,0,704,375299968947540,1,3.939799999996829e-05,0.0016676870000000843,6.216200000008776e-05,0.0028041850000000146,9358
generated-0947,generated,rare-event,class-exclusion,24,4,ambiguous,492,24,4,4,1892,47,5,3,0,1,1,1,1,0,0,1876,375299968947540,97689252310530,4.284399999998634e-05,0.0043267550000001265,0.0004660619999998783,0.0077339749999998375,25643
generated-0948,generated,rare-event,empty,3,4,forced-incomplete,21,11,4,2,52,5,1,0,0,0,0,0,0,1,0,44,84,0,5.1957000000157905e-05,0.00019326699999999697,4.243299999995287e-05,0.0003990130000000036,816
generated-0949,generated,rare-event,class-complete,3,4,ambiguous,27,14,3,5,71,5,4,3,1,0,1,1,1,0,0,56,85,3,2.961400000001113e-05,0.00021579100000002072,9.797599999994411e-05,0.0004753660000000881,1079
generated-0950,generated,rare-event,seeded-omission,3,4,forced-incomplete,16,8,2,1,38,6,2,0,0,1,0,1,0,1,0,36,84,1,1.6894999999905735e-05,0.0004351859999998098,3.423099999988466e-05,0.00056745299999994,683
generated-0951,generated,rare-event,census,3,4,forced-complete,21,11,4,4,60,5,1,4,1,1,1,1,1,0,1,44,84,84,2.0139999999946312e-05,0.00017580099999991994,0.00039434599999998987,0.0007002799999999976,897
generated-0952,generated,rare-event,one-per-bucket,3,4,forced-incomplete,27,14,3,2,62,5,3,1,0,1,0,1,0,1,0,56,84,2,2.510799999999591e-05,0.0002114539999999998,5.9108000000085426e-05,0.0004247299999999843,988
generated-0953,generated,rare-event,class-exclusion,3,4,ambiguous,22,12,2,4,52,5,2,1,0,1,1,1,1,0,1,44,84,39,1.971899999997362e-05,0.00019470900000007063,9.152600000006395e-05,0.0004096190000000277,897
generated-0954,generated,rare-event,empty,4,4,forced-incomplete,21,7,4,1,64,8,1,0,0,0,0,0,0,1,0,60,340,0,1.377000000002404e-05,0.00017780499999986432,3.191799999990863e-05,0.0003351179999999676,815
generated-0955,generated,rare-event,class-complete,4,4,ambiguous,43,17,4,4,124,7,5,4,1,0,1,1,1,0,0,108,340,4,2.4656999999983498e-05,0.00033831299999986797,0.0001267679999998883,0.0006889530000000477,1513
generated-0956,generated,rare-event,seeded-omission,4,4,forced-incomplete,44,18,2,3,114,8,2,0,0,0,0,1,0,1,0,108,341,1,2.4116000000073967e-05,0.0003881370000000661,3.731600000000945e-05,0.0006656579999999579,1413
generated-0957,generated,rare-event,census,4,4,forced-complete,32,12,4,4,100,7,1,4,1,1,1,1,1,0,1,84,340,340,1.959900000003678e-05,0.000299083999999894,0.00041831100000000454,0.000895960000000029,1201
generated-0958,generated,rare-event,one-per-bucket,4,4,forced-incomplete,24,9,4,1,68,8,2,0,0,1,0,1,0,1,0,64,340,1,1.9068000000066476e-05,0.0002032720000000321,5.429999999995161e-05,0.0004042009999998264,940
generated-0959,generated,rare-event,class-exclusion,4,4,ambiguous,37,16,2,4,96,7,2,1,0,1,1,1,1,0,1,88,340,120,1.9578999999936286e-05,0.00026680600000017485,9.192600000007545e-05,0.0005459000000000991,1294
generated-0960,generated,compound,empty,3,4,forced-incomplete,30,15,4,3,76,5,1,0,0,0,0,0,0,1,0,64,85,0,1.654399999995171e-05,0.0002759290000000636,4.7670999999915864e-05,0.0004984500000000391,1095
generated-0961,generated,compound,class-complete,3,4,ambiguous,30,15,4,4,80,4,5,4,1,1,1,1,1,0,0,64,84,4,2.9264000000139845e-05,0.00028536400000001017,0.0001487209999999628,0.0006271819999998929,1222
generated-0962,generated,compound,seeded-omission,3,4,forced-incomplete,20,9,4,1,52,5,4,2,0,1,0,1,0,1,0,48,84,3,2.1210999999965452e-05,0.00019439899999995625,7.241800000001852e-05,0.0004191719999999677,867
generated-0963,generated,compound,census,3,4,forced-complete,30,15,4,4,80,4,1,4,1,1,1,1,1,0,1,64,84,84,1.7346000000140194e-05,0.0002726749999999445,0.00039765000000002715,0.0008475180000000471,1157
generated-0964,generated,compound,one-per-bucket,3,4,forced-incomplete,30,15,4,2,72,5,3,2,0,1,0,1,0,1,0,64,84,2,2.352500000002422e-05,0.00026635600000002313,8.079999999988097e-05,0.0005276839999999172,1135
generated-0965,generated,compound,class-exclusion,3,4,ambiguous,30,15,4,4,80,4,3,1,0,1,1,1,1,0,1,64,84,59,2.4116000000073967e-05,0.00027958599999999834,0.00033044100000001464,0.0007988260000000302,1226
generated-0966,generated,compound,empty,4,4,forced-incomplete,28,9,4,1,84,8,1,0,0,0,0,0,0,1,0,80,340,0,1.4661999999887598e-05,0.0002616090000000515,3.200699999994505e-05,0.0004868730000000543,1025
generated-0967,generated,compound,class-complete,4,4,ambiguous,44,15,4,5,140,6,5,4,1,0,1,1,1,0,0,120,341,4,2.9384000000076682e-05,0.000439703000000069,0.00014967300000012784,0.0008761219999999792,1656
generated-0968,generated,compound,seeded-omission,4,4,forced-incomplete,44,15,4,2,128,7,4,0,0,1,0,1,0,1,0,120,340,3,2.7329999999992083e-05,0.00042237699999980727,9.20970000000132e-05,0.0007834939999999957,1538
generated-0969,generated,compound,census,4,4,forced-complete,44,15,4,4,136,6,1,4,1,1,1,1,1,0,1,120,340,340,2.1260999999883623e-05,0.0004252010000000972,0.00044538100000002245,0.001139051000000002,1566
generated-0970,generated,compound,one-per-bucket,4,4,forced-incomplete,28,9,4,1,84,8,2,0,0,1,0,1,0,1,0,80,340,1,2.139200000006447e-05,0.00029129199999999855,5.494200000000227e-05,0.0005345340000000309,1073
generated-0971,generated,compound,class-exclusion,4,4,ambiguous,44,15,4,4,136,7,2,3,0,1,1,1,1,0,1,120,340,210,2.7261000000056157e-05,0.0004108709999999238,0.0004261329999999397,0.001113573999999895,1636
generated-0972,generated,compound,empty,6,4,forced-incomplete,72,15,4,2,240,11,1,0,0,0,0,0,0,1,0,232,5460,0,2.248299999996206e-05,0.0007238349999998395,4.551699999999492e-05,0.0014330979999999105,2352
generated-0973,generated,compound,class-complete,6,4,ambiguous,72,15,4,4,248,11,5,4,1,1,1,1,1,0,0,232,5460,4,7.302799999986398e-05,0.0007772640000001108,0.00017383800000003724,0.046602704999999967,2519
generated-0974,generated,compound,seeded-omission,6,4,forced-incomplete,44,9,4,2,152,12,3,2,0,1,0,1,0,1,1,144,5461,3,3.841700000006831e-05,0.0004850210000000299,0.00010261299999991813,0.0009220400000000684,1638
generated-0975,generated,compound,census,6,4,forced-complete,72,15,4,4,248,11,1,4,1,1,1,1,1,0,1,232,5460,5460,2.8402000000093963e-05,0.0006982970000000144,0.00044887699999995867,0.0017426469999999306,2482
generated-0976,generated,compound,one-per-bucket,6,4,forced-incomplete,72,15,4,2,240,11,3,0,0,1,0,1,0,1,0,232,5460,2,3.025499999997905e-05,0.0007656870000001259,9.163600000006156e-05,0.0013046770000000318,2420
generated-0977,generated,compound,class-exclusion,6,4,ambiguous,72,15,4,4,248,11,3,1,0,1,1,1,1,0,1,232,5460,4494,3.8157000000094143e-05,0.0007122480000001374,0.00041149099999993055,0.0016355989999998766,2572
generated-0978,generated,compound,empty,8,4,forced-incomplete,60,9,4,1,212,17,1,0,0,0,0,0,0,1,0,208,87380,0,1.9529000000018115e-05,0.0005832160000001085,3.5812999999995654e-05,0.001018052000000047,2125
generated-0979,generated,compound,class-complete,8,4,ambiguous,100,15,4,4,360,15,5,4,1,1,1,1,1,0,0,344,87380,4,3.565300000007987e-05,0.0009926140000000583,0.00016093899999991557,0.001856897000000135,3552
generated-0980,generated,compound,seeded-omission,8,4,forced-incomplete,100,15,4,2,352,16,4,0,0,1,0,1,0,1,0,344,87380,3,3.3270000000085176e-05,0.0009294199999998476,0.00010011900000006513,0.001704441000000001,3457
generated-0981,generated,compound,census,8,4,forced-complete,100,15,4,5,364,15,1,4,1,1,1,1,1,0,1,344,87381,87381,2.90140000001049e-05,0.0009895300000000162,0.000520673000000027,0.0021767720000001045,3565
generated-0982,generated,compound,one-per-bucket,8,4,forced-incomplete,60,9,4,1,212,17,2,0,0,1,0,1,0,1,0,208,87380,1,2.4385999999987362e-05,0.0005977169999999976,5.950799999987488e-05,0.0010464439999999797,2173
generated-0983,generated,compound,class-exclusion,8,4,ambiguous,100,15,4,4,360,15,5,3,0,1,1,1,1,0,0,344,87380,19170,3.140700000003882e-05,0.0009806169999999614,0.0004277849999998473,0.0020729989999999088,3620
generated-0984,generated,compound,empty,12,4,forced-incomplete,156,15,4,2,576,24,1,0,0,0,0,0,0,1,0,568,22369620,0,2.372499999991895e-05,0.0014907640000001443,4.532700000003942e-05,0.002581143000000008,5839
generated-0985,generated,compound,class-complete,12,4,ambiguous,156,15,4,4,584,24,5,4,1,1,1,1,1,0,0,568,22369620,4,4.0570999999989255e-05,0.0015807080000000973,0.00016333299999993223,0.0027742299999999886,6028
generated-0986,generated,compound,seeded-omission,12,4,forced-incomplete,92,9,4,1,340,25,4,2,0,1,0,1,0,1,0,336,22369620,3,3.2637999999973744e-05,0.0009080580000000449,7.97180000000619e-05,0.0015785749999999155,3599
generated-0987,generated,compound,census,12,4,forced-complete,156,15,4,4,584,23,1,4,1,1,1,1,1,0,1,568,22369620,22369620,2.7701000000046605e-05,0.001596690999999817,0.000405121999999869,0.0030019080000001086,6043
generated-0988,generated,compound,one-per-bucket,12,4,forced-incomplete,156,15,4,3,580,24,3,3,0,1,0,1,0,1,1,568,22369621,3,4.0951000000122306e-05,0.001504874999999961,0.00011563199999997664,0.0026208519999999513,5951
generated-0989,generated,compound,class-exclusion,12,4,ambiguous,156,15,4,4,584,23,3,1,0,1,1,1,1,0,1,568,22369620,21580650,4.113099999991654e-05,0.0015708730000001392,0.00047268200000005756,0.003066723999999965,6184
generated-0990,generated,compound,empty,24,4,forced-incomplete,188,9,4,1,724,49,1,0,0,0,0,0,0,1,0,720,375299968947540,0,2.534700000000889e-05,0.002185725999999999,4.2223000000118915e-05,0.0035476679999999483,9568
generated-0991,generated,compound,class-complete,24,4,ambiguous,324,15,4,4,1256,48,5,4,1,1,1,1,1,0,0,1240,375299968947540,4,5.309900000005641e-05,0.0036114130000000078,0.00017017299999988467,0.006074519999999861,16663
generated-0992,generated,compound,seeded-omission,24,4,forced-incomplete,324,15,4,2,1248,48,4,0,0,1,0,1,0,1,0,1240,375299968947540,3,8.012899999987333e-05,0.003716008999999909,0.00011262800000011453,0.006215309999999974,16501
generated-0993,generated,compound,census,24,4,forced-complete,324,15,4,4,1256,48,1,4,1,1,1,1,1,0,1,1240,375299968947540,375299968947540,4.6999999999908226e-05,0.0034633130000001344,0.00046196600000003585,0.006188159999999998,16786
generated-0994,generated,compound,one-per-bucket,24,4,forced-incomplete,188,9,4,1,724,49,2,0,0,1,0,1,0,1,0,720,375299968947540,1,5.1086000000033494e-05,0.00208797000000005,6.660899999988423e-05,0.0034381549999999983,9616
generated-0995,generated,compound,class-exclusion,24,4,ambiguous,324,15,4,5,1260,48,4,3,0,1,1,1,1,0,1,1240,375299968947541,847255055011,4.757099999985748e-05,0.0034859359999999118,0.0005025260000000031,0.006121290000000057,16962
generated-0996,generated,compound,empty,3,4,forced-incomplete,30,15,4,2,72,5,1,0,0,0,0,0,0,1,0,64,84,0,4.013000000013811e-05,0.0002844220000000064,4.12210000000357e-05,0.0005251000000001671,1069
generated-0997,generated,compound,class-complete,3,4,ambiguous,30,15,4,4,80,4,5,4,1,0,1,1,1,0,0,64,84,4,3.010500000000249e-05,0.00028615499999995464,0.00014231100000006158,0.0006256490000000614,1222
generated-0998,generated,compound,seeded-omission,3,4,forced-incomplete,20,9,4,1,52,5,4,2,0,1,0,1,0,1,0,48,84,3,2.109199999988931e-05,0.00019436900000013857,7.44099999998582e-05,0.0004050410000000504,867
generated-0999,generated,compound,census,3,4,forced-complete,30,15,4,4,80,4,1,4,1,1,1,1,1,0,1,64,84,84,1.7244999999999067e-05,0.00029250400000013776,0.0003672749999998892,0.0008379640000000244,1157
generated-1000,generated,compound,one-per-bucket,3,4,forced-incomplete,30,15,4,2,72,5,3,2,0,1,0,1,0,1,0,64,84,2,4.656899999999631e-05,0.0003805949999999836,0.00010307299999989805,0.0007436840000000222,1135
generated-1001,generated,compound,class-exclusion,3,4,ambiguous,30,15,4,4,80,4,3,1,0,1,1,1,1,0,1,64,84,59,3.205799999994596e-05,0.0003594630000000043,0.00033386599999996047,0.0009085699999999974,1226
generated-1002,generated,compound,empty,4,4,forced-incomplete,28,9,4,2,88,8,1,0,0,0,0,0,0,1,0,80,341,0,2.1001000000020476e-05,0.0003035209999999733,4.246299999999259e-05,0.0005432269999999795,1053
generated-1003,generated,compound,class-complete,4,4,ambiguous,44,15,4,4,136,6,5,4,1,0,1,1,1,0,0,120,340,4,3.5291999999964574e-05,0.0004741040000000307,0.00013890700000007694,0.0009235009999999377,1618
generated-1004,generated,compound,seeded-omission,4,4,forced-incomplete,44,15,4,2,128,7,4,0,0,1,0,1,0,1,0,120,340,3,8.986299999991232e-05,0.0004365780000000763,9.583199999996239e-05,0.0008751900000000257,1538
generated-1005,generated,compound,census,4,4,forced-complete,44,15,4,4,136,7,1,4,1,1,1,1,1,0,1,120,340,340,2.234300000003575e-05,0.0004626970000000119,0.00044397000000007125,0.0013056590000000146,1566
generated-1006,generated,compound,one-per-bucket,4,4,forced-incomplete,28,9,4,1,84,8,2,0,0,1,0,1,0,1,0,80,340,1,2.183200000005492e-05,0.00030456300000003544,5.6443999999933325e-05,0.0005530309999999261,1073
generated-1007,generated,compound,class-exclusion,4,4,ambiguous,44,15,4,4,136,6,2,3,0,1,1,1,1,0,1,120,340,210,2.763100000002794e-05,0.0004471940000000396,0.0003534849999999867,0.0010861129999999442,1634
generated-1008,generated,compound,empty,6,4,forced-incomplete,72,15,4,2,240,11,1,0,0,0,0,0,0,1,0,232,5460,0,2.3655000000011306e-05,0.000674291000000049,4.483700000001978e-05,0.001181653999999921,2352
generated-1009,generated,compound,class-complete,6,4,ambiguous,72,15,4,5,252,11,5,4,1,0,1,1,1,0,0,232,5461,4,4.1040000000047705e-05,0.0007483710000000254,0.00015748399999993,0.0014296929999999541,2555
generated-1010,generated,compound,seeded-omission,6,4,forced-incomplete,44,9,4,1,148,12,4,2,0,1,0,1,0,1,0,144,5460,3,2.5968999999959053e-05,0.0004470040000000841,7.935799999991833e-05,0.0008204090000000219,1604
generated-1011,generated,compound,census,6,4,forced-complete,72,15,4,4,248,11,1,4,1,1,1,1,1,0,1,232,5460,5460,2.7981999999981966e-05,0.0007158630000000388,0.0004772489999999019,0.0016570610000000707,2486
generated-1012,generated,compound,one-per-bucket,6,4,forced-incomplete,72,15,4,2,240,11,3,0,0,1,0,1,0,1,0,232,5460,2,3.212800000007565e-05,0.0006826629999999723,8.774100000008556e-05,0.0012251490000000365,2420
generated-1013,generated,compound,class-exclusion,6,4,ambiguous,72,15,4,4,248,11,3,1,0,1,1,1,1,0,1,232,5460,4494,3.217799999999382e-05,0.0007161740000000139,0.00042743499999997603,0.0016904709999999712,2572
generated-1014,generated,compound,empty,8,4,forced-incomplete,60,9,4,1,212,17,1,0,0,0,0,0,0,1,0,208,87380,0,1.908800000005595e-05,0.0006124790000000546,3.599399999998365e-05,0.0010330439999999275,2125
generated-1015,generated,compound,class-complete,8,4,ambiguous,100,15,4,4,360,15,5,4,1,1,1,1,1,0,0,344,87380,4,3.689399999995402e-05,0.0011562069999999647,0.0001636130000000069,0.0020181369999999754,3552
generated-1016,generated,compound,seeded-omission,8,4,forced-incomplete,100,15,4,3,356,16,4,0,0,0,0,1,0,1,0,344,87381,3,4.1580999999957236e-05,0.0010429490000000152,0.00010651900000002712,0.0018225669999999417,3495
generated-1017,generated,compound,census,8,4,forced-complete,100,15,4,4,360,15,1,4,1,1,1,1,1,0,1,344,87380,87380,3.0344999999987188e-05,0.0010104010000000496,0.00040375999999997525,0.0020951219999999493,3533
generated-1018,generated,compound,one-per-bucket,8,4,forced-incomplete,60,9,4,1,212,17,2,0,0,1,0,1,0,1,0,208,87380,1,2.692999999998058e-05,0.0006216629999999945,6.324399999990682e-05,0.001085031000000014,2173
generated-1019,generated,compound,class-exclusion,8,4,ambiguous,100,15,4,4,360,15,5,3,0,1,1,1,1,0,0,344,87380,19170,3.165699999996274e-05,0.001009468999999985,0.00042535200000004547,0.0021128480000000005,3620
generated-1020,generated,compound,empty,12,4,forced-incomplete,156,15,4,2,576,24,1,0,0,0,0,0,0,1,0,568,22369620,0,2.3824999999977337e-05,0.0014971329999999838,4.549799999997717e-05,0.0026053790000000188,5839
generated-1021,generated,compound,class-complete,12,4,ambiguous,156,15,4,4,584,23,5,4,1,1,1,1,1,0,0,568,22369620,4,4.4907000000038444e-05,0.001962294000000031,0.00016145899999997493,0.003178239999999999,6028
generated-1022,generated,compound,seeded-omission,12,4,forced-incomplete,92,9,4,1,340,25,4,2,0,1,0,1,0,1,0,336,22369620,3,3.512299999997026e-05,0.0009327550000000073,7.970800000001166e-05,0.0017020979999999852,3599
generated-1023,generated,compound,census,12,4,forced-complete,156,15,4,5,588,24,1,4,1,1,1,1,1,0,1,568,22369621,22369621,3.326000000003493e-05,0.0016365910000000206,0.0004704490000000394,0.0032447089999999568,6083
generated-1024,generated,compound,one-per-bucket,12,4,forced-incomplete,156,15,4,2,576,24,3,2,0,1,0,1,0,1,0,568,22369620,2,8.745000000009995e-05,0.001592925999999939,9.430099999996333e-05,0.0028790159999999565,5907
generated-1025,generated,compound,class-exclusion,12,4,ambiguous,156,15,4,4,584,23,3,1,0,1,1,1,1,0,1,568,22369620,21580650,3.8176999999972594e-05,0.001819583000000069,0.0005000219999999889,0.0033431250000000023,6184
generated-1026,generated,compound,empty,24,4,forced-incomplete,188,9,4,1,724,49,1,0,0,0,0,0,0,1,0,720,375299968947540,0,4.171200000002706e-05,0.002088101000000009,4.1500999999999344e-05,0.0035411590000000714,9568
generated-1027,generated,compound,class-complete,24,4,ambiguous,324,15,4,4,1256,48,5,4,1,1,1,1,1,0,0,1240,375299968947540,4,5.0364000000024944e-05,0.0036141969999999857,0.0001668880000000872,0.008142530999999953,16651
generated-1028,generated,compound,seeded-omission,24,4,forced-incomplete,324,15,4,2,1248,48,4,0,0,1,0,1,0,1,0,1240,375299968947540,3,5.368900000002341e-05,0.0033133499999999927,0.00010520599999996882,0.005530413000000012,16501
generated-1029,generated,compound,census,24,4,forced-complete,324,15,4,4,1256,48,1,4,1,1,1,1,1,0,1,1240,375299968947540,375299968947540,4.7200000000025e-05,0.0034787760000000167,0.000487855000000037,0.006148160000000069,16810
generated-1030,generated,compound,one-per-bucket,24,4,forced-incomplete,188,9,4,2,728,49,2,1,0,1,0,1,0,1,1,720,375299968947541,2,5.063500000002108e-05,0.0020611309999999383,8.849199999994006e-05,0.0034226930000000877,9660
generated-1031,generated,compound,class-exclusion,24,4,ambiguous,324,15,4,4,1256,48,5,3,0,1,1,1,1,0,0,1240,375299968947540,847255055010,4.66489999999542e-05,0.0037414559999999764,0.0004229780000000183,0.006326454999999953,16891
generated-1032,generated,compound,empty,3,4,forced-incomplete,30,15,4,2,72,5,1,0,0,0,0,0,0,1,0,64,84,0,4.217300000008972e-05,0.0002798159999999328,4.379499999995762e-05,0.0005378090000000002,1067
generated-1033,generated,compound,class-complete,3,4,ambiguous,30,15,4,4,80,4,5,4,1,0,1,1,1,0,0,64,84,4,3.215800000000435e-05,0.0002954490000000032,0.00013812499999998895,0.0006350430000000573,1222
generated-1034,generated,compound,seeded-omission,3,4,forced-incomplete,20,9,4,1,52,5,4,2,0,1,0,1,0,1,0,48,84,3,4.6959000000068585e-05,0.00020530499999993346,7.595199999999025e-05,0.0005143840000000344,867
generated-1035,generated,compound,census,3,4,forced-complete,30,15,4,4,80,4,1,4,1,1,1,1,1,0,1,64,84,84,1.8658000000004726e-05,0.0002819080000000529,0.0004322719999999558,0.000895149000000095,1157
generated-1036,generated,compound,one-per-bucket,3,4,forced-incomplete,30,15,4,2,72,5,3,1,0,1,0,1,0,1,0,64,84,2,2.3545000000013694e-05,0.0002698209999999479,7.894699999999588e-05,0.0005273329999999632,1137
generated-1037,generated,compound,class-exclusion,3,4,ambiguous,30,15,4,5,84,4,3,1,0,1,1,1,1,0,1,64,85,60,2.7349999999981556e-05,0.00029367599999996497,0.0004008349999999883,0.0008931460000000113,1262
generated-1038,generated,compound,empty,4,4,forced-incomplete,28,9,4,1,84,8,1,0,0,0,0,0,0,1,0,80,340,0,1.7245999999970785e-05,0.00026970100000001107,3.361000000001724e-05,0.0005720099999999562,1025
generated-1039,generated,compound,class-complete,4,4,ambiguous,44,15,4,4,136,6,5,4,1,1,1,1,1,0,0,120,340,4,3.039499999990536e-05,0.0004604240000000148,0.0001514449999999723,0.0008960110000000299,1619
generated-1040,generated,compound,seeded-omission,4,4,forced-incomplete,44,15,4,2,128,7,4,0,0,1,0,1,0,1,0,120,340,3,2.667900000008494e-05,0.00041450499999995394,9.496100000006003e-05,0.0007730879999999773,1537
generated-1041,generated,compound,census,4,4,forced-complete,44,15,4,4,136,7,1,4,1,1,1,1,1,0,1,120,340,340,1.9419000000020503e-05,0.0005020660000000232,0.0004259529999999234,0.0011986299999999783,1566
generated-1042,generated,compound,one-per-bucket,4,4,forced-incomplete,28,9,4,1,84,8,2,0,0,1,0,1,0,1,0,80,340,1,2.1000999999909453e-05,0.00027488799999997315,5.445100000001091e-05,0.0005480239999999803,1073
generated-1043,generated,compound,class-exclusion,4,4,ambiguous,44,15,4,4,136,6,2,3,0,1,1,1,1,0,1,120,340,210,2.502699999995528e-05,0.0004327630000000582,0.00035127099999998634,0.0010608659999999936,1634
generated-1044,generated,compound,empty,6,4,forced-incomplete,72,15,4,3,244,11,1,0,0,0,0,0,0,1,0,232,5461,0,1.982899999997123e-05,0.0006499749999999693,5.0935999999945913e-05,0.0011518409999999868,2380
generated-1045,generated,compound,class-complete,6,4,ambiguous,72,15,4,4,248,11,5,4,1,0,1,1,1,0,0,232,5460,4,3.728599999996973e-05,0.0007216920000000515,0.00013602200000006892,0.0013356039999999902,2517
generated-1046,generated,compound,seeded-omission,6,4,forced-incomplete,44,9,4,1,148,12,4,2,0,1,0,1,0,1,0,144,5460,3,2.5276999999990224e-05,0.00042124500000007004,7.927800000007146e-05,0.0008039639999999348,1604
generated-1047,generated,compound,census,6,4,forced-complete,72,15,4,4,248,11,1,4,1,1,1,1,1,0,1,232,5460,5460,2.3505000000034748e-05,0.0007129679999999805,0.0003968899999999831,0.0015785940000000442,2482
generated-1048,generated,compound,one-per-bucket,6,4,forced-incomplete,72,15,4,2,240,11,3,2,0,1,0,1,0,1,0,232,5460,2,2.8972999999932192e-05,0.000658417999999994,8.681899999996023e-05,0.0012056310000000403,2420
generated-1049,generated,compound,class-exclusion,6,4,ambiguous,72,15,4,4,248,11,3,1,0,1,1,1,1,0,1,232,5460,4494,3.131600000005896e-05,0.0007114959999999781,0.00039497700000001856,0.001594196999999964,2572
generated-1050,generated,compound,empty,8,4,forced-incomplete,60,9,4,1,212,17,1,0,0,0,0,0,0,1,0,208,87380,0,1.8688000000044447e-05,0.0005789199999999273,3.495200000003251e-05,0.0010275960000000195,2125
generated-1051,generated,compound,class-complete,8,4,ambiguous,100,15,4,5,364,15,5,4,1,0,1,1,1,0,0,344,87381,4,3.649400000005354e-05,0.001001646999999939,0.00016013799999992084,0.0018565470000000417,3590
generated-1052,generated,compound,seeded-omission,8,4,forced-incomplete,100,15,4,2,352,16,4,0,0,1,0,1,0,1,0,344,87380,3,3.221800000008379e-05,0.0009506020000000781,9.158600000003236e-05,0.0016723730000000048,3455
generated-1053,generated,compound,census,8,4,forced-complete,100,15,4,4,360,15,1,4,1,1,1,1,1,0,1,344,87380,87380,3.055599999990388e-05,0.0010895279999999508,0.0004911190000000953,0.0022623390000000576,3533
generated-1054,generated,compound,one-per-bucket,8,4,forced-incomplete,60,9,4,1,212,17,2,0,0,1,0,1,0,1,0,208,87380,1,2.6107999999913645e-05,0.000683685000000045,6.055999999998729e-05,0.0011404139999999785,2173
generated-1055,generated,compound,class-exclusion,8,4,ambiguous,100,15,4,4,360,15,5,3,0,1,1,1,1,0,0,344,87380,19170,3.285900000005171e-05,0.001002127999999991,0.0004312100000000152,0.002082482999999913,3620
generated-1056,generated,compound,empty,12,4,forced-incomplete,156,15,4,2,576,24,1,0,0,0,0,0,0,1,0,568,22369620,0,2.3976000000036635e-05,0.001609870999999985,4.600799999998628e-05,0.002651336999999976,5836
generated-1057,generated,compound,class-complete,12,4,ambiguous,156,15,4,4,584,24,5,4,1,1,1,1,1,0,0,568,22369620,4,4.18020000000352e-05,0.001696849999999972,0.00015741400000002237,0.002893346000000019,6028
generated-1058,generated,compound,seeded-omission,12,4,forced-incomplete,92,9,4,2,344,25,3,2,0,1,0,1,0,1,1,336,22369621,3,3.660399999994013e-05,0.0009395349999999913,9.293799999998686e-05,0.0016927540000000185,3633
generated-1059,generated,compound,census,12,4,forced-complete,156,15,4,4,584,23,1,4,1,1,1,1,1,0,1,568,22369620,22369620,2.701999999998872e-05,0.001584162,0.00042881599999999853,0.0030244209999999994,6055
generated-1060,generated,compound,one-per-bucket,12,4,forced-incomplete,156,15,4,2,576,24,3,2,0,1,0,1,0,1,0,568,22369620,2,3.5152000000038264e-05,0.0016155999999999393,9.155500000002093e-05,0.002912845999999969,5907
generated-1061,generated,compound,class-exclusion,12,4,ambiguous,156,15,4,4,584,23,3,1,0,1,1,1,1,0,1,568,22369620,21580650,4.056000000007831e-05,0.0019451090000000004,0.00039407499999999374,0.0034387370000000805,6172
generated-1062,generated,compound,empty,24,4,forced-incomplete,188,9,4,1,724,49,1,0,0,0,0,0,0,1,0,720,375299968947540,0,2.9143000000009245e-05,0.0019812719999999784,3.9498999999998397e-05,0.0032957539999999286,9568
generated-1063,generated,compound,class-complete,24,4,ambiguous,324,15,4,4,1256,48,5,4,1,1,1,1,1,0,0,1240,375299968947540,4,5.4141000000007544e-05,0.003557653000000105,0.00019386799999998594,0.006178805999999981,16663
generated-1064,generated,compound,seeded-omission,24,4,forced-incomplete,324,15,4,2,1248,48,4,0,0,1,0,1,0,1,0,1240,375299968947540,3,6.195200000003176e-05,0.003374442000000033,9.96080000000843e-05,0.005686423999999968,16508
generated-1065,generated,compound,census,24,4,forced-complete,324,15,4,5,1260,48,1,4,1,1,1,1,1,0,1,1240,375299968947541,375299968947541,5.381000000004299e-05,0.0035952189999999273,0.0005105079999998541,0.006253937000000098,16838
generated-1066,generated,compound,one-per-bucket,24,4,forced-incomplete,188,9,4,1,724,49,2,0,0,1,0,1,0,1,0,720,375299968947540,1,4.947300000002208e-05,0.0020155740000000755,6.447599999992448e-05,0.0033624430000001038,9616
generated-1067,generated,compound,class-exclusion,24,4,ambiguous,324,15,4,4,1256,48,5,3,0,1,1,1,1,0,0,1240,375299968947540,847255055010,4.4817000000030305e-05,0.003545424999999991,0.0004581700000001465,0.006145586000000147,16927
generated-1068,generated,compound,empty,3,4,forced-incomplete,30,15,4,2,72,5,1,0,0,0,0,0,0,1,0,64,84,0,4.081099999986293e-05,0.00027171300000006227,6.091100000005234e-05,0.0005366870000000912,1069
generated-1069,generated,compound,class-complete,3,4,ambiguous,30,15,4,4,80,4,5,4,1,0,1,1,1,0,0,64,84,4,3.231799999992013e-05,0.0002910529999999856,0.00013626299999991431,0.0006287640000000039,1222
generated-1070,generated,compound,seeded-omission,3,4,forced-incomplete,20,9,4,1,52,5,4,2,0,1,0,1,0,1,0,48,84,3,2.1151000000108056e-05,0.00023212500000013847,7.305800000012574e-05,0.0004421169999999641,867
generated-1071,generated,compound,census,3,4,forced-complete,30,15,4,4,80,4,1,4,1,1,1,1,1,0,1,64,84,84,1.8046999999965507e-05,0.00027796199999996496,0.0004091479999999148,0.0008676279999999537,1157
generated-1072,generated,compound,one-per-bucket,3,4,forced-incomplete,30,15,4,3,76,5,3,3,0,1,0,1,0,1,1,64,85,3,2.685000000002269e-05,0.00027628999999995685,0.00010701899999987496,0.0005725199999999653,1179
generated-1073,generated,compound,class-exclusion,3,4,ambiguous,30,15,4,4,80,4,3,1,0,1,1,1,1,0,1,64,84,59,2.4946999999997388e-05,0.00028337999999994423,0.0003656530000000213,0.0008614590000000089,1225
generated-1074,generated,compound,empty,4,4,forced-incomplete,28,9,4,1,84,8,1,0,0,0,0,0,0,1,0,80,340,0,1.694500000004595e-05,0.00027120300000005315,3.2477999999835916e-05,0.0004968579999999889,1025
generated-1075,generated,compound,class-complete,4,4,ambiguous,44,15,4,4,136,7,5,4,1,1,1,1,1,0,0,120,340,4,2.8091000000118882e-05,0.0004506489999998031,0.00014963200000006616,0.0008829009999999915,1619
generated-1076,generated,compound,seeded-omission,4,4,forced-incomplete,44,15,4,2,128,7,4,0,0,1,0,1,0,1,0,120,340,3,0.00013592200000012156,0.0004357870000000208,9.217699999997109e-05,0.000904422999999932,1538
generated-1077,generated,compound,census,4,4,forced-complete,44,15,4,4,136,6,1,4,1,1,1,1,1,0,1,120,340,340,2.1261999999966363e-05,0.00045533599999991736,0.0003950960000000947,0.0011221669999998962,1564
generated-1078,generated,compound,one-per-bucket,4,4,forced-incomplete,28,9,4,1,84,8,2,0,0,1,0,1,0,1,0,80,340,1,2.165200000003864e-05,0.0002940060000000688,5.4250999999894134e-05,0.0005374280000001175,1073
generated-1079,generated,compound,class-exclusion,4,4,ambiguous,44,15,4,5,140,6,2,3,0,1,1,1,1,0,1,120,341,211,2.6980000000120796e-05,0.0005267420000001355,0.00037074999999986424,0.0011799720000000846,1672
generated-1080,generated,compound,empty,6,4,forced-incomplete,72,15,4,2,240,11,1,0,0,0,0,0,0,1,0,232,5460,0,1.9117999999984647e-05,0.0006517379999999573,4.3024000000002616e-05,0.0011550249999998652,2352
generated-1081,generated,compound,class-complete,6,4,ambiguous,72,15,4,4,248,11,5,4,1,1,1,1,1,0,0,232,5460,4,3.617300000002821e-05,0.0007244060000000108,0.00015805399999990755,0.0013567349999998868,2519
generated-1082,generated,compound,seeded-omission,6,4,forced-incomplete,44,9,4,1,148,12,4,2,0,1,0,1,0,1,0,144,5460,3,2.854199999990925e-05,0.000437939999999859,7.925800000019301e-05,0.0009056640000000282,1604
generated-1083,generated,compound,census,6,4,forced-complete,72,15,4,4,248,11,1,4,1,1,1,1,1,0,1,232,5460,5460,2.4715999999980198e-05,0.0007144709999999943,0.0004504190000000907,0.0016179730000001058,2486
generated-1084,generated,compound,one-per-bucket,6,4,forced-incomplete,72,15,4,2,240,11,3,2,0,1,0,1,0,1,0,232,5460,2,2.9834000000006355e-05,0.0006787480000001178,0.00011994800000003636,0.0012589800000000206,2420
generated-1085,generated,compound,class-exclusion,6,4,ambiguous,72,15,4,4,248,11,3,1,0,1,1,1,1,0,1,232,5460,4494,3.0245000000039823e-05,0.0007189979999999707,0.00039754099999989023,0.0015788139999999284,2572
generated-1086,generated,compound,empty,8,4,forced-incomplete,60,9,4,2,216,17,1,0,0,0,0,0,0,1,0,208,87381,0,2.0660999999977392e-05,0.0005846879999999999,4.375499999986765e-05,0.0010315519999999356,2153
generated-1087,generated,compound,class-complete,8,4,ambiguous,100,15,4,4,360,15,5,4,1,1,1,1,1,0,0,344,87380,4,3.304900000000721e-05,0.001124130000000001,0.00019155400000014922,0.0019600009999998225,3550
generated-1088,generated,compound,seeded-omission,8,4,forced-incomplete,100,15,4,2,352,16,4,0,0,1,0,1,0,1,0,344,87380,3,3.853700000000515e-05,0.0010257229999999229,9.953799999995461e-05,0.0020361740000001127,3457
generated-1089,generated,compound,census,8,4,forced-complete,100,15,4,4,360,15,1,4,1,1,1,1,1,0,1,344,87380,87380,2.9382999999993942e-05,0.0010684470000001944,0.0004328520000000946,0.0021886200000000855,3537
generated-1090,generated,compound,one-per-bucket,8,4,forced-incomplete,60,9,4,1,212,17,2,0,0,1,0,1,0,1,0,208,87380,1,2.7211000000137986e-05,0.0005871719999999137,7.521200000004669e-05,0.0010930430000000158,2173
generated-1091,generated,compound,class-exclusion,8,4,ambiguous,100,15,4,4,360,15,5,3,0,1,1,1,1,0,0,344,87380,19170,3.2728000000092905e-05,0.0009912519999999425,0.00040310799999998537,0.002059478000000059,3620
generated-1092,generated,compound,empty,12,4,forced-incomplete,156,15,4,2,576,24,1,0,0,0,0,0,0,1,0,568,22369620,0,2.29439999999137e-05,0.001501008999999831,4.3465000000075804e-05,0.002510308000000183,5836
generated-1093,generated,compound,class-complete,12,4,ambiguous,156,15,4,5,588,24,5,4,1,0,1,1,1,0,0,568,22369621,4,4.606799999984368e-05,0.0015962000000000476,0.00015140499999999335,0.0027896620000000816,6066
generated-1094,generated,compound,seeded-omission,12,4,forced-incomplete,92,9,4,1,340,25,4,2,0,1,0,1,0,1,0,336,22369620,3,3.58529999999746e-05,0.001067955999999981,8.266299999992732e-05,0.0018826759999999165,3599
generated-1095,generated,compound,census,12,4,forced-complete,156,15,4,4,584,23,1,4,1,1,1,1,1,0,1,568,22369620,22369620,2.767199999986758e-05,0.001811210000000063,0.0004546549999999705,0.0032700559999998546,6055
generated-1096,generated,compound,one-per-bucket,12,4,forced-incomplete,156,15,4,2,576,24,3,2,0,1,0,1,0,1,0,568,22369620,2,3.507199999996935e-05,0.0015776120000001725,8.694899999994732e-05,0.0028873779999998295,5907
generated-1097,generated,compound,class-exclusion,12,4,ambiguous,156,15,4,4,584,23,3,1,0,1,1,1,1,0,1,568,22369620,21580650,4.077000000002329e-05,0.0017718410000000517,0.0003910410000000919,0.003188535000000048,6172
generated-1098,generated,compound,empty,24,4,forced-incomplete,188,9,4,1,724,49,1,0,0,0,0,0,0,1,0,720,375299968947540,0,2.8362000000115017e-05,0.00198830300000008,4.110099999987682e-05,0.003279849999999973,9568
generated-1099,generated,compound,class-complete,24,4,ambiguous,324,15,4,4,1256,48,5,4,1,1,1,1,1,0,0,1240,375299968947540,4,4.858200000001922e-05,0.0036949569999999987,0.0001647740000001452,0.00603433100000017,16663
generated-1100,generated,compound,seeded-omission,24,4,forced-incomplete,324,15,4,3,1252,48,4,0,0,0,0,1,0,1,0,1240,375299968947541,3,6.670899999994262e-05,0.00336643900000011,0.0001174150000000651,0.006027610999999933,16539
generated-1101,generated,compound,census,24,4,forced-complete,324,15,4,4,1256,48,1,4,1,1,1,1,1,0,1,1240,375299968947540,375299968947540,4.927299999990531e-05,0.003545946000000022,0.0007192780000000454,0.0064303989999998645,16810
generated-1102,generated,compound,one-per-bucket,24,4,forced-incomplete,188,9,4,1,724,49,2,0,0,1,0,1,0,1,0,720,375299968947540,1,4.959400000004166e-05,0.0019944519999999244,6.476700000002111e-05,0.003561849000000006,9616
generated-1103,generated,compound,class-exclusion,24,4,ambiguous,324,15,4,4,1256,48,5,3,0,1,1,1,1,0,0,1240,375299968947540,847255055010,4.7761000000035025e-05,0.0034867480000000395,0.0004646500000000664,0.0063665840000000085,16926
generated-1104,generated,compound,empty,3,4,forced-incomplete,30,15,4,2,72,5,1,0,0,0,0,0,0,1,0,64,84,0,4.044000000003045e-05,0.0002882480000001575,4.255299999988971e-05,0.0005300870000000124,1069
generated-1105,generated,compound,class-complete,3,4,ambiguous,30,15,4,4,80,4,5,4,1,1,1,1,1,0,0,64,84,4,3.121699999986127e-05,0.0002949580000000118,0.00015343799999989471,0.0006505559999998578,1222
generated-1106,generated,compound,seeded-omission,3,4,forced-incomplete,20,9,4,1,52,5,4,2,0,1,0,1,0,1,0,48,84,3,2.2594000000042413e-05,0.00019702299999990736,7.384899999984817e-05,0.0004253119999999555,867
generated-1107,generated,compound,census,3,4,forced-complete,30,15,4,5,84,4,1,4,1,1,1,1,1,0,1,64,85,85,1.956899999999706e-05,0.00027908500000006775,0.00042721399999989806,0.0008884389999999076,1185
generated-1108,generated,compound,one-per-bucket,3,4,forced-incomplete,30,15,4,2,72,5,3,0,0,1,0,1,0,1,0,64,84,2,2.2572999999859178e-05,0.0002678780000000547,7.955799999992408e-05,0.0005244890000000169,1137
generated-1109,generated,compound,class-exclusion,3,4,ambiguous,30,15,4,4,80,4,4,1,0,1,1,1,1,0,1,64,84,59,2.4266000000050525e-05,0.0004163090000000036,0.000405332000000147,0.0010123239999999534,1228
generated-1110,generated,compound,empty,4,4,forced-incomplete,28,9,4,1,84,8,1,0,0,0,0,0,0,1,0,80,340,0,1.5262000000015874e-05,0.00034519199999993866,3.553299999992099e-05,0.0005594900000001068,1025
generated-1111,generated,compound,class-complete,4,4,ambiguous,44,15,4,4,136,7,5,4,1,1,1,1,1,0,0,120,340,4,3.1475999999974746e-05,0.0004241499999999565,0.00015400799999998327,0.0008956799999999543,1619
generated-1112,generated,compound,seeded-omission,4,4,forced-incomplete,44,15,4,2,128,7,4,0,0,1,0,1,0,1,0,120,340,3,2.8641999999967638e-05,0.00039119100000006846,8.959299999999892e-05,0.0007805490000001303,1538
generated-1113,generated,compound,census,4,4,forced-complete,44,15,4,4,136,6,1,4,1,1,1,1,1,0,1,120,340,340,1.9929999999890313e-05,0.0004283359999999181,0.0004326629999999998,0.0011321109999999912,1566
generated-1114,generated,compound,one-per-bucket,4,4,forced-incomplete,28,9,4,2,88,8,2,1,0,1,0,1,0,1,1,80,341,2,2.3043999999972087e-05,0.0002808770000000127,7.807600000009352e-05,0.0005679139999998917,1117
generated-1115,generated,compound,class-exclusion,4,4,ambiguous,44,15,4,4,136,6,3,3,0,1,1,1,1,0,1,120,340,210,2.31539999999697e-05,0.00043439599999994805,0.00040082500000004906,0.0011034289999998226,1639
generated-1116,generated,compound,empty,6,4,forced-incomplete,72,15,4,2,240,11,1,0,0,0,0,0,0,1,0,232,5460,0,1.872799999991237e-05,0.0007844249999999775,4.896300000001297e-05,0.001291227999999922,2352
generated-1117,generated,compound,class-complete,6,4,ambiguous,72,15,4,4,248,11,5,4,1,1,1,1,1,0,0,232,5460,4,3.909799999979313e-05,0.0008744579999999669,0.00016469399999996526,0.0015351299999999402,2519
generated-1118,generated,compound,seeded-omission,6,4,forced-incomplete,44,9,4,1,148,12,4,2,0,1,0,1,0,1,0,144,5460,3,2.6239000000094492e-05,0.0005483539999999731,8.354399999999096e-05,0.0009279079999999773,1604
generated-1119,generated,compound,census,6,4,forced-complete,72,15,4,4,248,11,1,4,1,1,1,1,1,0,1,232,5460,5460,2.424599999995003e-05,0.0017510299999998757,0.0004907180000000011,0.0026905749999999173,2486
generated-1120,generated,compound,one-per-bucket,6,4,forced-incomplete,72,15,4,2,240,11,3,1,0,1,0,1,0,1,0,232,5460,2,0.00018988199999991906,0.0021461769999999714,9.92569999997972e-05,0.002870402999999966,2420
generated-1121,generated,compound,class-exclusion,6,4,ambiguous,72,15,4,5,252,11,2,1,0,1,1,1,1,0,1,232,5461,4495,5.302900000003774e-05,0.0007895620000000214,0.0005793200000001608,0.0018806730000000549,2609
generated-1122,generated,compound,empty,8,4,forced-incomplete,60,9,4,1,212,17,1,0,0,0,0,0,0,1,0,208,87380,0,1.942899999995973e-05,0.0007950109999999011,3.899799999995679e-05,0.0012160660000000156,2125
generated-1123,generated,compound,class-complete,8,4,ambiguous,100,15,4,4,360,15,5,4,1,1,1,1,1,0,0,344,87380,4,4.039000000011228e-05,0.0010083669999998435,0.00018295199999984746,0.0021076899999998844,3550
generated-1124,generated,compound,seeded-omission,8,4,forced-incomplete,100,15,4,2,352,16,4,0,0,1,0,1,0,1,0,344,87380,3,3.5563000000182754e-05,0.001066402999999827,0.00012127000000017318,0.0018121920000000458,3455
generated-1125,generated,compound,census,8,4,forced-complete,100,15,4,4,360,15,1,4,1,1,1,1,1,0,1,344,87380,87380,2.973399999994797e-05,0.000970722000000146,0.0005351450000001812,0.0021505639999999104,3533
generated-1126,generated,compound,one-per-bucket,8,4,forced-incomplete,60,9,4,1,212,17,2,0,0,1,0,1,0,1,0,208,87380,1,3.089600000016901e-05,0.0005945830000000374,6.427499999994701e-05,0.0011507789999998241,2173
generated-1127,generated,compound,class-exclusion,8,4,ambiguous,100,15,4,4,360,15,5,3,0,1,1,1,1,0,0,344,87380,19170,4.0679999999904126e-05,0.001017180000000062,0.0004316010000000592,0.004606100000000168,3620
generated-1128,generated,compound,empty,12,4,forced-incomplete,156,15,4,3,580,24,1,0,0,0,0,0,0,1,0,568,22369621,0,2.9864000000046076e-05,0.0022008479999999775,8.077000000006329e-05,0.0036065160000000596,5864
generated-1129,generated,compound,class-complete,12,4,ambiguous,156,15,4,4,584,23,5,4,1,0,1,1,1,0,0,568,22369620,4,4.797199999995172e-05,0.001679513999999882,0.00014100900000002525,0.0031132830000000222,6022
generated-1130,generated,compound,seeded-omission,12,4,forced-incomplete,92,9,4,1,340,25,4,2,0,1,0,1,0,1,0,336,22369620,3,3.611400000003151e-05,0.0010366299999999828,8.36040000000704e-05,0.0018084449999999919,3599
generated-1131,generated,compound,census,12,4,forced-complete,156,15,4,4,584,23,1,4,1,1,1,1,1,0,1,568,22369620,22369620,3.0294999999957994e-05,0.001758211000000065,0.0004736630000001796,0.003412277000000019,6055
generated-1132,generated,compound,one-per-bucket,12,4,forced-incomplete,156,15,4,2,576,24,3,2,0,1,0,1,0,1,0,568,22369620,2,3.65550000001047e-05,0.0016734650000000961,8.948300000000131e-05,0.0030899689999999147,5907
generated-1133,generated,compound,class-exclusion,12,4,ambiguous,156,15,4,4,584,23,3,1,0,1,1,1,1,0,1,568,22369620,21580650,4.0610000000107505e-05,0.0016901700000000464,0.0007282519999998183,0.003527488000000023,6184
generated-1134,generated,compound,empty,24,4,forced-incomplete,188,9,4,1,724,49,1,0,0,0,0,0,0,1,0,720,375299968947540,0,3.0294999999957994e-05,0.0021648149999999866,4.152200000007156e-05,0.0035485099999998937,9568
generated-1135,generated,compound,class-complete,24,4,ambiguous,324,15,4,5,1260,48,4,4,1,0,1,1,1,0,1,1240,375299968947541,4,5.705499999986152e-05,0.0038321809999999346,0.00017287699999979367,0.0062501820000000485,16699
generated-1136,generated,compound,seeded-omission,24,4,forced-incomplete,324,15,4,2,1248,48,4,0,0,1,0,1,0,1,0,1240,375299968947540,3,7.04250000000961e-05,0.003843306999999907,0.0001111150000001615,0.0075294719999998705,16508
generated-1137,generated,compound,census,24,4,forced-complete,324,15,4,4,1256,48,1,4,1,1,1,1,1,0,1,1240,375299968947540,375299968947540,5.330899999989036e-05,0.005716429000000023,0.0011944580000000649,0.009468975999999962,16810
generated-1138,generated,compound,one-per-bucket,24,4,forced-incomplete,188,9,4,1,724,49,2,0,0,1,0,1,0,1,0,720,375299968947540,1,0.00011336899999991878,0.0027922759999998714,7.291899999994911e-05,0.004398601999999974,9616
generated-1139,generated,compound,class-exclusion,24,4,ambiguous,324,15,4,4,1256,48,5,3,0,1,1,1,1,0,0,1240,375299968947540,847255055010,6.193199999993126e-05,0.004728661999999995,0.00045975200000003547,0.008039448000000116,16891
generated-1140,generated,compound,empty,3,4,forced-incomplete,30,15,4,2,72,5,1,0,0,0,0,0,0,1,0,64,84,0,4.359500000017391e-05,0.00027615000000014156,4.540699999999731e-05,0.0005299570000001363,1069
generated-1141,generated,compound,class-complete,3,4,ambiguous,30,15,4,4,80,4,5,4,1,0,1,1,1,0,0,64,84,4,3.202799999990624e-05,0.0003220180000000905,0.0001458869999999557,0.000667862000000019,1222
generated-1142,generated,compound,seeded-omission,3,4,forced-incomplete,20,9,4,2,56,5,3,2,0,1,0,1,0,1,1,48,85,3,2.4806999999960055e-05,0.0002071179999998396,8.745000000009995e-05,0.00044121500000016134,901
generated-1143,generated,compound,census,3,4,forced-complete,30,15,4,4,80,4,1,4,1,1,1,1,1,0,1,64,84,84,2.139200000006447e-05,0.00028144799999996195,0.0003685780000000083,0.0009094710000001616,1157
generated-1144,generated,compound,one-per-bucket,3,4,forced-incomplete,30,15,4,2,72,4,3,2,0,1,0,1,0,1,0,64,84,2,2.6048999999916944e-05,0.0002737070000000674,8.191199999996179e-05,0.0005411739999998666,1137
generated-1145,generated,compound,class-exclusion,3,4,ambiguous,30,15,4,4,80,4,3,1,0,1,1,1,1,0,1,64,84,59,2.536799999997008e-05,0.0002991549999999954,0.0003299599999999625,0.0008189270000000803,1226
generated-1146,generated,compound,empty,4,4,forced-incomplete,28,9,4,1,84,8,1,0,0,0,0,0,0,1,0,80,340,0,1.7385999999897095e-05,0.00027830399999984046,3.418000000010579e-05,0.0005400620000000078,1025
generated-1147,generated,compound,class-complete,4,4,ambiguous,44,15,4,4,136,7,5,4,1,1,1,1,1,0,0,120,340,4,3.102599999982303e-05,0.0005205930000000691,0.00016955200000001724,0.0009759990000000052,1619
generated-1148,generated,compound,seeded-omission,4,4,forced-incomplete,44,15,4,2,128,7,4,0,0,1,0,1,0,1,0,120,340,3,2.740000000001075e-05,0.0004326320000000994,8.826099999992287e-05,0.000786729000000097,1537
generated-1149,generated,compound,census,4,4,forced-complete,44,15,4,5,140,6,1,4,1,1,1,1,1,0,1,120,341,341,2.4285999999928976e-05,0.0005510290000001472,0.0005287050000000182,0.0014316560000000589,1594
generated-1150,generated,compound,one-per-bucket,4,4,forced-incomplete,28,9,4,1,84,8,2,0,0,1,0,1,0,1,0,80,340,1,2.1722000000057307e-05,0.0003573199999999943,5.585299999988358e-05,0.0006074320000000188,1073
generated-1151,generated,compound,class-exclusion,4,4,ambiguous,44,15,4,4,136,7,2,3,0,1,1,1,1,0,1,120,340,210,2.841200000003319e-05,0.00047286200000007383,0.00039809199999996103,0.0011772979999999933,1636
generated-1152,generated,compound,empty,6,4,forced-incomplete,72,15,4,2,240,11,1,0,0,0,0,0,0,1,0,232,5460,0,1.9157999999963593e-05,0.0006752230000000026,4.469600000001073e-05,0.0011525019999998332,2352
generated-1153,generated,compound,class-complete,6,4,ambiguous,72,15,4,4,248,11,5,4,1,1,1,1,1,0,0,232,5460,4,4.0350000000133335e-05,0.0008704019999998813,0.000165285000000015,0.0016168709999999642,2519
generated-1154,generated,compound,seeded-omission,6,4,forced-incomplete,44,9,4,1,148,12,4,2,0,1,0,1,0,1,0,144,5460,3,2.6478999999968167e-05,0.0006668100000000177,8.020900000005327e-05,0.0010382020000001546,1604
generated-1155,generated,compound,census,6,4,forced-complete,72,15,4,4,248,11,1,4,1,1,1,1,1,0,1,232,5460,5460,2.6499000000068662e-05,0.0008089110000000233,0.00045600800000000774,0.00178432900000014,2486
generated-1156,generated,compound,one-per-bucket,6,4,forced-incomplete,72,15,4,3,244,11,3,3,0,1,0,1,0,1,1,232,5461,3,3.576300000007748e-05,0.0006739809999998236,0.00014455500000010169,0.0013564539999999514,2464
generated-1157,generated,compound,class-exclusion,6,4,ambiguous,72,15,4,4,248,11,3,1,0,1,1,1,1,0,1,232,5460,4494,3.5042000000151674e-05,0.0007067490000001175,0.0004041710000000087,0.001573986999999999,2572
generated-1158,generated,compound,empty,8,4,forced-incomplete,60,9,4,1,212,17,1,0,0,0,0,0,0,1,0,208,87380,0,1.9298000000000926e-05,0.0005720090000000955,5.1505999999923446e-05,0.001006453999999879,2125
generated-1159,generated,compound,class-complete,8,4,ambiguous,100,15,4,4,360,15,5,4,1,1,1,1,1,0,0,344,87380,4,3.755600000010517e-05,0.001030059000000083,0.00017424799999998797,0.0018597510000000206,3552
generated-1160,generated,compound,seeded-omission,8,4,forced-incomplete,100,15,4,2,352,16,4,0,0,1,0,1,0,1,0,344,87380,3,3.4311000000064595e-05,0.001355231999999873,0.00010105999999998616,0.002082050999999918,3457
generated-1161,generated,compound,census,8,4,forced-complete,100,15,4,4,360,15,1,4,1,1,1,1,1,0,1,344,87380,87380,3.3179999999966014e-05,0.0010807549999998223,0.0004091680000000153,0.002168340000000102,3533
generated-1162,generated,compound,one-per-bucket,8,4,forced-incomplete,60,9,4,1,212,17,2,0,0,1,0,1,0,1,0,208,87380,1,2.66190000000055e-05,0.0006049280000000046,6.773099999990428e-05,0.0011366379999999676,2173
generated-1163,generated,compound,class-exclusion,8,4,ambiguous,100,15,4,5,364,15,4,3,0,1,1,1,1,0,1,344,87381,19171,3.862699999990227e-05,0.0010742850000000637,0.0004472739999998865,0.0022152090000000513,3656
generated-1164,generated,compound,empty,12,4,forced-incomplete,156,15,4,2,576,24,1,0,0,0,0,0,0,1,0,568,22369620,0,2.8311999999974802e-05,0.0015045440000001076,4.606799999984368e-05,0.002708461999999967,5839
generated-1165,generated,compound,class-complete,12,4,ambiguous,156,15,4,4,584,23,5,4,1,1,1,1,1,0,0,568,22369620,4,4.711000000012788e-05,0.001674016000000167,0.00015569100000001335,0.002978372999999923,6022
generated-1166,generated,compound,seeded-omission,12,4,forced-incomplete,92,9,4,1,340,25,4,2,0,1,0,1,0,1,0,336,22369620,3,3.470199999999757e-05,0.0009273370000000281,7.88979999999384e-05,0.0016970099999999988,3599
generated-1167,generated,compound,census,12,4,forced-complete,156,15,4,4,584,24,1,4,1,1,1,1,1,0,1,568,22369620,22369620,2.9834000000006355e-05,0.001588358000000012,0.0004293280000000621,0.0030811550000000576,6055
generated-1168,generated,compound,one-per-bucket,12,4,forced-incomplete,156,15,4,2,576,24,3,0,0,1,0,1,0,1,0,568,22369620,2,3.547199999998085e-05,0.0017332240000000887,9.485099999984037e-05,0.003103879000000198,5904
generated-1169,generated,compound,class-exclusion,12,4,ambiguous,156,15,4,4,584,23,3,1,0,1,1,1,1,0,1,568,22369620,21580650,4.076099999994476e-05,0.0016879169999999277,0.0005214150000001361,0.00326351700000016,6184
generated-1170,generated,compound,empty,24,4,forced-incomplete,188,9,4,2,728,49,1,0,0,0,0,0,0,1,0,720,375299968947541,0,3.1966999999966106e-05,0.0019575870000001494,4.58480000000705e-05,0.0032445079999998683,9596
generated-1171,generated,compound,class-complete,24,4,ambiguous,324,15,4,4,1256,48,5,4,1,1,1,1,1,0,0,1240,375299968947540,4,5.031400000010677e-05,0.003721746999999942,0.0001803080000000179,0.006102892999999998,16663
generated-1172,generated,compound,seeded-omission,24,4,forced-incomplete,324,15,4,2,1248,48,4,0,0,1,0,1,0,1,0,1240,375299968947540,3,5.7996999999865295e-05,0.003333269000000083,9.933699999997714e-05,0.005624142000000054,16501
generated-1173,generated,compound,census,24,4,forced-complete,324,15,4,4,1256,48,1,4,1,1,1,1,1,0,1,1240,375299968947540,375299968947540,4.81319999998675e-05,0.0034960610000001058,0.0004346250000000218,0.006076734000000084,16786
generated-1174,generated,compound,one-per-bucket,24,4,forced-incomplete,188,9,4,1,724,49,2,0,0,1,0,1,0,1,0,720,375299968947540,1,4.85519999999795e-05,0.002014822000000027,6.626800000009148e-05,0.003555589999999942,9616
generated-1175,generated,compound,class-exclusion,24,4,ambiguous,324,15,4,4,1256,48,5,3,0,1,1,1,1,0,0,1240,375299968947540,847255055010,4.702999999994795e-05,0.003678021999999892,0.0004485160000000654,0.00658443799999997,16927
generated-1176,generated,compound,empty,3,4,forced-incomplete,30,15,4,2,72,4,1,0,0,0,0,0,0,1,0,64,84,0,4.098099999993998e-05,0.0003001060000000777,4.3223999999897345e-05,0.0005495659999998903,1069
generated-1177,generated,compound,class-complete,3,4,ambiguous,30,15,4,5,84,4,5,4,1,0,1,1,1,0,0,64,85,4,3.52429999999071e-05,0.0004189619999999117,0.00017660200000002568,0.0008034429999999038,1260
generated-1178,generated,compound,seeded-omission,3,4,forced-incomplete,20,9,4,1,52,5,4,2,0,1,0,1,0,1,0,48,84,3,2.2753999999958197e-05,0.0002018799999998766,0.0001418610000001319,0.0004880449999999925,867
generated-1179,generated,compound,census,3,4,forced-complete,30,15,4,4,80,4,1,4,1,1,1,1,1,0,1,64,84,84,1.9649000000176997e-05,0.000317320999999815,0.0003916210000001197,0.0008929460000000056,1157
generated-1180,generated,compound,one-per-bucket,3,4,forced-incomplete,30,15,4,2,72,5,3,1,0,1,0,1,0,1,0,64,84,2,2.351499999986295e-05,0.0002892389999999967,7.72840000000663e-05,0.0005453699999999895,1137
generated-1181,generated,compound,class-exclusion,3,4,ambiguous,30,15,4,4,80,4,4,1,0,1,1,1,1,0,1,64,84,59,2.378499999999839e-05,0.00028210900000003036,0.00040140599999993753,0.0008703729999999243,1228
generated-1182,generated,compound,empty,4,4,forced-incomplete,28,9,4,1,84,8,1,0,0,0,0,0,0,1,0,80,340,0,1.423200000005842e-05,0.00026341099999993567,3.134699999995938e-05,0.00046923700000012225,1025
generated-1183,generated,compound,class-complete,4,4,ambiguous,44,15,4,4,136,6,5,4,1,1,1,1,1,0,0,120,340,4,2.759099999982695e-05,0.00042769500000017224,0.00014969199999992355,0.0008730569999999549,1618
generated-1184,generated,compound,seeded-omission,4,4,forced-incomplete,44,15,4,3,132,7,4,0,0,0,0,1,0,1,0,120,341,3,2.904300000006188e-05,0.0005112190000000627,0.00010090899999992686,0.0008976529999999983,1576
generated-1185,generated,compound,census,4,4,forced-complete,44,15,4,4,136,7,1,4,1,1,1,1,1,0,1,120,340,340,2.191300000009555e-05,0.00041990399999991546,0.0004581799999998637,0.0011864919999999834,1566
generated-1186,generated,compound,one-per-bucket,4,4,forced-incomplete,28,9,4,1,84,8,2,0,0,1,0,1,0,1,0,80,340,1,2.002899999986596e-05,0.00027631000000005734,5.389000000000088e-05,0.000516387000000007,1073
generated-1187,generated,compound,class-exclusion,4,4,ambiguous,44,15,4,4,136,7,2,3,0,1,1,1,1,0,1,120,340,210,2.7830999999922668e-05,0.000430990000000131,0.00040397000000003125,0.0011513400000000562,1636
generated-1188,generated,compound,empty,6,4,forced-incomplete,72,15,4,2,240,11,1,0,0,0,0,0,0,1,0,232,5460,0,2.089099999991184e-05,0.0006781069999999279,4.438599999989634e-05,0.0012230559999999446,2352
generated-1189,generated,compound,class-complete,6,4,ambiguous,72,15,4,4,248,11,5,4,1,1,1,1,1,0,0,232,5460,4,3.807700000013625e-05,0.0007479910000001144,0.00016013800000003187,0.0014161629999998038,2519
generated-1190,generated,compound,seeded-omission,6,4,forced-incomplete,44,9,4,1,148,12,4,2,0,1,0,1,0,1,0,144,5460,3,2.510699999991317e-05,0.0004434079999999785,7.839700000000782e-05,0.0008102030000001204,1604
generated-1191,generated,compound,census,6,4,forced-complete,72,15,4,5,252,11,1,4,1,1,1,1,1,0,1,232,5461,5461,2.5217999999993523e-05,0.0007060290000000524,0.0005043080000000089,0.0016648829999998949,2514
generated-1192,generated,compound,one-per-bucket,6,4,forced-incomplete,72,15,4,2,240,11,3,2,0,1,0,1,0,1,0,232,5460,2,2.9634000000111627e-05,0.0006786279999999589,8.505599999986124e-05,0.0012070420000001025,2420
generated-1193,generated,compound,class-exclusion,6,4,ambiguous,72,15,4,4,248,11,3,1,0,1,1,1,1,0,1,232,5460,4494,3.080600000004985e-05,0.0006983769999999723,0.0004254919999999718,0.0016053939999998157,2572
generated-1194,generated,compound,empty,8,4,forced-incomplete,60,9,4,1,212,17,1,0,0,0,0,0,0,1,0,208,87380,0,1.765699999989323e-05,0.0007473600000000857,3.850699999996543e-05,0.0011698469999998906,2125
generated-1195,generated,compound,class-complete,8,4,ambiguous,100,15,4,4,360,15,5,4,1,0,1,1,1,0,0,344,87380,4,3.660399999994013e-05,0.0010891170000000283,0.0001431030000000888,0.0019260000000000943,3550
generated-1196,generated,compound,seeded-omission,8,4,forced-incomplete,100,15,4,2,352,16,4,0,0,1,0,1,0,1,0,344,87380,3,3.700500000003437e-05,0.00099840299999987,9.474099999984276e-05,0.0017413160000001593,3455
generated-1197,generated,compound,census,8,4,forced-complete,100,15,4,4,360,15,1,4,1,1,1,1,1,0,1,344,87380,87380,3.150699999987516e-05,0.0010104400000001679,0.0003874849999998542,0.002139896999999946,3533
generated-1198,generated,compound,one-per-bucket,8,4,forced-incomplete,60,9,4,2,216,17,2,1,0,1,0,1,0,1,1,208,87381,2,2.977400000014896e-05,0.00063648500000002,8.46860000001115e-05,0.0011247500000000077,2217
generated-1199,generated,compound,class-exclusion,8,4,ambiguous,100,15,4,4,360,15,5,3,0,1,1,1,1,0,0,344,87380,19170,3.9528999999927095e-05,0.0012916190000000771,0.0004652309999999549,0.0024651310000001203,3614
generated-1200,generated,compound,empty,12,4,forced-incomplete,156,15,4,2,576,24,1,0,0,0,0,0,0,1,0,568,22369620,0,2.9984000000093936e-05,0.0016144770000000586,5.618299999998744e-05,0.002893617000000015,5836
generated-1201,generated,compound,class-complete,12,4,ambiguous,156,15,4,4,584,23,5,4,1,1,1,1,1,0,0,568,22369620,4,5.5381999999992715e-05,0.0016449830000000443,0.00016244099999995765,0.0029285180000000466,6022
generated-1202,generated,compound,seeded-omission,12,4,forced-incomplete,92,9,4,1,340,25,4,2,0,1,0,1,0,1,0,336,22369620,3,3.516199999997749e-05,0.0009357089999999513,8.03289999999901e-05,0.0016218579999999205,3599
generated-1203,generated,compound,census,12,4,forced-complete,156,15,4,4,584,24,1,4,1,1,1,1,1,0,1,568,22369620,22369620,2.7570999999948498e-05,0.0016082580000000846,0.0005859599999999965,0.003212411000000026,6055
generated-1204,generated,compound,one-per-bucket,12,4,forced-incomplete,156,15,4,2,576,24,3,2,0,1,0,1,0,1,0,568,22369620,2,3.5263000000007594e-05,0.0017618970000000678,9.398900000001653e-05,0.0029165410000000502,5907
generated-1205,generated,compound,class-exclusion,12,4,ambiguous,156,15,4,5,588,23,2,1,0,1,1,1,1,0,1,568,22369621,21580651,4.2623000000019395e-05,0.0017202539999999766,0.0004807939999998956,0.0032576880000000363,6213
generated-1206,generated,compound,empty,24,4,forced-incomplete,188,9,4,1,724,49,1,0,0,0,0,0,0,1,0,720,375299968947540,0,3.128699999999096e-05,0.002017266000000073,3.9969000000028565e-05,0.0033227049999999814,9568
generated-1207,generated,compound,class-complete,24,4,ambiguous,324,15,4,4,1256,48,5,4,1,1,1,1,1,0,0,1240,375299968947540,4,4.984399999996558e-05,0.0039404020000000095,0.0001760010000000367,0.006460763999999952,16663
generated-1208,generated,compound,seeded-omission,24,4,forced-incomplete,324,15,4,2,1248,48,4,0,0,1,0,1,0,1,0,1240,375299968947540,3,5.893800000000837e-05,0.004569205000000021,0.00011422999999999295,0.009495700999999968,16508
generated-1209,generated,compound,census,24,4,forced-complete,324,15,4,4,1256,48,1,4,1,1,1,1,1,0,1,1240,375299968947540,375299968947540,4.865200000003789e-05,0.003628828000000084,0.0004304990000000286,0.00631153299999998,16786
generated-1210,generated,compound,one-per-bucket,24,4,forced-incomplete,188,9,4,1,724,49,2,0,0,1,0,1,0,1,0,720,375299968947540,1,4.4986999999996335e-05,0.0025334519999999916,6.816100000006653e-05,0.003860693000000026,9616
generated-1211,generated,compound,class-exclusion,24,4,ambiguous,324,15,4,4,1256,48,5,3,0,1,1,1,1,0,0,1240,375299968947540,847255055010,4.586799999994895e-05,0.003705442999999975,0.0005055299999999763,0.006407103999999997,16926
generated-1212,generated,compound,empty,3,4,forced-incomplete,30,15,4,3,76,5,1,0,0,0,0,0,0,1,0,64,85,0,4.04800000000094e-05,0.00029795200000004574,5.0445000000065576e-05,0.0005560859999999002,1097
generated-1213,generated,compound,class-complete,3,4,ambiguous,30,15,4,4,80,4,5,4,1,1,1,1,1,0,0,64,84,4,3.151700000003643e-05,0.00029332599999998266,0.00015588100000007987,0.0006465999999999417,1222
generated-1214,generated,compound,seeded-omission,3,4,forced-incomplete,20,9,4,1,52,5,4,2,0,1,0,1,0,1,0,48,84,3,2.3765000000008918e-05,0.0002049940000000694,7.50619999999591e-05,0.00042501100000003067,867
generated-1215,generated,compound,census,3,4,forced-complete,30,15,4,4,80,4,1,4,1,1,1,1,1,0,1,64,84,84,1.884799999996023e-05,0.0003142870000000242,0.0005153560000000779,0.0010146970000000088,1157
generated-1216,generated,compound,one-per-bucket,3,4,forced-incomplete,30,15,4,2,72,5,3,2,0,1,0,1,0,1,0,64,84,2,2.6808999999961003e-05,0.0003090490000000612,8.423499999998807e-05,0.0005823940000000416,1135
generated-1217,generated,compound,class-exclusion,3,4,ambiguous,30,15,4,4,80,4,3,1,0,1,1,1,1,0,1,64,84,59,2.508800000000644e-05,0.00028847800000009194,0.0007430130000000146,0.0012268619999999952,1225
generated-1218,generated,compound,empty,4,4,forced-incomplete,28,9,4,1,84,8,1,0,0,0,0,0,0,1,0,80,340,0,1.6464999999965535e-05,0.0004135939999999616,3.4081000000019124e-05,0.000634471999999997,1025
generated-1219,generated,compound,class-complete,4,4,ambiguous,44,15,4,5,140,6,5,4,1,0,1,1,1,0,0,120,341,4,3.1717000000042184e-05,0.00046726399999996726,0.000149752000000003,0.0009097209999999745,1656
generated-1220,generated,compound,seeded-omission,4,4,forced-incomplete,44,15,4,2,128,7,4,0,0,1,0,1,0,1,0,120,340,3,2.7750999999964776e-05,0.0004179100000000213,8.906200000002862e-05,0.0007705639999999736,1538
generated-1221,generated,compound,census,4,4,forced-complete,44,15,4,4,136,6,1,4,1,1,1,1,1,0,1,120,340,340,2.2093000000000806e-05,0.0005026160000000113,0.0004042099999999049,0.0011780399999999913,1564
generated-1222,generated,compound,one-per-bucket,4,4,forced-incomplete,28,9,4,1,84,8,2,0,0,1,0,1,0,1,0,80,340,1,2.0911000000012336e-05,0.00036954900000008006,5.615299999994772e-05,0.0006113480000000671,1073
generated-1223,generated,compound,class-exclusion,4,4,ambiguous,44,15,4,4,136,6,2,3,0,1,1,1,1,0,1,120,340,210,2.6650000000016938e-05,0.0005690660000000625,0.00035865299999993105,0.0012061910000000786,1634
generated-1224,generated,compound,empty,6,4,forced-incomplete,72,15,4,2,240,11,1,0,0,0,0,0,0,1,0,232,5460,0,1.876800000000234e-05,0.0006481529999999847,4.338399999992415e-05,0.001127594000000065,2352
generated-1225,generated,compound,class-complete,6,4,ambiguous,72,15,4,4,248,11,5,4,1,1,1,1,1,0,0,232,5460,4,4.151200000002131e-05,0.0008690000000000087,0.00016210100000002559,0.0015357809999999583,2519
generated-1226,generated,compound,seeded-omission,6,4,forced-incomplete,44,9,4,2,152,12,3,2,0,1,0,1,0,1,1,144,5461,3,3.1938000000009126e-05,0.00043421499999996005,0.00011285699999996623,0.0008542880000000919,1638
generated-1227,generated,compound,census,6,4,forced-complete,72,15,4,4,248,11,1,4,1,1,1,1,1,0,1,232,5460,5460,2.549800000006819e-05,0.0007081310000000007,0.0004077249999999699,0.0015667569999999742,2482
generated-1228,generated,compound,one-per-bucket,6,4,forced-incomplete,72,15,4,2,240,11,3,2,0,1,0,1,0,1,0,232,5460,2,3.221799999997277e-05,0.000747720999999979,9.071500000001897e-05,0.0013667389999999502,2420
generated-1229,generated,compound,class-exclusion,6,4,ambiguous,72,15,4,4,248,11,3,1,0,1,1,1,1,0,1,232,5460,4494,3.406000000005793e-05,0.0007806089999999877,0.0004794419999999411,0.0017805740000000903,2574
generated-1230,generated,compound,empty,8,4,forced-incomplete,60,9,4,1,212,17,1,0,0,0,0,0,0,1,0,208,87380,0,2.1922000000063058e-05,0.0006644360000001015,3.902799999999651e-05,0.0011924309999999938,2125
generated-1231,generated,compound,class-complete,8,4,ambiguous,100,15,4,4,360,15,5,4,1,1,1,1,1,0,0,344,87380,4,3.69850000000449e-05,0.0012892039999999882,0.00016270200000001456,0.002135871999999983,3552
generated-1232,generated,compound,seeded-omission,8,4,forced-incomplete,100,15,4,2,352,16,4,0,0,1,0,1,0,1,0,344,87380,3,3.874800000003287e-05,0.0010111409999999932,9.819600000005035e-05,0.0017930729999999784,3457
generated-1233,generated,compound,census,8,4,forced-complete,100,15,4,5,364,15,1,4,1,1,1,1,1,0,1,344,87381,87381,9.773499999998769e-05,0.0010131439999999658,0.00045617700000000205,0.00217859499999995,3561
generated-1234,generated,compound,one-per-bucket,8,4,forced-incomplete,60,9,4,1,212,17,2,0,0,1,0,1,0,1,0,208,87380,1,2.56080000000658e-05,0.000677595999999947,6.017899999999354e-05,0.0011317709999999481,2173
generated-1235,generated,compound,class-exclusion,8,4,ambiguous,100,15,4,4,360,15,5,3,0,1,1,1,1,0,0,344,87380,19170,3.332999999994257e-05,0.0010122139999999558,0.0004305490000000578,0.0020893730000000055,3620
generated-1236,generated,compound,empty,12,4,forced-incomplete,156,15,4,2,576,24,1,0,0,0,0,0,0,1,0,568,22369620,0,2.7781000000004497e-05,0.0015881990000000679,4.5968000000007336e-05,0.002956190000000025,5839
generated-1237,generated,compound,class-complete,12,4,ambiguous,156,15,4,4,584,23,5,4,1,1,1,1,1,0,0,568,22369620,4,4.482599999999781e-05,0.001627366000000019,0.00021665100000001214,0.002873236999999973,6028
generated-1238,generated,compound,seeded-omission,12,4,forced-incomplete,92,9,4,1,340,25,4,2,0,1,0,1,0,1,0,336,22369620,3,3.310899999997563e-05,0.0009079889999999979,8.059900000001452e-05,0.001606345000000009,3599
generated-1239,generated,compound,census,12,4,forced-complete,156,15,4,4,584,23,1,4,1,1,1,1,1,0,1,568,22369620,22369620,2.8372000000054243e-05,0.0017653920000000323,0.0004076859999999627,0.0031777090000000285,6043
generated-1240,generated,compound,one-per-bucket,12,4,forced-incomplete,156,15,4,3,580,24,3,2,0,1,0,1,0,1,1,568,22369621,3,4.205300000004186e-05,0.0015640919999999614,0.00011774500000005794,0.002955698999999923,5948
generated-1241,generated,compound,class-exclusion,12,4,ambiguous,156,15,4,4,584,23,3,1,0,1,1,1,1,0,1,568,22369620,21580650,4.707999999997714e-05,0.0024890069999999875,0.0005679229999999702,0.004442257000000005,6184
generated-1242,generated,compound,empty,24,4,forced-incomplete,188,9,4,1,724,49,1,0,0,0,0,0,0,1,0,720,375299968947540,0,3.17770000000106e-05,0.00201686500000009,3.99289999999386e-05,0.003346069000000007,9568
generated-1243,generated,compound,class-complete,24,4,ambiguous,324,15,4,4,1256,48,5,4,1,1,1,1,1,0,0,1240,375299968947540,4,5.3188999999953523e-05,0.0036765400000000614,0.00019838500000002313,0.006228018000000057,16663
generated-1244,generated,compound,seeded-omission,24,4,forced-incomplete,324,15,4,2,1248,48,4,0,0,1,0,1,0,1,0,1240,375299968947540,3,5.815700000000312e-05,0.003422491999999999,0.00010941200000003093,0.005600836999999914,16508
generated-1245,generated,compound,census,24,4,forced-complete,324,15,4,4,1256,48,1,4,1,1,1,1,1,0,1,1240,375299968947540,375299968947540,5.25680000000861e-05,0.004451521000000125,0.0004865419999999787,0.007196386000000055,16810
generated-1246,generated,compound,one-per-bucket,24,4,forced-incomplete,188,9,4,1,724,49,2,0,0,1,0,1,0,1,0,720,375299968947540,1,4.650899999991687e-05,0.0019832149999998716,6.671899999988185e-05,0.0033493139999998256,9616
generated-1247,generated,compound,class-exclusion,24,4,ambiguous,324,15,4,5,1260,48,4,3,0,1,1,1,1,0,1,1240,375299968947541,847255055011,7.809599999997197e-05,0.01341868199999996,0.0004429169999999871,0.016073605000000102,16927
generated-1248,generated,compound,empty,3,4,forced-incomplete,30,15,4,2,72,5,1,0,0,0,0,0,0,1,0,64,84,0,8.897199999990946e-05,0.0002843519999999877,9.641300000007291e-05,0.0006536709999998003,1067
generated-1249,generated,compound,class-complete,3,4,ambiguous,30,15,4,4,80,4,5,4,1,0,1,1,1,0,0,64,84,4,3.249799999993641e-05,0.0002944680000001032,0.00014478500000003613,0.0006437960000000853,1222
generated-1250,generated,compound,seeded-omission,3,4,forced-incomplete,20,9,4,1,52,5,4,2,0,1,0,1,0,1,0,48,84,3,2.373500000008022e-05,0.00020209100000001534,7.506099999998739e-05,0.00044916699999997256,867
generated-1251,generated,compound,census,3,4,forced-complete,30,15,4,4,80,4,1,4,1,1,1,1,1,0,1,64,84,84,1.92689999998219e-05,0.00027645099999995537,0.00043069999999989506,0.0008850739999999302,1157
generated-1252,generated,compound,one-per-bucket,3,4,forced-incomplete,30,15,4,2,72,5,3,0,0,1,0,1,0,1,0,64,84,2,2.295400000007497e-05,0.0002640019999999854,7.950900000008865e-05,0.0005220150000000423,1137
generated-1253,generated,compound,class-exclusion,3,4,ambiguous,30,15,4,4,80,4,4,1,0,1,1,1,1,0,1,64,84,59,2.5618000000005026e-05,0.00028142700000000076,0.00037566799999999567,0.0008501819999999771,1228
generated-1254,generated,compound,empty,4,4,forced-incomplete,28,9,4,2,88,8,1,0,0,0,0,0,0,1,0,80,341,0,1.8928000000029144e-05,0.00027441699999997127,3.9799000000062534e-05,0.0005096669999999914,1053
generated-1255,generated,compound,class-complete,4,4,ambiguous,44,15,4,4,136,6,5,4,1,1,1,1,1,0,0,120,340,4,3.0535000000053714e-05,0.00046642199999991085,0.00015516000000004304,0.0009037519999999244,1619
generated-1256,generated,compound,seeded-omission,4,4,forced-incomplete,44,15,4,2,128,7,4,0,0,1,0,1,0,1,0,120,340,3,2.826200000005663e-05,0.0004089369999999981,8.989400000003478e-05,0.0007655769999999062,1538
generated-1257,generated,compound,census,4,4,forced-complete,44,15,4,4,136,7,1,4,1,1,1,1,1,0,1,120,340,340,2.0671000000138662e-05,0.00042004400000017483,0.0004371489999999145,0.0011314300000000443,1566
generated-1258,generated,compound,one-per-bucket,4,4,forced-incomplete,28,9,4,1,84,8,2,0,0,1,0,1,0,1,0,80,340,1,2.135199999986348e-05,0.00031731200000018056,5.479100000016501e-05,0.0005729509999998772,1073
generated-1259,generated,compound,class-exclusion,4,4,ambiguous,44,15,4,4,136,6,3,3,0,1,1,1,1,0,1,120,340,210,2.4656999999983498e-05,0.00042879699999986975,0.0004058230000001384,0.0011080960000000584,1639
generated-1260,generated,compound,empty,6,4,forced-incomplete,72,15,4,2,240,11,1,0,0,0,0,0,0,1,0,232,5460,0,1.928900000014444e-05,0.0006463100000000388,4.307400000014283e-05,0.0011376290000000289,2352
generated-1261,generated,compound,class-complete,6,4,ambiguous,72,15,4,5,252,11,5,4,1,0,1,1,1,0,0,232,5461,4,4.00599999998974e-05,0.0007603500000001873,0.00016001800000009503,0.0014032840000000046,2557
generated-1262,generated,compound,seeded-omission,6,4,forced-incomplete,44,9,4,1,148,12,4,2,0,1,0,1,0,1,0,144,5460,3,2.7851000000023163e-05,0.00042954800000005733,7.834600000000691e-05,0.0008027220000002,1604
generated-1263,generated,compound,census,6,4,forced-complete,72,15,4,4,248,11,1,4,1,1,1,1,1,0,1,232,5460,5460,2.4926999999896893e-05,0.0006997189999999875,0.0004058829999999958,0.0015569929999998955,2482
generated-1264,generated,compound,one-per-bucket,6,4,forced-incomplete,72,15,4,2,240,11,3,2,0,1,0,1,0,1,0,232,5460,2,3.167700000017426e-05,0.0006624740000000795,8.733000000016311e-05,0.001221654000000072,2420
generated-1265,generated,compound,class-exclusion,6,4,ambiguous,72,15,4,4,248,11,3,1,0,1,1,1,1,0,1,232,5460,4494,3.339999999996124e-05,0.0007000500000000631,0.0004153469999998993,0.0015785740000000548,2572
generated-1266,generated,compound,empty,8,4,forced-incomplete,60,9,4,1,212,17,1,0,0,0,0,0,0,1,0,208,87380,0,2.29439999999137e-05,0.0005856300000000036,3.832699999994915e-05,0.001091431000000087,2125
generated-1267,generated,compound,class-complete,8,4,ambiguous,100,15,4,4,360,15,5,4,1,1,1,1,1,0,0,344,87380,4,4.050099999997059e-05,0.0010060540000000895,0.0001642539999999748,0.0018344339999998294,3552
generated-1268,generated,compound,seeded-omission,8,4,forced-incomplete,100,15,4,3,356,16,4,0,0,0,0,1,0,1,0,344,87381,3,3.995899999997832e-05,0.0009585130000000497,0.00010574699999987835,0.0017049209999999704,3493
generated-1269,generated,compound,census,8,4,forced-complete,100,15,4,4,360,15,1,4,1,1,1,1,1,0,1,344,87380,87380,4.446600000007628e-05,0.0009856740000000475,0.0004606540000000603,0.0021002390000000037,3537
generated-1270,generated,compound,one-per-bucket,8,4,forced-incomplete,60,9,4,1,212,17,2,0,0,1,0,1,0,1,0,208,87380,1,2.525699999988973e-05,0.0006083430000001222,6.078099999995423e-05,0.001061256000000066,2173
generated-1271,generated,compound,class-exclusion,8,4,ambiguous,100,15,4,4,360,15,5,3,0,1,1,1,1,0,0,344,87380,19170,3.163699999997327e-05,0.0009935650000001406,0.0004377499999999035,0.0020752410000000054,3620
generated-1272,generated,compound,empty,12,4,forced-incomplete,156,15,4,2,576,24,1,0,0,0,0,0,0,1,0,568,22369620,0,2.7070000000017913e-05,0.0015968820000000772,4.8792999999935915e-05,0.00281947700000007,5839
generated-1273,generated,compound,class-complete,12,4,ambiguous,156,15,4,4,584,24,5,4,1,1,1,1,1,0,0,568,22369620,4,4.847200000002161e-05,0.001764260000000073,0.00016444400000015236,0.0030995620000000557,6028
generated-1274,generated,compound,seeded-omission,12,4,forced-incomplete,92,9,4,1,340,25,4,2,0,1,0,1,0,1,0,336,22369620,3,3.403099999998993e-05,0.0009125549999999816,8.061000000014751e-05,0.0016120440000000347,3599
generated-1275,generated,compound,census,12,4,forced-complete,156,15,4,5,588,23,1,4,1,1,1,1,1,0,1,568,22369621,22369621,3.353999999999857e-05,0.0017720420000000292,0.0004536930000000883,0.003388200999999924,6071
generated-1276,generated,compound,one-per-bucket,12,4,forced-incomplete,156,15,4,2,576,24,3,2,0,1,0,1,0,1,0,568,22369620,2,3.6844999999896544e-05,0.0015524259999999401,8.825099999998365e-05,0.003023810000000182,5907
generated-1277,generated,compound,class-exclusion,12,4,ambiguous,156,15,4,4,584,24,3,1,0,1,1,1,1,0,1,568,22369620,21580650,4.157199999998973e-05,0.0016225489999999176,0.0004786110000001287,0.003270757000000124,6184
generated-1278,generated,compound,empty,24,4,forced-incomplete,188,9,4,1,724,49,1,0,0,0,0,0,0,1,0,720,375299968947540,0,3.256900000003782e-05,0.0019707669999999844,3.903800000015778e-05,0.003318007000000067,9568
generated-1279,generated,compound,class-complete,24,4,ambiguous,324,15,4,4,1256,48,5,4,1,1,1,1,1,0,0,1240,375299968947540,4,5.3359000000030576e-05,0.0036469760000001905,0.00016844000000015846,0.006186738000000025,16663
generated-1280,generated,compound,seeded-omission,24,4,forced-incomplete,324,15,4,2,1248,48,4,0,0,1,0,1,0,1,0,1240,375299968947540,3,5.7726000000091204e-05,0.0033368550000001385,0.00010414400000002821,0.005510954000000012,16508
generated-1281,generated,compound,census,24,4,forced-complete,324,15,4,4,1256,48,1,4,1,1,1,1,1,0,1,1240,375299968947540,375299968947540,4.803200000003116e-05,0.0037595829999998998,0.0004968270000000885,0.006388266000000087,16810
generated-1282,generated,compound,one-per-bucket,24,4,forced-incomplete,188,9,4,2,728,49,2,1,0,1,0,1,0,1,1,720,375299968947541,2,5.083599999999855e-05,0.00203085599999997,9.015400000000895e-05,0.003388542000000161,9660
generated-1283,generated,compound,class-exclusion,24,4,ambiguous,324,15,4,4,1256,48,5,3,0,1,1,1,1,0,0,1240,375299968947540,847255055010,4.587800000011022e-05,0.004022683999999943,0.0004625870000001253,0.007444686000000145,16891
generated-1284,generated,compound,empty,3,4,forced-incomplete,30,15,4,2,72,5,1,0,0,0,0,0,0,1,0,64,84,0,4.184200000012517e-05,0.0002794849999998572,4.43259999998169e-05,0.0005338729999999625,1069
generated-1285,generated,compound,class-complete,3,4,ambiguous,30,15,4,4,80,4,5,4,1,0,1,1,1,0,0,64,84,4,3.362900000003499e-05,0.00029843299999998685,0.00013886600000012628,0.0006447279999999278,1222
generated-1286,generated,compound,seeded-omission,3,4,forced-incomplete,20,9,4,1,52,5,4,2,0,1,0,1,0,1,0,48,84,3,2.1642000000099415e-05,0.0002809870000000103,7.526199999996486e-05,0.0004946539999999278,867
generated-1287,generated,compound,census,3,4,forced-complete,30,15,4,4,80,4,1,4,1,1,1,1,1,0,1,64,84,84,1.9299000000083666e-05,0.0002803970000000433,0.0005554540000001218,0.0010178810000001093,1157
generated-1288,generated,compound,one-per-bucket,3,4,forced-incomplete,30,15,4,2,72,4,3,2,0,1,0,1,0,1,0,64,84,2,2.5798000000021304e-05,0.0002750180000001823,0.00011047399999997154,0.0005725309999999872,1137
generated-1289,generated,compound,class-exclusion,3,4,ambiguous,30,15,4,5,84,4,3,1,0,1,1,1,1,0,1,64,85,60,2.71110000000796e-05,0.0002899210000000263,0.0005180190000000362,0.001006073999999968,1262
generated-1290,generated,compound,empty,4,4,forced-incomplete,28,9,4,1,84,8,1,0,0,0,0,0,0,1,0,80,340,0,1.5733000000128783e-05,0.0002703010000000283,3.319899999998377e-05,0.0004842699999998423,1025
generated-1291,generated,compound,class-complete,4,4,ambiguous,44,15,4,4,136,7,5,4,1,1,1,1,1,0,0,120,340,4,3.210800000008618e-05,0.000424940999999901,0.00015303800000010526,0.0009493600000001212,1619
generated-1292,generated,compound,seeded-omission,4,4,forced-incomplete,44,15,4,2,128,7,4,0,0,1,0,1,0,1,0,120,340,3,2.874299999988672e-05,0.0003968590000000827,9.135599999998689e-05,0.0007836840000001732,1538
generated-1293,generated,compound,census,4,4,forced-complete,44,15,4,4,136,7,1,4,1,1,1,1,1,0,1,120,340,340,2.0971000000091777e-05,0.0004077759999998598,0.00043391399999981317,0.0011281060000001286,1566
generated-1294,generated,compound,one-per-bucket,4,4,forced-incomplete,28,9,4,1,84,8,2,0,0,1,0,1,0,1,0,80,340,1,2.102100000000995e-05,0.00034729599999994143,5.600300000008218e-05,0.0005946129999998551,1073
generated-1295,generated,compound,class-exclusion,4,4,ambiguous,44,15,4,4,136,7,2,3,0,1,1,1,1,0,1,120,340,210,2.8101999999918803e-05,0.0004728819999999523,0.0004142249999998793,0.0012010230000001343,1636
generated-1296,generated,compound,empty,6,4,forced-incomplete,72,15,4,3,244,11,1,0,0,0,0,0,0,1,0,232,5461,0,2.081099999995395e-05,0.0006759740000001901,5.135599999994689e-05,0.0011589810000001144,2380
generated-1297,generated,compound,class-complete,6,4,ambiguous,72,15,4,4,248,11,5,4,1,1,1,1,1,0,0,232,5460,4,4.2993999999962895e-05,0.0008117250000001519,0.00016950200000009907,0.0014891909999998898,2519
generated-1298,generated,compound,seeded-omission,6,4,forced-incomplete,44,9,4,1,148,12,4,2,0,1,0,1,0,1,0,144,5460,3,2.8642000000189682e-05,0.00043458500000004285,8.056999999994652e-05,0.0008450149999998935,1604
generated-1299,generated,compound,census,6,4,forced-complete,72,15,4,4,248,11,1,4,1,1,1,1,1,0,1,232,5460,5460,2.7199999999893976e-05,0.000758605999999995,0.0004602629999999053,0.001726322999999974,2486
generated-1300,generated,compound,one-per-bucket,6,4,forced-incomplete,72,15,4,2,240,11,3,2,0,1,0,1,0,1,0,232,5460,2,3.38900000000919e-05,0.000803113000000133,9.263799999992273e-05,0.001432947999999934,2420
generated-1301,generated,compound,class-exclusion,6,4,ambiguous,72,15,4,4,248,11,3,1,0,1,1,1,1,0,1,232,5460,4494,9.001399999997162e-05,0.0007304239999998963,0.0004850210000000299,0.0017378099999998398,2574
generated-1302,generated,compound,empty,8,4,forced-incomplete,60,9,4,1,212,17,1,0,0,0,0,0,0,1,0,208,87380,0,2.4126000000013192e-05,0.0007489920000001149,4.241300000007442e-05,0.0014044760000000434,2125
generated-1303,generated,compound,class-complete,8,4,ambiguous,100,15,4,5,364,15,5,4,1,0,1,1,1,0,0,344,87381,4,4.2993999999962895e-05,0.0011101079999999985,0.00015147500000001202,0.001964857000000153,3590
generated-1304,generated,compound,seeded-omission,8,4,forced-incomplete,100,15,4,2,352,16,4,0,0,1,0,1,0,1,0,344,87380,3,3.760600000002334e-05,0.0009984929999999892,9.925700000001925e-05,0.0017272050000001204,3457
generated-1305,generated,compound,census,8,4,forced-complete,100,15,4,4,360,15,1,4,1,1,1,1,1,0,1,344,87380,87380,2.8773000000148485e-05,0.0012629150000000866,0.000499170999999965,0.0023937450000000027,3537
generated-1306,generated,compound,one-per-bucket,8,4,forced-incomplete,60,9,4,1,212,17,2,0,0,1,0,1,0,1,0,208,87380,1,3.154700000007615e-05,0.0008447549999999193,6.977399999996692e-05,0.0015774829999999351,2173
generated-1307,generated,compound,class-exclusion,8,4,ambiguous,100,15,4,4,360,15,5,3,0,1,1,1,1,0,0,344,87380,19170,3.446099999981911e-05,0.0010524030000000906,0.00037767100000007936,0.00213340800000017,3614
generated-1308,generated,compound,empty,12,4,forced-incomplete,156,15,4,2,576,24,1,0,0,0,0,0,0,1,0,568,22369620,0,2.5718000000063412e-05,0.0017307100000001352,4.788099999997186e-05,0.0027657169999999454,5836
generated-1309,generated,compound,class-complete,12,4,ambiguous,156,15,4,4,584,24,5,4,1,1,1,1,1,0,0,568,22369620,4,5.0685000000161295e-05,0.00159116299999984,0.00016256200000008825,0.0028707130000000802,6028
generated-1310,generated,compound,seeded-omission,12,4,forced-incomplete,92,9,4,2,344,25,3,2,0,1,0,1,0,1,1,336,22369621,3,3.7166000000032895e-05,0.0011862819999999275,9.99580000000666e-05,0.0019154939999999065,3633
generated-1311,generated,compound,census,12,4,forced-complete,156,15,4,4,584,24,1,4,1,1,1,1,1,0,1,568,22369620,22369620,2.9865000000128816e-05,0.0016881570000000234,0.00044437000000008275,0.003220212,6055
generated-1312,generated,compound,one-per-bucket,12,4,forced-incomplete,156,15,4,2,576,24,3,0,0,1,0,1,0,1,0,568,22369620,2,3.708599999985296e-05,0.00166243899999996,9.460099999980542e-05,0.003486007000000013,5904
generated-1313,generated,compound,class-exclusion,12,4,ambiguous,156,15,4,4,584,24,3,1,0,1,1,1,1,0,1,568,22369620,21580650,4.131100000015486e-05,0.0017536339999999484,0.0004449910000001722,0.0033224439999999245,6184
generated-1314,generated,compound,empty,24,4,forced-incomplete,188,9,4,1,724,49,1,0,0,0,0,0,0,1,0,720,375299968947540,0,3.0385000000077156e-05,0.0020377570000000844,3.919800000007356e-05,0.003433950000000019,9568
generated-1315,generated,compound,class-complete,24,4,ambiguous,324,15,4,4,1256,48,5,4,1,0,1,1,1,0,0,1240,375299968947540,4,5.24170000000268e-05,0.003649218999999926,0.00015329800000007943,0.006141509999999961,16651
generated-1316,generated,compound,seeded-omission,24,4,forced-incomplete,324,15,4,2,1248,48,4,0,0,1,0,1,0,1,0,1240,375299968947540,3,5.918799999982127e-05,0.0033876600000000145,0.00010431499999996596,0.005629380000000017,16508
generated-1317,generated,compound,census,24,4,forced-complete,324,15,4,5,1260,48,1,4,1,1,1,1,1,0,1,1240,375299968947541,375299968947541,7.03539999999947e-05,0.0037255019999999917,0.0004976989999998516,0.0071836080000000635,16814
generated-1318,generated,compound,one-per-bucket,24,4,forced-incomplete,188,9,4,1,724,49,2,0,0,1,0,1,0,1,0,720,375299968947540,1,4.7540000000179106e-05,0.00209663300000007,6.983400000004636e-05,0.0034398979999998858,9616
generated-1319,generated,compound,class-exclusion,24,4,ambiguous,324,15,4,4,1256,48,5,3,0,1,1,1,1,0,0,1240,375299968947540,847255055010,4.7300000000083386e-05,0.0038244889999998755,0.0006174270000001147,0.006622223999999788,16891
generated-1320,generated,compound,empty,3,4,forced-incomplete,30,15,4,2,72,5,1,0,0,0,0,0,0,1,0,64,84,0,4.4495999999893954e-05,0.0005516500000000146,4.925300000002686e-05,0.0008168630000000565,1069
generated-1321,generated,compound,class-complete,3,4,ambiguous,30,15,4,4,80,4,5,4,1,0,1,1,1,0,0,64,84,4,3.456200000018228e-05,0.00039656899999984674,0.00014161999999995345,0.000744835999999971,1222
generated-1322,generated,compound,seeded-omission,3,4,forced-incomplete,20,9,4,1,52,5,4,2,0,1,0,1,0,1,0,48,84,3,2.5699000000045658e-05,0.0002022799999998881,7.502199999986914e-05,0.0004260229999999421,867
generated-1323,generated,compound,census,3,4,forced-complete,30,15,4,4,80,4,1,4,1,1,1,1,1,0,1,64,84,84,1.919799999994254e-05,0.0003784220000000449,0.00040092500000010745,0.0009616580000000319,1157
generated-1324,generated,compound,one-per-bucket,3,4,forced-incomplete,30,15,4,3,76,4,3,3,0,1,0,1,0,1,1,64,85,3,3.11270000001862e-05,0.0003221989999999675,0.00011230699999997817,0.0006913470000000643,1181
generated-1325,generated,compound,class-exclusion,3,4,ambiguous,30,15,4,4,80,4,3,1,0,1,1,1,1,0,1,64,84,59,2.487699999997872e-05,0.00028133799999996434,0.0003483269999999816,0.0008197270000001033,1226
generated-1326,generated,compound,empty,4,4,forced-incomplete,28,9,4,1,84,8,1,0,0,0,0,0,0,1,0,80,340,0,1.5153000000101002e-05,0.0003486679999999964,3.419100000012776e-05,0.0005611029999998962,1025
generated-1327,generated,compound,class-complete,4,4,ambiguous,44,15,4,4,136,6,5,4,1,1,1,1,1,0,0,120,340,4,3.262800000003452e-05,0.00042021400000002984,0.00015367799999999043,0.000925234000000108,1618
generated-1328,generated,compound,seeded-omission,4,4,forced-incomplete,44,15,4,2,128,7,4,0,0,1,0,1,0,1,0,120,340,3,3.235799999989908e-05,0.0005182999999999716,9.333800000010939e-05,0.0011434990000001033,1538
generated-1329,generated,compound,census,4,4,forced-complete,44,15,4,4,136,6,1,4,1,1,1,1,1,0,1,120,340,340,2.289399999999553e-05,0.00045309299999996,0.00044318799999998326,0.0012121400000000282,1566
generated-1330,generated,compound,one-per-bucket,4,4,forced-incomplete,28,9,4,1,84,8,2,0,0,1,0,1,0,1,0,80,340,1,2.1250999999944398e-05,0.0002962490000000262,5.496199999988072e-05,0.000537969000000027,1073
generated-1331,generated,compound,class-exclusion,4,4,ambiguous,44,15,4,5,140,7,2,3,0,1,1,1,1,0,1,120,341,211,2.714000000003658e-05,0.0005207529999999849,0.0004420570000001067,0.0012479630000001851,1674
generated-1332,generated,compound,empty,6,4,forced-incomplete,72,15,4,2,240,11,1,0,0,0,0,0,0,1,0,232,5460,0,2.1110999999907065e-05,0.0006507860000000143,4.482699999996953e-05,0.0011771080000000378,2352
generated-1333,generated,compound,class-complete,6,4,ambiguous,72,15,4,4,248,11,5,4,1,1,1,1,1,0,0,232,5460,4,3.760600000002334e-05,0.0007260280000001007,0.00016328300000001406,0.0013731489999999624,2519
generated-1334,generated,compound,seeded-omission,6,4,forced-incomplete,44,9,4,1,148,12,4,2,0,1,0,1,0,1,0,144,5460,3,2.6419999999971466e-05,0.00042543199999989234,7.775499999995716e-05,0.0008098429999998658,1604
generated-1335,generated,compound,census,6,4,forced-complete,72,15,4,4,248,11,1,4,1,1,1,1,1,0,1,232,5460,5460,2.4927000000118937e-05,0.0007943699999999332,0.00045662800000001447,0.0017310710000000284,2486
generated-1336,generated,compound,one-per-bucket,6,4,forced-incomplete,72,15,4,2,240,11,3,2,0,1,0,1,0,1,0,232,5460,2,3.143700000007854e-05,0.0006591389999999198,8.861200000009894e-05,0.0012165070000000888,2420
generated-1337,generated,compound,class-exclusion,6,4,ambiguous,72,15,4,4,248,11,3,1,0,1,1,1,1,0,1,232,5460,4494,3.286899999999093e-05,0.0007465280000000796,0.00044402900000006795,0.0016579820000000023,2575
generated-1338,generated,compound,empty,8,4,forced-incomplete,60,9,4,2,216,17,1,0,0,0,0,0,0,1,0,208,87381,0,2.1703000000039552e-05,0.0005953240000000637,5.752599999997443e-05,0.00108262800000003,2153
generated-1339,generated,compound,class-complete,8,4,ambiguous,100,15,4,4,360,15,5,4,1,1,1,1,1,0,0,344,87380,4,3.460199999993918e-05,0.0010575409999999952,0.00020489499999998273,0.0019181079999999184,3552
generated-1340,generated,compound,seeded-omission,8,4,forced-incomplete,100,15,4,2,352,16,4,0,0,1,0,1,0,1,0,344,87380,3,3.69550000001162e-05,0.0010105510000000262,0.00012612800000000313,0.0017825970000000524,3457
generated-1341,generated,compound,census,8,4,forced-complete,100,15,4,4,360,15,1,4,1,1,1,1,1,0,1,344,87380,87380,3.0324999999997715e-05,0.0011512000000000189,0.0004050620000000116,0.0022173519999999503,3533
generated-1342,generated,compound,one-per-bucket,8,4,forced-incomplete,60,9,4,1,212,17,2,0,0,1,0,1,0,1,0,208,87380,1,2.999399999992214e-05,0.0005920989999999016,9.379899999983898e-05,0.0013372059999998687,2173
generated-1343,generated,compound,class-exclusion,8,4,ambiguous,100,15,4,4,360,15,5,3,0,1,1,1,1,0,0,344,87380,19170,3.715500000001093e-05,0.001150128000000139,0.00037547699999995743,0.0022880180000000028,3614
generated-1344,generated,compound,empty,12,4,forced-incomplete,156,15,4,2,576,24,1,0,0,0,0,0,0,1,0,568,22369620,0,2.510799999999591e-05,0.0014935680000001117,4.497600000008539e-05,0.0025317899999999227,5839
generated-1345,generated,compound,class-complete,12,4,ambiguous,156,15,4,5,588,24,4,4,1,0,1,1,1,0,1,568,22369621,4,5.542199999997166e-05,0.001890246999999956,0.00017184500000011482,0.0036679269999999597,6064
generated-1346,generated,compound,seeded-omission,12,4,forced-incomplete,92,9,4,1,340,25,4,2,0,1,0,1,0,1,0,336,22369620,3,3.507199999996935e-05,0.0017993419999999816,8.905299999995009e-05,0.002536816999999969,3599
generated-1347,generated,compound,census,12,4,forced-complete,156,15,4,4,584,23,1,4,1,1,1,1,1,0,1,568,22369620,22369620,3.4861000000052655e-05,0.0022525950000000794,0.0005768370000001077,0.003936855999999933,6043
generated-1348,generated,compound,one-per-bucket,12,4,forced-incomplete,156,15,4,2,576,24,3,2,0,1,0,1,0,1,0,568,22369620,2,3.837699999986732e-05,0.0016476870000001753,9.238700000002709e-05,0.003091230999999972,5907
generated-1349,generated,compound,class-exclusion,12,4,ambiguous,156,15,4,4,584,23,3,1,0,1,1,1,1,0,1,568,22369620,21580650,3.94489999999692e-05,0.0015849140000001594,0.0004153169999998596,0.0030589720000000487,6172
generated-1350,generated,compound,empty,24,4,forced-incomplete,188,9,4,1,724,49,1,0,0,0,0,0,0,1,0,720,375299968947540,0,3.254800000007663e-05,0.0021933769999999964,4.2011999999980176e-05,0.0034907229999998624,9568
generated-1351,generated,compound,class-complete,24,4,ambiguous,324,15,4,4,1256,48,5,4,1,1,1,1,1,0,0,1240,375299968947540,4,5.082499999997658e-05,0.0036419180000000217,0.00018328299999992304,0.00606231299999993,16663
generated-1352,generated,compound,seeded-omission,24,4,forced-incomplete,324,15,4,3,1252,48,4,0,0,0,0,1,0,1,0,1240,375299968947541,3,6.307399999982977e-05,0.0034494019999999903,0.00011278699999994757,0.005833642000000028,16546
generated-1353,generated,compound,census,24,4,forced-complete,324,15,4,4,1256,48,1,4,1,1,1,1,1,0,1,1240,375299968947540,375299968947540,5.451100000009035e-05,0.0039963149999999725,0.0006706160000000683,0.0068622110000000625,16810
generated-1354,generated,compound,one-per-bucket,24,4,forced-incomplete,188,9,4,1,724,49,2,0,0,1,0,1,0,1,0,720,375299968947540,1,5.3028999999815696e-05,0.0023021190000001024,6.615899999995456e-05,0.00411885600000006,9616
generated-1355,generated,compound,class-exclusion,24,4,ambiguous,324,15,4,4,1256,48,5,3,0,1,1,1,1,0,0,1240,375299968947540,847255055010,4.852199999993978e-05,0.003693385000000049,0.00048286700000010896,0.006460222999999932,16927
generated-1356,generated,compound,empty,3,4,forced-incomplete,30,15,4,2,72,5,1,0,0,0,0,0,0,1,0,64,84,0,4.370499999994948e-05,0.00027307600000003873,4.262299999990837e-05,0.0005210939999999997,1069
generated-1357,generated,compound,class-complete,3,4,ambiguous,30,15,4,4,80,4,5,4,1,1,1,1,1,0,0,64,84,4,3.1155999999921136e-05,0.00029118200000000094,0.00014909099999993458,0.0006549529999999582,1222
generated-1358,generated,compound,seeded-omission,3,4,forced-incomplete,20,9,4,1,52,5,4,2,0,1,0,1,0,1,0,48,84,3,2.500700000007683e-05,0.0002319250000000217,7.599300000005194e-05,0.0005028769999999572,867
generated-1359,generated,compound,census,3,4,forced-complete,30,15,4,5,84,4,1,4,1,1,1,1,1,0,1,64,85,85,2.0469999999939148e-05,0.00040272800000007436,0.0005032679999998901,0.001093403999999909,1185
generated-1360,generated,compound,one-per-bucket,3,4,forced-incomplete,30,15,4,2,72,5,3,0,0,1,0,1,0,1,0,64,84,2,2.367500000000078e-05,0.00027234499999995165,8.19110000001011e-05,0.0005361960000000998,1137
generated-1361,generated,compound,class-exclusion,3,4,ambiguous,30,15,4,4,80,4,4,1,0,1,1,1,1,0,1,64,84,59,2.5748000000103133e-05,0.00028433199999988723,0.00038525199999983606,0.0008597870000000007,1228
generated-1362,generated,compound,empty,4,4,forced-incomplete,28,9,4,1,84,8,1,0,0,0,0,0,0,1,0,80,340,0,1.763700000001478e-05,0.0003499599999998715,3.458099999997799e-05,0.0005748640000000638,1025
generated-1363,generated,compound,class-complete,4,4,ambiguous,44,15,4,4,136,6,5,4,1,0,1,1,1,0,0,120,340,4,3.5152000000149286e-05,0.0004910789999998944,0.00018962099999986215,0.0009861239999999771,1618
generated-1364,generated,compound,seeded-omission,4,4,forced-incomplete,44,15,4,2,128,7,4,0,0,1,0,1,0,1,0,120,340,3,2.953400000005324e-05,0.0006367459999998548,9.886700000016901e-05,0.0010055939999999985,1538
generated-1365,generated,compound,census,4,4,forced-complete,44,15,4,4,136,6,1,4,1,1,1,1,1,0,1,120,340,340,2.3824999999977337e-05,0.0004468430000001966,0.00040399000000013174,0.00119690799999983,1564
generated-1366,generated,compound,one-per-bucket,4,4,forced-incomplete,28,9,4,2,88,8,2,1,0,1,0,1,0,1,1,80,341,2,2.849199999999108e-05,0.00028691699999994213,7.967899999994366e-05,0.0006530899999999118,1117
generated-1367,generated,compound,class-exclusion,4,4,ambiguous,44,15,4,4,136,6,3,3,0,1,1,1,1,0,1,120,340,210,2.5458000000089243e-05,0.000449788000000062,0.0004047920000000982,0.001129397000000143,1639
generated-1368,generated,compound,empty,6,4,forced-incomplete,72,15,4,2,240,11,1,0,0,0,0,0,0,1,0,232,5460,0,2.1250999999944398e-05,0.0007579450000001486,4.558800000009633e-05,0.0012808619999999937,2352
generated-1369,generated,compound,class-complete,6,4,ambiguous,72,15,4,4,248,11,5,4,1,1,1,1,1,0,0,232,5460,4,4.2502999999971536e-05,0.0007547709999999874,0.00015834500000000418,0.0015497610000001494,2517
generated-1370,generated,compound,seeded-omission,6,4,forced-incomplete,44,9,4,1,148,12,4,2,0,1,0,1,0,1,0,144,5460,3,2.6859999999961914e-05,0.0004506689999999036,7.913799999981208e-05,0.0008198970000001804,1604
generated-1371,generated,compound,census,6,4,forced-complete,72,15,4,4,248,11,1,4,1,1,1,1,1,0,1,232,5460,5460,2.5086999999812676e-05,0.0007070599999998706,0.0005575079999999843,0.0017188829999998934,2486
generated-1372,generated,compound,one-per-bucket,6,4,forced-incomplete,72,15,4,2,240,11,3,2,0,1,0,1,0,1,0,232,5460,2,3.146699999989622e-05,0.0006980359999999575,8.889199999995157e-05,0.0012331209999998372,2420
generated-1373,generated,compound,class-exclusion,6,4,ambiguous,72,15,4,5,252,11,2,1,0,1,1,1,1,0,1,232,5461,4495,3.5311999999843025e-05,0.0006991090000001421,0.0005172980000001104,0.0016994040000000155,2608
generated-1374,generated,compound,empty,8,4,forced-incomplete,60,9,4,1,212,17,1,0,0,0,0,0,0,1,0,208,87380,0,2.4376000000048137e-05,0.0006170359999999597,3.762600000012384e-05,0.001108295999999953,2125
generated-1375,generated,compound,class-complete,8,4,ambiguous,100,15,4,4,360,15,5,4,1,1,1,1,1,0,0,344,87380,4,3.839699999996782e-05,0.0010691680000001202,0.00016003799999997348,0.0019563550000001317,3552
generated-1376,generated,compound,seeded-omission,8,4,forced-incomplete,100,15,4,2,352,16,4,0,0,1,0,1,0,1,0,344,87380,3,3.923900000013525e-05,0.0009383140000001067,9.511100000003658e-05,0.0016880160000001254,3457
generated-1377,generated,compound,census,8,4,forced-complete,100,15,4,4,360,15,1,4,1,1,1,1,1,0,1,344,87380,87380,3.189699999994744e-05,0.0010111520000000151,0.0004370790000001179,0.0021472979999999087,3537
generated-1378,generated,compound,one-per-bucket,8,4,forced-incomplete,60,9,4,1,212,17,2,0,0,1,0,1,0,1,0,208,87380,1,2.7871999999984354e-05,0.0006037869999999668,5.98990000000299e-05,0.0010603250000000841,2173
generated-1379,generated,compound,class-exclusion,8,4,ambiguous,100,15,4,4,360,15,5,3,0,1,1,1,1,0,0,344,87380,19170,3.2637999999973744e-05,0.000990630999999853,0.0004191430000000107,0.0020859479999999486,3620
generated-1380,generated,compound,empty,12,4,forced-incomplete,156,15,4,3,580,24,1,0,0,0,0,0,0,1,0,568,22369621,0,2.5949000000080602e-05,0.001615448999999991,5.2817999999899e-05,0.002667572000000007,5867
generated-1381,generated,compound,class-complete,12,4,ambiguous,156,15,4,4,584,23,5,4,1,1,1,1,1,0,0,568,22369620,4,4.702999999994795e-05,0.0016791940000000505,0.00015984699999993524,0.0031314500000001466,6028
generated-1382,generated,compound,seeded-omission,12,4,forced-incomplete,92,9,4,1,340,25,4,2,0,1,0,1,0,1,0,336,22369620,3,3.299900000008904e-05,0.0009067570000000913,7.983900000008148e-05,0.001593265999999982,3599
generated-1383,generated,compound,census,12,4,forced-complete,156,15,4,4,584,23,1,4,1,1,1,1,1,0,1,568,22369620,22369620,2.765099999990639e-05,0.0018597719999999818,0.00044336799999999954,0.003303875999999928,6055
generated-1384,generated,compound,one-per-bucket,12,4,forced-incomplete,156,15,4,2,576,24,3,0,0,1,0,1,0,1,0,568,22369620,2,3.884799999998023e-05,0.0017973589999999984,9.046499999998403e-05,0.0032182090000001384,5904
generated-1385,generated,compound,class-exclusion,12,4,ambiguous,156,15,4,4,584,24,3,1,0,1,1,1,1,0,1,568,22369620,21580650,0.00010626800000013148,0.0016415579999999874,0.0004511999999998739,0.0031942839999998807,6184
generated-1386,generated,compound,empty,24,4,forced-incomplete,188,9,4,1,724,49,1,0,0,0,0,0,0,1,0,720,375299968947540,0,2.8402000000093963e-05,0.002108441000000072,4.200300000012369e-05,0.003363195000000152,9568
generated-1387,generated,compound,class-complete,24,4,ambiguous,324,15,4,5,1260,48,5,4,1,0,1,1,1,0,0,1240,375299968947541,4,5.4280999999933854e-05,0.003684190999999837,0.00016983300000017465,0.006085757999999997,16689
generated-1388,generated,compound,seeded-omission,24,4,forced-incomplete,324,15,4,2,1248,48,4,0,0,1,0,1,0,1,0,1240,375299968947540,3,6.425500000006856e-05,0.004419793999999921,0.0001269189999999476,0.006693971000000021,16508
generated-1389,generated,compound,census,24,4,forced-complete,324,15,4,4,1256,48,1,4,1,1,1,1,1,0,1,1240,375299968947540,375299968947540,5.112600000001244e-05,0.004052718000000066,0.00048091399999994344,0.006662353999999926,16810
generated-1390,generated,compound,one-per-bucket,24,4,forced-incomplete,188,9,4,1,724,49,2,0,0,1,0,1,0,1,0,720,375299968947540,1,4.8161999999907223e-05,0.001950706999999996,6.742000000015125e-05,0.0032685439999999844,9616
generated-1391,generated,compound,class-exclusion,24,4,ambiguous,324,15,4,4,1256,48,5,3,0,1,1,1,1,0,0,1240,375299968947540,847255055010,6.448599999986371e-05,0.003777098999999895,0.0005569170000001566,0.006503056999999979,16927
generated-1392,generated,compound,empty,3,4,forced-incomplete,30,15,4,2,72,4,1,0,0,0,0,0,0,1,0,64,84,0,4.2142000000078284e-05,0.00030105699999993796,4.416599999990112e-05,0.000554063000000049,1069
generated-1393,generated,compound,class-complete,3,4,ambiguous,30,15,4,4,80,4,5,4,1,1,1,1,1,0,0,64,84,4,3.304900000000721e-05,0.0004528729999999648,0.00018126899999981738,0.0008394769999999774,1222
generated-1394,generated,compound,seeded-omission,3,4,forced-incomplete,20,9,4,2,56,5,3,2,0,1,0,1,0,1,1,48,85,3,2.6768999999982057e-05,0.0002103920000000592,9.088500000009603e-05,0.00045387399999996525,901
generated-1395,generated,compound,census,3,4,forced-complete,30,15,4,4,80,4,1,4,1,1,1,1,1,0,1,64,84,84,1.8607000000114837e-05,0.0003624980000000999,0.0003828879999998591,0.0009278580000000591,1157
generated-1396,generated,compound,one-per-bucket,3,4,forced-incomplete,30,15,4,2,72,4,3,2,0,1,0,1,0,1,0,64,84,2,2.5047000000055775e-05,0.0003508109999998954,8.246199999994985e-05,0.0006153429999999904,1137
generated-1397,generated,compound,class-exclusion,3,4,ambiguous,30,15,4,4,80,4,4,1,0,1,1,1,1,0,1,64,84,59,2.8542000000131296e-05,0.00037706000000015116,0.0003883470000001221,0.00096720699999997,1228
generated-1398,generated,compound,empty,4,4,forced-incomplete,28,9,4,1,84,8,1,0,0,0,0,0,0,1,0,80,340,0,1.602299999992063e-05,0.00031753100000009304,3.291900000013115e-05,0.0005311390000000138,1025
generated-1399,generated,compound,class-complete,4,4,ambiguous,44,15,4,4,136,6,5,4,1,1,1,1,1,0,0,120,340,4,0.0001106039999998476,0.00045286300000002555,0.0001559809999998052,0.0009817780000000997,1619
generated-1400,generated,compound,seeded-omission,4,4,forced-incomplete,44,15,4,2,128,7,4,0,0,1,0,1,0,1,0,120,340,3,0.0002782029999999214,0.0005396220000000174,0.00010767000000000415,0.001219600999999959,1538
generated-1401,generated,compound,census,4,4,forced-complete,44,15,4,5,140,6,1,4,1,1,1,1,1,0,1,120,341,341,3.0093999999980525e-05,0.0004347460000000414,0.00044995799999991704,0.0011882149999999925,1592
generated-1402,generated,compound,one-per-bucket,4,4,forced-incomplete,28,9,4,1,84,8,2,0,0,1,0,1,0,1,0,80,340,1,2.2253000000027612e-05,0.0002779729999999869,5.565199999990611e-05,0.0005256409999999656,1073
generated-1403,generated,compound,class-exclusion,4,4,ambiguous,44,15,4,4,136,6,2,3,0,1,1,1,1,0,1,120,340,210,3.072500000000922e-05,0.00042330900000009386,0.0003664740000000055,0.0011025779999999097,1634
generated-1404,generated,compound,empty,6,4,forced-incomplete,72,15,4,2,240,11,1,0,0,0,0,0,0,1,0,232,5460,0,1.9478999999988922e-05,0.000694851999999968,4.410600000004372e-05,0.0012808619999999937,2352
generated-1405,generated,compound,class-complete,6,4,ambiguous,72,15,4,4,248,11,5,4,1,1,1,1,1,0,0,232,5460,4,3.810700000006495e-05,0.0007030939999999042,0.00018415400000004745,0.001387249999999951,2519
generated-1406,generated,compound,seeded-omission,6,4,forced-incomplete,44,9,4,1,148,12,4,2,0,1,0,1,0,1,0,144,5460,3,2.5096999999973946e-05,0.0004220059999999748,7.672400000002799e-05,0.0007841549999999531,1604
generated-1407,generated,compound,census,6,4,forced-complete,72,15,4,4,248,11,1,4,1,1,1,1,1,0,1,232,5460,5460,2.3996000000026108e-05,0.000944463000000062,0.0004056319999999891,0.0018055319999999986,2482
generated-1408,generated,compound,one-per-bucket,6,4,forced-incomplete,72,15,4,3,244,11,3,1,0,1,0,1,0,1,1,232,5461,3,3.825700000004151e-05,0.0007297529999999997,0.00011856600000004214,0.0013148929999999837,2464
generated-1409,generated,compound,class-exclusion,6,4,ambiguous,72,15,4,4,248,11,3,1,0,1,1,1,1,0,1,232,5460,4494,3.383000000001246e-05,0.0006959330000000374,0.0005355049999999917,0.0017271249999999405,2575
generated-1410,generated,compound,empty,8,4,forced-incomplete,60,9,4,1,212,17,1,0,0,0,0,0,0,1,0,208,87380,0,1.9959000000069338e-05,0.0006150129999999976,3.614399999996021e-05,0.0011080860000000081,2125
generated-1411,generated,compound,class-complete,8,4,ambiguous,100,15,4,4,360,15,5,4,1,1,1,1,1,0,0,344,87380,4,3.532299999997601e-05,0.0010022990000000398,0.00015906700000001273,0.0019094660000000818,3552
generated-1412,generated,compound,seeded-omission,8,4,forced-incomplete,100,15,4,2,352,16,4,0,0,1,0,1,0,1,0,344,87380,3,3.9507999999965904e-05,0.0009583029999999937,0.00010076900000000055,0.00235229299999995,3457
generated-1413,generated,compound,census,8,4,forced-complete,100,15,4,4,360,15,1,4,1,1,1,1,1,0,1,344,87380,87380,3.2148000000065124e-05,0.000999854999999994,0.00041842099999989113,0.0022017500000000023,3533
generated-1414,generated,compound,one-per-bucket,8,4,forced-incomplete,60,9,4,1,212,17,2,0,0,1,0,1,0,1,0,208,87380,1,2.6909999999991108e-05,0.0006434250000000308,6.0198999999983016e-05,0.0011000339999999165,2173
generated-1415,generated,compound,class-exclusion,8,4,ambiguous,100,15,4,5,364,15,4,3,0,1,1,1,1,0,1,344,87381,19171,3.8606999999912794e-05,0.001096999000000043,0.00042659300000003064,0.0022384939999999798,3650
generated-1416,generated,compound,empty,12,4,forced-incomplete,156,15,4,2,576,24,1,0,0,0,0,0,0,1,0,568,22369620,0,2.390600000001797e-05,0.0014926969999999873,4.509699999999395e-05,0.00259398200000005,5839
generated-1417,generated,compound,class-complete,12,4,ambiguous,156,15,4,4,584,23,5,4,1,1,1,1,1,0,0,568,22369620,4,4.5978000000057584e-05,0.0016503010000000762,0.00015799500000002187,0.002902058999999957,6028
generated-1418,generated,compound,seeded-omission,12,4,forced-incomplete,92,9,4,1,340,25,4,2,0,1,0,1,0,1,0,336,22369620,3,3.464200000002915e-05,0.0009089700000000089,7.828599999992747e-05,0.001672875000000018,3599
generated-1419,generated,compound,census,12,4,forced-complete,156,15,4,4,584,23,1,4,1,1,1,1,1,0,1,568,22369620,22369620,2.7871000000012636e-05,0.0016754580000000185,0.0007123279999999843,0.0034028739999999447,6043
generated-1420,generated,compound,one-per-bucket,12,4,forced-incomplete,156,15,4,2,576,24,3,2,0,1,0,1,0,1,0,568,22369620,2,3.920800000001279e-05,0.0014786450000000562,9.110599999995195e-05,0.0025685839999999294,5907
generated-1421,generated,compound,class-exclusion,12,4,ambiguous,156,15,4,4,584,23,3,1,0,1,1,1,1,0,1,568,22369620,21580650,4.2191999999996455e-05,0.001577563000000004,0.0004302590000000439,0.003055938000000036,6184
generated-1422,generated,compound,empty,24,4,forced-incomplete,188,9,4,2,728,49,1,0,0,0,0,0,0,1,0,720,375299968947541,0,3.9108000000065424e-05,0.0023335249999999474,4.8331999999984276e-05,0.003699303999999959,9596
generated-1423,generated,compound,class-complete,24,4,ambiguous,324,15,4,4,1256,48,5,4,1,1,1,1,1,0,0,1240,375299968947540,4,5.189699999996744e-05,0.0035193960000000635,0.00016548599999999247,0.008076573000000087,16651
generated-1424,generated,compound,seeded-omission,24,4,forced-incomplete,324,15,4,2,1248,48,4,0,0,1,0,1,0,1,0,1240,375299968947540,3,5.621300000002716e-05,0.0033366749999999,9.91969999999398e-05,0.0055681189999999825,16501
generated-1425,generated,compound,census,24,4,forced-complete,324,15,4,4,1256,48,1,4,1,1,1,1,1,0,1,1240,375299968947540,375299968947540,4.456600000002364e-05,0.0034629729999999803,0.0004620860000000837,0.0060717570000000665,16810
generated-1426,generated,compound,one-per-bucket,24,4,forced-incomplete,188,9,4,1,724,49,2,0,0,1,0,1,0,1,0,720,375299968947540,1,4.37349999999892e-05,0.0019685339999999663,6.375499999999867e-05,0.0032754539999999555,9616
generated-1427,generated,compound,class-exclusion,24,4,ambiguous,324,15,4,4,1256,48,5,3,0,1,1,1,1,0,0,1240,375299968947540,847255055010,4.160200000002945e-05,0.004782792000000091,0.0004625070000000564,0.007334842000000008,16926
generated-1428,generated,compound,empty,3,4,forced-incomplete,30,15,4,2,72,5,1,0,0,0,0,0,0,1,0,64,84,0,4.070099999997634e-05,0.00027543900000004395,4.2132999999999754e-05,0.0005255899999999647,1069
generated-1429,generated,compound,class-complete,3,4,ambiguous,30,15,4,5,84,4,5,4,1,0,1,1,1,0,0,64,85,4,3.608399999999179e-05,0.00037290400000000723,0.00015119399999996563,0.0007921760000000333,1260
generated-1430,generated,compound,seeded-omission,3,4,forced-incomplete,20,9,4,1,52,5,4,2,0,1,0,1,0,1,0,48,84,3,2.2984999999975386e-05,0.00023589000000001636,7.766600000003177e-05,0.0004551059999999829,867
generated-1431,generated,compound,census,3,4,forced-complete,30,15,4,4,80,4,1,4,1,1,1,1,1,0,1,64,84,84,1.913799999997412e-05,0.00027615000000003054,0.00044839600000001756,0.0009135869999999935,1157
generated-1432,generated,compound,one-per-bucket,3,4,forced-incomplete,30,15,4,2,72,5,3,1,0,1,0,1,0,1,0,64,84,2,2.5818000000010777e-05,0.0002697999999999867,7.972800000000113e-05,0.0005331619999999759,1137
generated-1433,generated,compound,class-exclusion,3,4,ambiguous,30,15,4,4,80,4,4,1,0,1,1,1,1,0,1,64,84,59,2.736100000000352e-05,0.0002851139999999752,0.00039863200000000987,0.0009255740000000401,1228
generated-1434,generated,compound,empty,4,4,forced-incomplete,28,9,4,1,84,8,1,0,0,0,0,0,0,1,0,80,340,0,1.5403000000024925e-05,0.0002653740000000404,3.3240000000045455e-05,0.00047711900000002583,1025
generated-1435,generated,compound,class-complete,4,4,ambiguous,44,15,4,4,136,6,5,4,1,1,1,1,1,0,0,120,340,4,2.938399999996566e-05,0.0005109490000000383,0.00015489999999995785,0.0009464849999999414,1619
generated-1436,generated,compound,seeded-omission,4,4,forced-incomplete,44,15,4,3,132,7,4,0,0,0,0,1,0,1,0,120,341,3,7.091599999997644e-05,0.00040595300000001444,0.00010729999999992135,0.0008247949999999893,1576
generated-1437,generated,compound,census,4,4,forced-complete,44,15,4,4,136,6,1,4,1,1,1,1,1,0,1,120,340,340,2.063099999993767e-05,0.0005291660000000808,0.00043424499999999977,0.0012337519999999769,1566
generated-1438,generated,compound,one-per-bucket,4,4,forced-incomplete,28,9,4,1,84,8,2,0,0,1,0,1,0,1,0,80,340,1,2.1962000000042003e-05,0.0002770809999999013,5.5872999999984074e-05,0.0005238880000000279,1073
generated-1439,generated,compound,class-exclusion,4,4,ambiguous,44,15,4,4,136,7,2,3,0,1,1,1,1,0,1,120,340,210,2.603899999997772e-05,0.00043307300000006155,0.00039958299999998115,0.0011091270000000986,1636
generated-1440,generated,temporal,empty,3,4,forced-incomplete,22,12,8,3,68,5,1,0,0,0,0,0,0,1,0,44,85,0,2.0710999999895563e-05,0.0002035630000000177,0.00012529599999999697,0.0005033380000000198,1034
generated-1441,generated,temporal,class-complete,3,4,ambiguous,23,11,7,4,80,5,8,7,1,0,1,1,1,0,0,52,84,7,3.5081999999908575e-05,0.0002942060000000746,0.0003378619999999666,0.0008299429999999441,1201
generated-1442,generated,temporal,seeded-omission,3,4,forced-incomplete,22,12,8,1,52,5,8,2,0,1,0,1,0,1,0,44,84,7,2.7671000000006885e-05,0.00023626000000009917,0.00024322099999996016,0.0006317379999999373,1062
generated-1443,generated,temporal,census,3,4,forced-complete,23,11,7,4,80,5,1,7,1,1,1,1,1,0,1,52,84,84,2.3624999999971585e-05,0.00021167399999999503,0.0007638039999999791,0.0011343550000000313,1105
generated-1444,generated,temporal,one-per-bucket,3,4,forced-incomplete,26,13,8,2,72,5,3,1,0,1,0,1,0,1,0,56,84,2,2.421600000002133e-05,0.00025843399999991856,0.00017726299999998307,0.0006074120000000294,1163
generated-1445,generated,temporal,class-exclusion,3,4,ambiguous,26,13,8,4,88,5,3,5,0,1,1,1,1,0,1,56,84,83,3.3620000000067485e-05,0.00023708199999994406,0.001284908000000029,0.0017056530000000292,1319
generated-1446,generated,temporal,empty,4,4,forced-incomplete,33,12,8,1,96,7,1,0,0,0,0,0,0,1,0,88,340,0,1.7595999999953094e-05,0.00029853400000001695,8.190099999993983e-05,0.000593461999999989,1259
generated-1447,generated,temporal,class-complete,4,4,ambiguous,38,13,8,5,144,7,9,8,1,0,1,1,1,0,0,104,341,8,4.160200000002945e-05,0.00036229800000009416,0.0005229469999999958,0.0011836980000000663,1727
generated-1448,generated,temporal,seeded-omission,4,4,forced-incomplete,34,12,8,2,108,7,8,0,0,1,0,1,0,1,0,92,340,7,3.1427000000028293e-05,0.0003182630000000408,0.0003866040000000126,0.0009409280000000075,1447
generated-1449,generated,temporal,census,4,4,forced-complete,33,12,8,4,120,7,1,8,1,1,1,1,1,0,1,88,340,340,8.555699999990285e-05,0.0003090789999999899,0.001204018000000029,0.0018011039999999978,1453
generated-1450,generated,temporal,one-per-bucket,4,4,forced-incomplete,34,12,8,1,100,7,2,0,0,1,0,1,0,1,0,92,340,1,2.1291000000034366e-05,0.00030813700000009714,0.0001226319999999559,0.0006577369999999361,1333
generated-1451,generated,temporal,class-exclusion,4,4,ambiguous,38,13,8,4,136,7,3,3,0,1,1,1,1,0,1,104,340,307,3.614399999996021e-05,0.00034470200000003004,0.0011978990000000023,0.0018368479999999465,1676
generated-1452,generated,temporal,empty,6,4,forced-incomplete,56,12,8,2,196,11,1,0,0,0,0,0,0,1,0,180,5460,0,2.240300000000417e-05,0.0005013740000000544,0.00010987400000006531,0.0010195139999999991,2031
generated-1453,generated,temporal,class-complete,6,4,ambiguous,55,12,8,4,208,11,9,8,1,1,1,1,1,0,0,176,5460,8,4.580799999998053e-05,0.0005413539999999939,0.0004548650000000265,0.0013901339999999873,2267
generated-1454,generated,temporal,seeded-omission,6,4,forced-incomplete,56,12,8,2,196,11,7,6,0,1,0,1,0,1,1,180,5461,7,5.5042000000060654e-05,0.000533893000000063,0.00028401200000005566,0.0012167260000000013,2161
generated-1455,generated,temporal,census,6,4,forced-complete,56,12,8,4,212,11,1,8,1,1,1,1,1,0,1,180,5460,5460,3.157700000000485e-05,0.0006472009999999306,0.0012072119999999575,0.002228519999999956,2211
generated-1456,generated,temporal,one-per-bucket,6,4,forced-incomplete,56,12,8,2,196,11,3,1,0,1,0,1,0,1,0,180,5460,2,3.501200000000093e-05,0.0005391700000000332,0.00018423300000003362,0.0011171090000000605,2113
generated-1457,generated,temporal,class-exclusion,6,4,ambiguous,55,12,8,4,208,11,2,1,0,1,1,1,1,0,1,176,5460,5205,4.3543999999950955e-05,0.0005287850000000871,0.0012347340000000706,0.002160959000000018,2319
generated-1458,generated,temporal,empty,8,4,forced-incomplete,77,12,8,1,272,15,1,0,0,0,0,0,0,1,0,264,87380,0,2.0589999999987008e-05,0.0006948420000000288,8.715000000003581e-05,0.0012908369999999891,2791
generated-1459,generated,temporal,class-complete,8,4,ambiguous,77,12,8,4,296,15,9,8,1,1,1,1,1,0,0,264,87380,8,4.493699999996714e-05,0.0007377450000000119,0.00046908600000006295,0.0017500380000000648,3096
generated-1460,generated,temporal,seeded-omission,8,4,forced-incomplete,77,12,8,2,280,15,8,4,0,1,0,1,0,1,0,264,87380,7,3.66440000000301e-05,0.0007392379999999754,0.0003033399999999853,0.0015535769999999172,2961
generated-1461,generated,temporal,census,8,4,forced-complete,78,12,8,5,308,15,1,8,1,1,1,1,1,0,1,268,87381,87381,3.5933000000043513e-05,0.0007290319999999628,0.0012789699999999904,0.0025575580000000153,3108
generated-1462,generated,temporal,one-per-bucket,8,4,forced-incomplete,78,12,8,1,276,15,2,0,0,1,0,1,0,1,0,268,87380,1,2.7871999999984354e-05,0.0007225130000000357,0.0001319960000000231,0.0014053370000000065,2863
generated-1463,generated,temporal,class-exclusion,8,4,ambiguous,77,12,8,4,296,15,5,7,0,1,1,1,1,0,1,264,87380,62639,4.939400000003591e-05,0.0007506950000000234,0.0010937349999999846,0.002388146999999896,3180
generated-1464,generated,temporal,empty,12,4,forced-incomplete,134,13,8,2,504,24,1,0,0,0,0,0,0,1,0,488,22369620,0,2.8332000000075297e-05,0.0013510069999999041,0.00011296800000004659,0.0026941010000000043,5220
generated-1465,generated,temporal,class-complete,12,4,ambiguous,122,12,8,4,476,23,9,8,1,1,1,1,1,0,0,444,22369620,8,5.4600999999987465e-05,0.0011848599999999543,0.0007879299999999922,0.002896020999999971,5096
generated-1466,generated,temporal,seeded-omission,12,4,forced-incomplete,134,13,8,1,496,24,8,2,0,1,0,1,0,1,0,488,22369620,7,3.887799999990893e-05,0.0012458000000000746,0.00024337099999993672,0.0023935349999999467,5292
generated-1467,generated,temporal,census,12,4,forced-complete,121,12,8,4,472,23,1,8,1,1,1,1,1,0,1,440,22369620,22369620,4.1672000000048115e-05,0.0011587100000000072,0.0012561060000000346,0.003326920000000011,5074
generated-1468,generated,temporal,one-per-bucket,12,4,forced-incomplete,121,12,8,3,464,24,3,1,0,1,0,1,0,1,1,440,22369621,3,4.044000000003045e-05,0.001498034000000037,0.0002608279999999352,0.0025827050000000185,4952
generated-1469,generated,temporal,class-exclusion,12,4,ambiguous,134,13,8,4,520,23,5,5,0,1,1,1,1,0,1,488,22369620,13817438,4.7971000000091024e-05,0.0013295140000000316,0.0010918719999999382,0.003334562000000041,5640
generated-1470,generated,temporal,empty,24,4,forced-incomplete,253,12,8,1,976,48,1,0,0,0,0,0,0,1,0,968,375299968947540,0,2.820199999997719e-05,0.002567713000000027,9.371899999999211e-05,0.004305272999999943,13264
generated-1471,generated,temporal,class-complete,24,4,ambiguous,254,12,8,4,1004,48,9,8,1,1,1,1,1,0,0,972,375299968947540,8,6.276299999996571e-05,0.00259131800000012,0.0005644479999999952,0.004903761999999867,13633
generated-1472,generated,temporal,seeded-omission,24,4,forced-incomplete,254,12,8,2,988,48,8,0,0,1,0,1,0,1,0,972,375299968947540,7,5.7254999999978295e-05,0.0026335610000001175,0.0003632999999998443,0.004764855999999984,13434
generated-1473,generated,temporal,census,24,4,forced-complete,253,12,8,4,1000,48,1,8,1,1,1,1,1,0,1,968,375299968947540,375299968947540,5.031499999996747e-05,0.0025638079999998897,0.0012597910000000656,0.005543542000000068,13748
generated-1474,generated,temporal,one-per-bucket,24,4,forced-incomplete,278,13,8,1,1072,48,2,0,0,1,0,1,0,1,0,1064,375299968947540,1,4.467599999991023e-05,0.0027725869999999375,0.00014134000000010083,0.004866677000000097,14463
generated-1475,generated,temporal,class-exclusion,24,4,ambiguous,278,13,8,5,1104,48,2,3,0,1,1,1,1,0,1,1064,375299968947541,375017757514868,6.890199999998181e-05,0.002798305000000001,0.00135013500000003,0.006025388000000076,15201
generated-1476,generated,temporal,empty,3,4,forced-incomplete,23,11,7,2,66,5,1,0,0,0,0,0,0,1,0,52,84,0,3.928799999997068e-05,0.00023992600000011244,8.803099999998842e-05,0.0005139530000000114,982
generated-1477,generated,temporal,class-complete,3,4,ambiguous,26,13,8,4,88,5,9,8,1,1,1,1,1,0,0,56,84,8,3.804700000009653e-05,0.00024892000000020786,0.00044848599999980365,0.0008924949999999932,1323
generated-1478,generated,temporal,seeded-omission,3,4,forced-incomplete,26,13,8,1,64,5,8,6,0,1,0,1,0,1,0,56,84,7,2.7009999999938472e-05,0.00022951099999990454,0.0002389350000000512,0.0006367860000000558,1153
generated-1479,generated,temporal,census,3,4,forced-complete,23,11,7,4,80,5,1,7,1,1,1,1,1,0,1,52,84,84,2.526800000013374e-05,0.0002137069999998964,0.0007615809999999001,0.00115382399999997,1105
generated-1480,generated,temporal,one-per-bucket,3,4,forced-incomplete,22,12,8,2,60,5,3,1,0,1,0,1,0,1,0,44,84,2,2.4385999999987362e-05,0.0002029020000000603,0.0002808770000000127,0.0006369859999999505,1072
generated-1481,generated,temporal,class-exclusion,3,4,ambiguous,22,12,8,4,76,5,5,1,0,1,1,1,1,0,1,44,84,65,3.499200000001146e-05,0.00021948599999999097,0.0007293729999999776,0.001145111000000032,1230
generated-1482,generated,temporal,empty,4,4,forced-incomplete,38,13,8,2,120,7,1,0,0,0,0,0,0,1,0,104,341,0,1.7986999999886066e-05,0.000333455000000038,0.00010221199999982389,0.0006721679999999175,1420
generated-1483,generated,temporal,class-complete,4,4,ambiguous,33,12,8,4,120,7,9,8,1,1,1,1,1,0,0,88,340,8,3.8176999999972594e-05,0.0003102099999998664,0.0004560869999998829,0.0010259340000000616,1548
generated-1484,generated,temporal,seeded-omission,4,4,forced-incomplete,33,12,8,2,104,7,8,4,0,1,0,1,0,1,0,88,340,7,3.091600000004746e-05,0.00029933499999978963,0.00038820599999978,0.000918623999999868,1429
generated-1485,generated,temporal,census,4,4,forced-complete,34,12,8,4,124,7,1,8,1,1,1,1,1,0,1,92,340,340,2.686999999990114e-05,0.00030847900000008366,0.0011308199999999768,0.0016706500000001068,1472
generated-1486,generated,temporal,one-per-bucket,4,4,forced-incomplete,34,12,8,1,100,7,2,0,0,1,0,1,0,1,0,92,340,1,2.2183000000008946e-05,0.0003055840000001364,0.00012308199999999658,0.0006752430000001031,1333
generated-1487,generated,temporal,class-exclusion,4,4,ambiguous,38,13,8,4,136,7,2,7,0,1,1,1,1,0,1,104,340,317,3.5012000000111954e-05,0.00037283399999998856,0.0011295680000000807,0.0017604840000000621,1675
generated-1488,generated,temporal,empty,6,4,forced-incomplete,62,13,8,2,216,11,1,0,0,0,0,0,0,1,0,200,5460,0,2.4495999999984974e-05,0.0005441080000001541,0.00011289700000016722,0.001270576999999884,2192
generated-1489,generated,temporal,class-complete,6,4,ambiguous,55,12,8,5,216,11,9,8,1,0,1,1,1,0,0,176,5461,8,4.9552999999979974e-05,0.0005691050000000697,0.0005308380000002,0.0015052460000000156,2329
generated-1490,generated,temporal,seeded-omission,6,4,forced-incomplete,55,12,8,1,184,11,8,2,0,1,0,1,0,1,0,176,5460,7,3.306900000010771e-05,0.0006011729999999549,0.0002508729999999293,0.0012225160000001178,2084
generated-1491,generated,temporal,census,6,4,forced-complete,55,12,8,4,208,11,1,8,1,1,1,1,1,0,1,176,5460,5460,3.305899999994644e-05,0.0005230060000001036,0.0012084249999999574,0.002101500999999839,2196
generated-1492,generated,temporal,one-per-bucket,6,4,forced-incomplete,56,12,8,2,196,11,3,1,0,1,0,1,0,1,0,180,5460,2,3.0645000000051326e-05,0.0007807189999999853,0.00021821399999999436,0.0013970949999999593,2113
generated-1493,generated,temporal,class-exclusion,6,4,ambiguous,55,12,8,4,208,11,2,5,0,1,1,1,1,0,1,176,5460,5288,0.00010406400000007032,0.0005537719999999524,0.0011932720000000785,0.0021948899999999494,2319
generated-1494,generated,temporal,empty,8,4,forced-incomplete,78,12,8,1,276,15,1,0,0,0,0,0,0,1,0,268,87380,0,2.0651000000038167e-05,0.0013699849999999625,9.689400000012505e-05,0.0019908059999997896,2807
generated-1495,generated,temporal,class-complete,8,4,ambiguous,77,12,8,4,296,15,9,8,1,1,1,1,1,0,0,264,87380,8,5.279900000010329e-05,0.000781310000000035,0.0004736730000001188,0.0020305449999999947,3096
generated-1496,generated,temporal,seeded-omission,8,4,forced-incomplete,78,12,8,3,292,15,7,0,0,0,0,1,0,1,0,268,87381,7,4.6980000000029776e-05,0.0007397580000001458,0.00031745199999999585,0.0016026400000002106,3031
generated-1497,generated,temporal,census,8,4,forced-complete,77,12,8,4,296,15,1,8,1,1,1,1,1,0,1,264,87380,87380,4.23629999999342e-05,0.000777234000000071,0.0011665329999999141,0.0025936909999999536,3045
generated-1498,generated,temporal,one-per-bucket,8,4,forced-incomplete,86,13,8,1,304,15,2,0,0,1,0,1,0,1,0,296,87380,1,2.8582999999970937e-05,0.0007942300000001179,0.00018384299999985032,0.0015662159999998426,3096
generated-1499,generated,temporal,class-exclusion,8,4,ambiguous,77,12,8,4,296,15,3,3,0,1,1,1,1,0,1,264,87380,82099,4.791100000001158e-05,0.0007399679999999798,0.0011682140000000008,0.0024789510000000625,3186
generated-1500,generated,temporal,empty,12,4,forced-incomplete,122,12,8,2,460,24,1,0,0,0,0,0,0,1,0,444,22369620,0,2.6409999999810196e-05,0.0011586909999998785,0.00011138600000015764,0.0021280909999998876,4815
generated-1501,generated,temporal,class-complete,12,4,ambiguous,134,13,8,4,520,23,9,8,1,1,1,1,1,0,0,488,22369620,8,4.960300000012019e-05,0.0013340909999999262,0.0004694670000000567,0.0027275399999999728,5500
generated-1502,generated,temporal,seeded-omission,12,4,forced-incomplete,122,12,8,1,452,24,8,6,0,1,0,1,0,1,0,444,22369620,7,5.320900000005402e-05,0.0011381110000001637,0.0002481779999998768,0.002489435999999845,4887
generated-1503,generated,temporal,census,12,4,forced-complete,134,13,8,5,528,23,1,8,1,1,1,1,1,0,1,488,22369621,22369621,4.4295999999999225e-05,0.0013621730000001886,0.0012589700000000814,0.0035890100000000036,5536
generated-1504,generated,temporal,one-per-bucket,12,4,forced-incomplete,121,12,8,2,456,24,3,1,0,1,0,1,0,1,0,440,22369620,2,4.165199999994762e-05,0.0011585610000000024,0.0002032319999998311,0.0023783419999998667,4884
generated-1505,generated,temporal,class-exclusion,12,4,ambiguous,134,13,8,4,520,23,4,1,0,1,1,1,1,0,1,488,22369620,20002712,0.00010098000000002827,0.001266619999999996,0.0011332529999998897,0.0033527390000001045,5652
generated-1506,generated,temporal,empty,24,4,forced-incomplete,254,12,8,1,980,48,1,0,0,0,0,0,0,1,0,972,375299968947540,0,2.7070000000017913e-05,0.0028201679999999563,9.81349999999992e-05,0.00458332600000011,13264
generated-1507,generated,temporal,class-complete,24,4,ambiguous,254,12,8,4,1004,48,9,8,1,1,1,1,1,0,0,972,375299968947540,8,6.579799999983926e-05,0.0027056979999999786,0.0004850800000000266,0.00496732600000005,13633
generated-1508,generated,temporal,seeded-omission,24,4,forced-incomplete,254,12,8,2,988,48,8,4,0,1,0,1,0,1,0,972,375299968947540,7,6.1010000000027986e-05,0.002616114999999919,0.00039222299999996935,0.005001626999999953,13434
generated-1509,generated,temporal,census,24,4,forced-complete,253,12,8,4,1000,48,1,8,1,1,1,1,1,0,1,968,375299968947540,375299968947540,5.323900000009374e-05,0.0025598010000000837,0.0012295460000000258,0.005490723999999947,13748
generated-1510,generated,temporal,one-per-bucket,24,4,forced-incomplete,253,12,8,2,984,48,2,1,0,1,0,1,0,1,1,968,375299968947541,2,5.319900000011479e-05,0.002576096000000083,0.00020826900000003867,0.0045737519999999865,13388
generated-1511,generated,temporal,class-exclusion,24,4,ambiguous,278,13,8,4,1096,48,5,7,0,1,1,1,1,0,1,1064,375299968947540,189273736204727,7.159600000017363e-05,0.0029683480000000095,0.0011589410000001354,0.006117104000000095,15108
generated-1512,generated,temporal,empty,3,4,forced-incomplete,26,13,8,2,72,5,1,0,0,0,0,0,0,1,0,56,84,0,3.9489000000170194e-05,0.00023935499999994114,0.00010789100000008212,0.0005546740000001993,1081
generated-1513,generated,temporal,class-complete,3,4,ambiguous,26,13,8,4,88,5,9,8,1,1,1,1,1,0,0,56,84,8,3.8317000000009926e-05,0.00024786799999998443,0.0005176490000000644,0.0009639909999998864,1323
generated-1514,generated,temporal,seeded-omission,3,4,forced-incomplete,23,11,7,1,59,5,7,4,0,1,0,1,0,1,0,52,84,6,2.7781999999865192e-05,0.00021770399999998524,0.0002202379999998172,0.000605940000000027,1046
generated-1515,generated,temporal,census,3,4,forced-complete,23,11,7,4,80,5,1,7,1,1,1,1,1,0,1,52,84,84,2.5127000000013666e-05,0.00021664200000004463,0.0010257430000000234,0.0014061789999999519,1105
generated-1516,generated,temporal,one-per-bucket,3,4,forced-incomplete,22,12,8,2,60,5,3,0,0,1,0,1,0,1,0,44,84,2,2.6768999999982057e-05,0.00024610499999999647,0.00017663199999984336,0.0005859699999999357,1072
generated-1517,generated,temporal,class-exclusion,3,4,ambiguous,23,11,7,5,87,5,4,0,0,0,1,1,1,0,1,52,85,77,3.438100000008326e-05,0.00023222399999989207,0.0008915339999999716,0.00130640999999998,1257
generated-1518,generated,temporal,empty,4,4,forced-incomplete,38,13,8,1,112,7,1,0,0,0,0,0,0,1,0,104,340,0,1.7256000000021032e-05,0.0003349480000001126,8.240199999987041e-05,0.0006826230000001043,1376
generated-1519,generated,temporal,class-complete,4,4,ambiguous,38,13,8,4,136,7,9,8,1,1,1,1,1,0,0,104,340,8,3.9098000000015176e-05,0.00037246299999993404,0.0004515000000000491,0.0010970290000000826,1665
generated-1520,generated,temporal,seeded-omission,4,4,forced-incomplete,34,12,8,2,108,7,8,0,0,1,0,1,0,1,0,92,340,7,3.068599999989097e-05,0.00031694100000012604,0.0003008659999998997,0.0008640929999998992,1447
generated-1521,generated,temporal,census,4,4,forced-complete,34,12,8,4,124,7,1,8,1,1,1,1,1,0,1,92,340,340,3.264899999999571e-05,0.00041773099999997676,0.0011443499999999052,0.0018240180000002049,1472
generated-1522,generated,temporal,one-per-bucket,4,4,forced-incomplete,33,12,8,1,96,7,2,0,0,1,0,1,0,1,0,88,340,1,2.1481999999961587e-05,0.0003231700000001503,0.00012450499999983045,0.0006688730000001808,1315
generated-1523,generated,temporal,class-exclusion,4,4,ambiguous,34,12,8,4,124,7,3,3,0,1,1,1,1,0,1,92,340,315,3.287799999984742e-05,0.00033541800000014277,0.0010883960000001025,0.0016648419999998332,1579
generated-1524,generated,temporal,empty,6,4,forced-incomplete,62,13,8,3,224,11,1,0,0,0,0,0,0,1,0,200,5461,0,2.352500000002422e-05,0.00059648499999998,0.0001307639999998944,0.0011403229999999986,2236
generated-1525,generated,temporal,class-complete,6,4,ambiguous,55,12,8,4,208,11,9,8,1,1,1,1,1,0,0,176,5460,8,4.580799999986951e-05,0.0005421049999998484,0.000469226999999961,0.0014082319999999537,2267
generated-1526,generated,temporal,seeded-omission,6,4,forced-incomplete,62,13,8,1,208,11,8,6,0,1,0,1,0,1,0,200,5460,7,3.435100000004354e-05,0.0006395200000000045,0.00028447199999992456,0.0013648059999999962,2264
generated-1527,generated,temporal,census,6,4,forced-complete,62,13,8,4,232,11,1,8,1,1,1,1,1,0,1,200,5460,5460,3.420999999992347e-05,0.0007939890000001615,0.001256666000000184,0.0024718200000000135,2376
generated-1528,generated,temporal,one-per-bucket,6,4,forced-incomplete,55,12,8,2,192,11,3,1,0,1,0,1,0,1,0,176,5460,2,3.5413000000206196e-05,0.0005216240000001093,0.00022454400000015973,0.001224668999999956,2094
generated-1529,generated,temporal,class-exclusion,6,4,ambiguous,62,13,8,4,232,11,5,1,0,1,1,1,1,0,1,200,5460,3830,4.721999999990345e-05,0.0006031950000000563,0.0009551079999998713,0.002055111999999859,2492
generated-1530,generated,temporal,empty,8,4,forced-incomplete,86,13,8,1,304,15,1,0,0,0,0,0,0,1,0,296,87380,0,2.1692000000017586e-05,0.0008338780000001211,8.901299999997114e-05,0.0015037740000001243,3040
generated-1531,generated,temporal,class-complete,8,4,ambiguous,78,12,8,5,308,15,9,8,1,0,1,1,1,0,0,268,87381,8,5.071499999997897e-05,0.0007557420000001702,0.0005440280000001962,0.00186093300000012,3176
generated-1532,generated,temporal,seeded-omission,8,4,forced-incomplete,78,12,8,2,284,15,8,4,0,1,0,1,0,1,0,268,87380,7,3.8037000000157306e-05,0.0008229319999999429,0.00031615999999989874,0.0016622889999999835,2977
generated-1533,generated,temporal,census,8,4,forced-complete,78,12,8,4,300,15,1,8,1,1,1,1,1,0,1,268,87380,87380,3.430000000004263e-05,0.0007272999999998753,0.0011883049999998896,0.0024404739999999148,3064
generated-1534,generated,temporal,one-per-bucket,8,4,forced-incomplete,78,12,8,1,276,15,2,0,0,1,0,1,0,1,0,268,87380,1,2.8842999999945107e-05,0.0007361729999999511,0.00013317700000015087,0.001437455000000032,2863
generated-1535,generated,temporal,class-exclusion,8,4,ambiguous,86,13,8,4,328,15,5,7,0,1,1,1,1,0,1,296,87380,62639,4.693899999996809e-05,0.0008145499999998584,0.0010917010000000005,0.0025172380000000327,3429
generated-1536,generated,temporal,empty,12,4,forced-incomplete,134,13,8,2,504,24,1,0,0,0,0,0,0,1,0,488,22369620,0,2.5197000000032332e-05,0.0012548530000000557,0.00011088400000014431,0.0022536669999999592,5220
generated-1537,generated,temporal,class-complete,12,4,ambiguous,134,13,8,4,520,23,9,8,1,1,1,1,1,0,0,488,22369620,8,8.847099999997887e-05,0.0012676130000000008,0.0004681250000000414,0.0026797190000000803,5500
generated-1538,generated,temporal,seeded-omission,12,4,forced-incomplete,122,12,8,2,460,24,7,2,0,1,0,1,0,1,1,444,22369621,7,4.657899999993553e-05,0.0012484439999997932,0.00028816799999997755,0.002612720000000124,4945
generated-1539,generated,temporal,census,12,4,forced-complete,134,13,8,4,520,23,1,8,1,1,1,1,1,0,1,488,22369620,22369620,0.00028380199999999967,0.0012667310000000764,0.0011889860000000585,0.003600555999999866,5492
generated-1540,generated,temporal,one-per-bucket,12,4,forced-incomplete,134,13,8,2,504,24,3,1,0,1,0,1,0,1,0,488,22369620,2,3.601299999989038e-05,0.0012795700000001187,0.00018884000000007894,0.0023646810000002016,5302
generated-1541,generated,temporal,class-exclusion,12,4,ambiguous,122,12,8,4,476,23,3,5,0,1,1,1,1,0,1,444,22369620,21887332,0.00011000300000008068,0.0028735679999998265,0.001246250999999976,0.005033284000000027,5258
generated-1542,generated,temporal,empty,24,4,forced-incomplete,253,12,8,1,976,48,1,0,0,0,0,0,0,1,0,968,375299968947540,0,5.5362000000114264e-05,0.0025331410000000165,9.597199999999972e-05,0.0043993629999998785,13264
generated-1543,generated,temporal,class-complete,24,4,ambiguous,253,12,8,4,1000,48,9,8,1,1,1,1,1,0,0,968,375299968947540,8,6.265299999985707e-05,0.0026098249999999545,0.0004888560000000375,0.004832697000000108,13633
generated-1544,generated,temporal,seeded-omission,24,4,forced-incomplete,254,12,8,2,988,48,8,0,0,1,0,1,0,1,0,972,375299968947540,7,5.6134000000040984e-05,0.0025891449999999594,0.0003215770000000173,0.004602264999999939,13434
generated-1545,generated,temporal,census,24,4,forced-complete,253,12,8,5,1008,48,1,8,1,1,1,1,1,0,1,968,375299968947541,375299968947541,5.533299999993524e-05,0.00262748200000007,0.0013228439999999342,0.005636519999999923,13792
generated-1546,generated,temporal,one-per-bucket,24,4,forced-incomplete,254,12,8,1,980,48,2,0,0,1,0,1,0,1,0,972,375299968947540,1,4.511699999998342e-05,0.0025902369999999397,0.0001409390000000066,0.004480494000000057,13320
generated-1547,generated,temporal,class-exclusion,24,4,ambiguous,278,13,8,4,1096,48,3,3,0,1,1,1,1,0,1,1064,375299968947540,375017757514867,6.439599999996659e-05,0.0028323160000001124,0.0015009889999999526,0.006274808000000132,15147
generated-1548,generated,temporal,empty,3,4,forced-incomplete,26,13,8,2,72,5,1,0,0,0,0,0,0,1,0,56,84,0,4.2242999999997366e-05,0.0002367620000001125,0.00018683699999999526,0.0006241460000000476,1081
generated-1549,generated,temporal,class-complete,3,4,ambiguous,22,12,8,4,76,5,9,8,1,0,1,1,1,0,0,44,84,8,3.7915999999915684e-05,0.0002242129999998621,0.00043768999999982405,0.0008411390000000463,1232
generated-1550,generated,temporal,seeded-omission,3,4,forced-incomplete,26,13,8,1,64,5,8,6,0,1,0,1,0,1,0,56,84,7,2.8042000000061407e-05,0.000233256000000015,0.00023968600000001672,0.0006467209999998502,1153
generated-1551,generated,temporal,census,3,4,forced-complete,26,13,8,4,88,5,1,8,1,1,1,1,1,0,1,56,84,84,2.6029000000038494e-05,0.00025045200000017864,0.0009408369999999167,0.0013662779999998875,1217
generated-1552,generated,temporal,one-per-bucket,3,4,forced-incomplete,26,13,8,3,80,5,3,1,0,1,0,1,0,1,1,56,85,3,2.823200000001691e-05,0.00047580699999993925,0.00026874899999995705,0.0009276780000000429,1231
generated-1553,generated,temporal,class-exclusion,3,4,ambiguous,26,13,8,4,88,5,5,1,0,1,1,1,1,0,1,56,84,56,3.439100000002249e-05,0.000244333000000152,0.0009047129999999459,0.001338536999999862,1321
generated-1554,generated,temporal,empty,4,4,forced-incomplete,33,12,8,1,96,7,1,0,0,0,0,0,0,1,0,88,340,0,1.73659999997966e-05,0.00032364100000004115,8.203199999989863e-05,0.0006170160000000813,1259
generated-1555,generated,temporal,class-complete,4,4,ambiguous,38,13,8,4,136,7,9,8,1,1,1,1,1,0,0,104,340,8,3.881799999994051e-05,0.00038102600000011755,0.00046246699999996643,0.0011132830000000205,1665
generated-1556,generated,temporal,seeded-omission,4,4,forced-incomplete,34,12,8,2,108,7,8,4,0,1,0,1,0,1,0,92,340,7,3.473099999995455e-05,0.00045243200000011363,0.000304362000000058,0.0010712109999999608,1447
generated-1557,generated,temporal,census,4,4,forced-complete,34,12,8,4,124,7,1,8,1,1,1,1,1,0,1,92,340,340,2.8332000000075297e-05,0.00031506800000014046,0.0011353560000000318,0.0017104599999999692,1472
generated-1558,generated,temporal,one-per-bucket,4,4,forced-incomplete,33,12,8,1,96,7,2,0,0,1,0,1,0,1,0,88,340,1,2.1722000000057307e-05,0.00032853799999998934,0.00012415399999987642,0.0006718379999999247,1315
generated-1559,generated,temporal,class-exclusion,4,4,ambiguous,33,12,8,5,128,7,2,7,0,1,1,1,1,0,1,88,341,318,3.899799999995679e-05,0.00031605899999997966,0.0014154120000000603,0.0019780969999998455,1620
generated-1560,generated,temporal,empty,6,4,forced-incomplete,62,13,8,2,216,11,1,0,0,0,0,0,0,1,0,200,5460,0,2.0880999999972616e-05,0.0005816729999998937,0.00011014299999989596,0.0010963079999999348,2192
generated-1561,generated,temporal,class-complete,6,4,ambiguous,62,13,8,4,232,11,9,8,1,1,1,1,1,0,0,200,5460,8,4.635899999994031e-05,0.0005924390000000557,0.0004813049999998764,0.0015173429999999488,2447
generated-1562,generated,temporal,seeded-omission,6,4,forced-incomplete,55,12,8,1,184,11,8,2,0,1,0,1,0,1,0,176,5460,7,3.235800000012112e-05,0.0005294760000000842,0.0002462060000001376,0.0011433979999999622,2084
generated-1563,generated,temporal,census,6,4,forced-complete,56,12,8,4,212,11,1,8,1,1,1,1,1,0,1,180,5460,5460,3.1856999999968494e-05,0.0005522300000000424,0.0011869019999999342,0.002117625000000123,2211
generated-1564,generated,temporal,one-per-bucket,6,4,forced-incomplete,56,12,8,2,196,11,3,1,0,1,0,1,0,1,0,180,5460,2,9.058400000006017e-05,0.0005314790000001679,0.00019741299999997963,0.002220596999999991,2113
generated-1565,generated,temporal,class-exclusion,6,4,ambiguous,62,13,8,4,232,11,4,5,0,1,1,1,1,0,1,200,5460,4724,4.659900000003603e-05,0.0006262299999999499,0.001340719999999962,0.002492441000000012,2496
generated-1566,generated,temporal,empty,8,4,forced-incomplete,78,12,8,2,284,15,1,0,0,0,0,0,0,1,0,268,87381,0,2.6289000000012663e-05,0.0009414279999999664,0.00011540099999995945,0.0016683669999999484,2851
generated-1567,generated,temporal,class-complete,8,4,ambiguous,78,12,8,4,300,15,9,8,1,1,1,1,1,0,0,268,87380,8,5.259800000012582e-05,0.0008039639999999348,0.0004976590000000947,0.0018964959999998587,3114
generated-1568,generated,temporal,seeded-omission,8,4,forced-incomplete,78,12,8,2,284,15,8,0,0,1,0,1,0,1,0,268,87380,7,4.357499999985137e-05,0.0007639249999999986,0.00030975999999993675,0.0016912110000000258,2977
generated-1569,generated,temporal,census,8,4,forced-complete,86,13,8,4,328,15,1,8,1,1,1,1,1,0,1,296,87380,87380,3.737500000000615e-05,0.0007961819999999786,0.001244567999999946,0.0026575969999997895,3294
generated-1570,generated,temporal,one-per-bucket,8,4,forced-incomplete,78,12,8,1,276,15,2,0,0,1,0,1,0,1,0,268,87380,1,7.44099999998582e-05,0.0007182269999999047,0.00013430900000011015,0.0014199679999999937,2863
generated-1571,generated,temporal,class-exclusion,8,4,ambiguous,78,12,8,4,300,15,3,3,0,1,1,1,1,0,1,268,87380,84355,4.509700000010497e-05,0.0007294929999999145,0.0013196900000000955,0.0026131710000001362,3207
generated-1572,generated,temporal,empty,12,4,forced-incomplete,122,12,8,2,460,24,1,0,0,0,0,0,0,1,0,444,22369620,0,2.5276999999990224e-05,0.0011316500000000396,0.00011133499999993468,0.002053869999999902,4815
generated-1573,generated,temporal,class-complete,12,4,ambiguous,122,12,8,5,484,23,9,8,1,0,1,1,1,0,0,444,22369621,8,5.682400000006638e-05,0.0011853799999999026,0.0005285149999998406,0.002631437999999875,5158
generated-1574,generated,temporal,seeded-omission,12,4,forced-incomplete,134,13,8,1,496,24,8,6,0,1,0,1,0,1,0,488,22369620,7,3.717599999997212e-05,0.0013129699999998579,0.00027866400000009506,0.002466752999999988,5292
generated-1575,generated,temporal,census,12,4,forced-complete,134,13,8,4,520,23,1,8,1,1,1,1,1,0,1,488,22369620,22369620,3.8806999999918546e-05,0.0012487839999999473,0.0012892139999998165,0.003437123999999958,5492
generated-1576,generated,temporal,one-per-bucket,12,4,forced-incomplete,121,12,8,2,456,24,3,0,0,1,0,1,0,1,0,440,22369620,2,3.616399999994968e-05,0.0011614140000000273,0.00018401400000001011,0.0021488909999998196,4884
generated-1577,generated,temporal,class-exclusion,12,4,ambiguous,134,13,8,4,520,23,4,1,0,1,1,1,1,0,1,488,22369620,20002712,4.8201000000025473e-05,0.0013314670000001971,0.0010646309999999826,0.0036650929999999526,5652
generated-1578,generated,temporal,empty,24,4,forced-incomplete,253,12,8,1,976,48,1,0,0,0,0,0,0,1,0,968,375299968947540,0,3.0014000000022634e-05,0.002767760000000008,9.525200000015666e-05,0.004589174999999779,13264
generated-1579,generated,temporal,class-complete,24,4,ambiguous,254,12,8,4,1004,48,9,8,1,1,1,1,1,0,0,972,375299968947540,8,6.68889999999589e-05,0.0027100849999999177,0.0005075740000000106,0.004941517999999867,13633
generated-1580,generated,temporal,seeded-omission,24,4,forced-incomplete,253,12,8,3,992,48,7,4,0,1,0,1,0,1,1,968,375299968947541,7,6.170199999999681e-05,0.0026429040000000015,0.0003466549999999735,0.00474401499999999,13492
generated-1581,generated,temporal,census,24,4,forced-complete,278,13,8,4,1096,48,1,8,1,1,1,1,1,0,1,1064,375299968947540,375299968947540,5.7735000000169734e-05,0.0031051010000000545,0.0013410719999999987,0.006361526000000062,14891
generated-1582,generated,temporal,one-per-bucket,24,4,forced-incomplete,253,12,8,1,976,48,2,0,0,1,0,1,0,1,0,968,375299968947540,1,4.812099999984554e-05,0.0026638160000000966,0.00014237200000000172,0.004569817000000143,13320
generated-1583,generated,temporal,class-exclusion,24,4,ambiguous,253,12,8,4,1000,48,5,7,0,1,1,1,1,0,1,968,375299968947540,189273736204727,6.504700000009578e-05,0.0026654990000001266,0.0011400929999998421,0.00556176900000005,13965
generated-1584,generated,temporal,empty,3,4,forced-incomplete,26,13,8,2,72,5,1,0,0,0,0,0,0,1,0,56,84,0,3.7746000000060675e-05,0.000334225999999882,0.00010605799999985344,0.0006300259999998392,1081
generated-1585,generated,temporal,class-complete,3,4,ambiguous,23,11,7,4,80,5,8,7,1,0,1,1,1,0,0,52,84,7,3.653399999992146e-05,0.00023104300000009736,0.00038859700000015707,0.0008089019999999447,1201
generated-1586,generated,temporal,seeded-omission,3,4,forced-incomplete,23,11,7,1,59,5,7,6,0,1,0,1,0,1,0,52,84,6,2.714000000003658e-05,0.00021502900000003322,0.00018661700000000003,0.0005665610000000765,1046
generated-1587,generated,temporal,census,3,4,forced-complete,23,11,7,5,87,5,1,7,1,1,1,1,1,0,1,52,85,85,2.63690000001926e-05,0.00021748299999990728,0.0008236530000000908,0.0012096669999999143,1145
generated-1588,generated,temporal,one-per-bucket,3,4,forced-incomplete,23,11,7,2,66,5,3,0,0,1,0,1,0,1,0,52,84,2,2.312399999992998e-05,0.00021800399999993836,0.00014780899999999875,0.0005243189999999398,1060
generated-1589,generated,temporal,class-exclusion,3,4,ambiguous,23,11,7,4,80,5,5,2,0,1,1,1,1,0,1,52,84,58,3.0175000000021157e-05,0.00021750300000000777,0.0006389490000000553,0.001041386000000033,1202
generated-1590,generated,temporal,empty,4,4,forced-incomplete,33,12,8,1,96,7,1,0,0,0,0,0,0,1,0,88,340,0,1.628399999997754e-05,0.000290330999999977,8.444600000001579e-05,0.0005822649999998042,1259
generated-1591,generated,temporal,class-complete,4,4,ambiguous,33,12,8,4,120,7,9,8,1,1,1,1,1,0,0,88,340,8,5.585299999988358e-05,0.00031338499999988834,0.0004625369999999851,0.0010385330000000081,1548
generated-1592,generated,temporal,seeded-omission,4,4,forced-incomplete,38,13,8,2,120,7,8,0,0,1,0,1,0,1,0,104,340,7,3.0895999999946966e-05,0.0003419370000001809,0.0002995850000000466,0.0009078579999999281,1546
generated-1593,generated,temporal,census,4,4,forced-complete,33,12,8,4,120,7,1,8,1,1,1,1,1,0,1,88,340,340,2.6990999999920717e-05,0.0003032909999998168,0.0012096759999999929,0.001753313000000034,1453
generated-1594,generated,temporal,one-per-bucket,4,4,forced-incomplete,34,12,8,2,108,7,2,1,0,1,0,1,0,1,1,92,341,2,2.6499999999929358e-05,0.00041867200000011984,0.0001809390000000466,0.0008558609999997913,1401
generated-1595,generated,temporal,class-exclusion,4,4,ambiguous,38,13,8,4,136,7,3,3,0,1,1,1,1,0,1,104,340,307,6.311400000003076e-05,0.0003488480000000127,0.0011283259999999018,0.001768686999999991,1676
generated-1596,generated,temporal,empty,6,4,forced-incomplete,56,12,8,2,196,11,1,0,0,0,0,0,0,1,0,180,5460,0,4.631899999996136e-05,0.0005004330000000223,0.0001138589999998274,0.0009960689999999328,2031
generated-1597,generated,temporal,class-complete,6,4,ambiguous,56,12,8,4,212,11,9,8,1,1,1,1,1,0,0,180,5460,8,4.443600000003656e-05,0.0005233680000000795,0.0004985499999998755,0.0014379260000001448,2284
generated-1598,generated,temporal,seeded-omission,6,4,forced-incomplete,55,12,8,1,184,11,8,6,0,1,0,1,0,1,0,176,5460,7,3.611400000003151e-05,0.0005376380000001735,0.0002522950000001245,0.0012388800000000533,2084
generated-1599,generated,temporal,census,6,4,forced-complete,56,12,8,4,212,11,1,8,1,1,1,1,1,0,1,180,5460,5460,3.313999999998707e-05,0.0005080749999999412,0.0012000519999999515,0.0021097629999999867,2211
generated-1600,generated,temporal,one-per-bucket,6,4,forced-incomplete,56,12,8,2,196,11,3,0,0,1,0,1,0,1,0,180,5460,2,4.551699999999492e-05,0.0006219340000001017,0.00020337199999997946,0.0013013020000000042,2113
generated-1601,generated,temporal,class-exclusion,6,4,ambiguous,62,13,8,5,240,11,5,1,0,1,1,1,1,0,1,200,5461,3831,5.184700000004927e-05,0.0006173870000000248,0.0010553070000000053,0.002135480999999939,2554
generated-1602,generated,temporal,empty,8,4,forced-incomplete,86,13,8,1,304,15,1,0,0,0,0,0,0,1,0,296,87380,0,2.2073000000011334e-05,0.0008072689999999438,8.962300000003864e-05,0.001594988999999991,3040
generated-1603,generated,temporal,class-complete,8,4,ambiguous,86,13,8,4,328,15,9,8,1,1,1,1,1,0,0,296,87380,8,4.6859999999981916e-05,0.0008111450000000131,0.0005008140000000161,0.0019374970000000102,3345
generated-1604,generated,temporal,seeded-omission,8,4,forced-incomplete,86,13,8,2,312,15,8,4,0,1,0,1,0,1,0,296,87380,7,4.142099999993043e-05,0.0008088510000000548,0.0002971720000000122,0.0017050720000000297,3210
generated-1605,generated,temporal,census,8,4,forced-complete,78,12,8,4,300,15,1,8,1,1,1,1,1,0,1,268,87380,87380,3.6383999999944905e-05,0.0007291929999999613,0.0012085939999999518,0.0024886049999999216,3064
generated-1606,generated,temporal,one-per-bucket,8,4,forced-incomplete,78,12,8,1,276,15,2,0,0,1,0,1,0,1,0,268,87380,1,2.6980000000009774e-05,0.0007500830000000125,0.00013344800000003598,0.001401802000000063,2863
generated-1607,generated,temporal,class-exclusion,8,4,ambiguous,77,12,8,4,296,15,5,7,0,1,1,1,1,0,1,264,87380,62639,4.374500000003945e-05,0.0007587959999999505,0.0011083459999999823,0.002420924999999907,3180
generated-1608,generated,temporal,empty,12,4,forced-incomplete,122,12,8,3,468,24,1,0,0,0,0,0,0,1,0,444,22369621,0,2.6409000000060523e-05,0.0011665619999999821,0.00013304800000002448,0.002179547000000004,4859
generated-1609,generated,temporal,class-complete,12,4,ambiguous,121,12,8,4,472,23,9,8,1,1,1,1,1,0,0,440,22369620,8,5.002399999998186e-05,0.0011875340000000456,0.0004795720000000392,0.0025329610000000002,5082
generated-1610,generated,temporal,seeded-omission,12,4,forced-incomplete,122,12,8,1,452,24,8,2,0,1,0,1,0,1,0,444,22369620,7,3.729500000004826e-05,0.0011692869999999633,0.0002442329999999826,0.0022321739999999757,4887
generated-1611,generated,temporal,census,12,4,forced-complete,121,12,8,4,472,23,1,8,1,1,1,1,1,0,1,440,22369620,22369620,3.971899999999362e-05,0.0013354740000000032,0.0012658400000000736,0.0034382050000000275,5074
generated-1612,generated,temporal,one-per-bucket,12,4,forced-incomplete,134,13,8,2,504,24,3,0,0,1,0,1,0,1,0,488,22369620,2,3.657400000001143e-05,0.00141866700000004,0.00019741299999997963,0.0025382999999999933,5302
generated-1613,generated,temporal,class-exclusion,12,4,ambiguous,134,13,8,4,520,23,5,5,0,1,1,1,1,0,1,488,22369620,13817438,4.642900000007e-05,0.0012649380000000487,0.0010847210000000107,0.003332668999999955,5640
generated-1614,generated,temporal,empty,24,4,forced-incomplete,278,13,8,1,1072,48,1,0,0,0,0,0,0,1,0,1064,375299968947540,0,3.704500000001332e-05,0.002828910999999934,9.926800000004121e-05,0.004821891000000078,14407
generated-1615,generated,temporal,class-complete,24,4,ambiguous,253,12,8,5,1008,48,9,8,1,0,1,1,1,0,0,968,375299968947541,8,7.015399999998895e-05,0.0026197910000000935,0.0005129219999999712,0.007078881999999953,13695
generated-1616,generated,temporal,seeded-omission,24,4,forced-incomplete,254,12,8,2,988,48,8,0,0,1,0,1,0,1,0,972,375299968947540,7,5.253800000004638e-05,0.0025673419999999725,0.0003194039999999676,0.004610305999999897,13434
generated-1617,generated,temporal,census,24,4,forced-complete,253,12,8,4,1000,48,1,8,1,1,1,1,1,0,1,968,375299968947540,375299968947540,5.0004999999964106e-05,0.0026567060000000087,0.001381592000000098,0.005839492000000002,13748
generated-1618,generated,temporal,one-per-bucket,24,4,forced-incomplete,254,12,8,1,980,48,2,0,0,1,0,1,0,1,0,972,375299968947540,1,4.8792999999935915e-05,0.002703704999999945,0.00014312300000007827,0.004727810999999971,13320
generated-1619,generated,temporal,class-exclusion,24,4,ambiguous,278,13,8,4,1096,48,3,3,0,1,1,1,1,0,1,1064,375299968947540,375017757514867,6.177200000001548e-05,0.0029782130000000073,0.0012550239999999935,0.00616528500000002,15147
generated-1620,generated,temporal,empty,3,4,forced-incomplete,22,12,8,2,60,5,1,0,0,0,0,0,0,1,0,44,84,0,3.573300000003776e-05,0.00020984200000007114,0.00011415900000000256,0.0004897070000000614,990
generated-1621,generated,temporal,class-complete,3,4,ambiguous,26,13,8,4,88,5,9,8,1,1,1,1,1,0,0,56,84,8,3.974899999992232e-05,0.00028602499999996756,0.00044325800000000193,0.000978652999999996,1323
generated-1622,generated,temporal,seeded-omission,3,4,forced-incomplete,23,11,7,2,66,5,7,0,0,0,0,1,0,1,0,52,85,6,3.1537000000025905e-05,0.0002708420000000489,0.0002152389999999782,0.0006584279999999332,1102
generated-1623,generated,temporal,census,3,4,forced-complete,22,12,8,4,76,5,1,8,1,1,1,1,1,0,1,44,84,84,2.632899999999161e-05,0.00020656699999999084,0.0009660439999999992,0.0013280629999999904,1126
generated-1624,generated,temporal,one-per-bucket,3,4,forced-incomplete,22,12,8,2,60,5,3,0,0,1,0,1,0,1,0,44,84,2,2.5647999999933724e-05,0.00021267599999996722,0.00018101900000000448,0.0005754940000000097,1072
generated-1625,generated,temporal,class-exclusion,3,4,ambiguous,26,13,8,4,88,5,5,1,0,1,1,1,1,0,1,56,84,56,3.755599999999415e-05,0.00028925000000001866,0.0007353319999999774,0.0012909869999999657,1321
generated-1626,generated,temporal,empty,4,4,forced-incomplete,34,12,8,1,100,7,1,0,0,0,0,0,0,1,0,92,340,0,1.7225999999981312e-05,0.0003032699999999666,8.224199999995463e-05,0.0006368560000000745,1277
generated-1627,generated,temporal,class-complete,4,4,ambiguous,34,12,8,4,124,7,9,8,1,1,1,1,1,0,0,92,340,8,3.983900000004148e-05,0.0003264050000000296,0.00048800499999990254,0.001072763000000032,1567
generated-1628,generated,temporal,seeded-omission,4,4,forced-incomplete,38,13,8,2,120,7,8,4,0,1,0,1,0,1,0,104,340,7,3.065499999999055e-05,0.00045430400000001647,0.0003059849999998976,0.0010147769999999667,1546
generated-1629,generated,temporal,census,4,4,forced-complete,38,13,8,5,144,7,1,8,1,1,1,1,1,0,1,104,341,341,2.9683999999918775e-05,0.00038155699999997683,0.0012838459999999774,0.0019263800000000053,1614
generated-1630,generated,temporal,one-per-bucket,4,4,forced-incomplete,34,12,8,1,100,7,2,0,0,1,0,1,0,1,0,92,340,1,2.1602000000009447e-05,0.0003281869999999243,0.0001313949999999231,0.0006856490000000104,1333
generated-1631,generated,temporal,class-exclusion,4,4,ambiguous,38,13,8,4,136,7,2,7,0,1,1,1,1,0,1,104,340,317,3.476199999996599e-05,0.0004352269999999825,0.0011922810000000172,0.0018882940000000126,1675
generated-1632,generated,temporal,empty,6,4,forced-incomplete,62,13,8,2,216,11,1,0,0,0,0,0,0,1,0,200,5460,0,2.001000000007025e-05,0.0005637269999999583,0.00011115500000002942,0.001070829999999967,2192
generated-1633,generated,temporal,class-complete,6,4,ambiguous,55,12,8,4,208,11,9,8,1,1,1,1,1,0,0,176,5460,8,4.303400000005286e-05,0.0005362259999999175,0.0006259899999999652,0.0015573629999999783,2267
generated-1634,generated,temporal,seeded-omission,6,4,forced-incomplete,62,13,8,1,208,11,8,2,0,1,0,1,0,1,0,200,5460,7,3.3500000000019625e-05,0.000689064000000017,0.0002591849999999951,0.0013598089999999896,2264
generated-1635,generated,temporal,census,6,4,forced-complete,55,12,8,4,208,11,1,8,1,1,1,1,1,0,1,176,5460,5460,3.348899999999766e-05,0.0005064419999999403,0.0012644969999999756,0.002166667000000011,2196
generated-1636,generated,temporal,one-per-bucket,6,4,forced-incomplete,56,12,8,3,204,11,2,1,0,1,0,1,0,1,1,180,5461,3,3.5021999999940157e-05,0.0005630269999999937,0.00025690099999997607,0.0012278130000000775,2173
generated-1637,generated,temporal,class-exclusion,6,4,ambiguous,62,13,8,4,232,11,4,5,0,1,1,1,1,0,1,200,5460,4724,3.986899999997018e-05,0.0005907379999999796,0.0011472730000000597,0.0021621299999999843,2496
generated-1638,generated,temporal,empty,8,4,forced-incomplete,78,12,8,1,276,15,1,0,0,0,0,0,0,1,0,268,87380,0,2.234300000003575e-05,0.0007331680000000063,8.994299999998123e-05,0.0013715270000000945,2807
generated-1639,generated,temporal,class-complete,8,4,ambiguous,78,12,8,4,300,15,9,8,1,1,1,1,1,0,0,268,87380,8,4.8572000000079996e-05,0.0007439249999999786,0.0005043889999999385,0.0017954360000000946,3114
generated-1640,generated,temporal,seeded-omission,8,4,forced-incomplete,77,12,8,2,280,15,7,0,0,1,0,1,0,1,0,264,87380,7,4.084100000001367e-05,0.000752596999999966,0.0003143770000000323,0.0016308320000000265,2953
generated-1641,generated,temporal,census,8,4,forced-complete,78,12,8,4,300,15,1,8,1,1,1,1,1,0,1,268,87380,87380,3.5542999999971236e-05,0.0007052679999999256,0.0012885329999999806,0.0025364969999999154,3064
generated-1642,generated,temporal,one-per-bucket,8,4,forced-incomplete,78,12,8,1,276,15,2,0,0,1,0,1,0,1,0,268,87380,1,3.0094999999952243e-05,0.0007459569999999083,0.0001323460000000054,0.0013962830000000537,2863
generated-1643,generated,temporal,class-exclusion,8,4,ambiguous,78,12,8,5,308,15,2,3,0,1,1,1,1,0,1,268,87381,84356,4.523699999992026e-05,0.000743423999999937,0.0013427240000000173,0.0026213219999999815,3265
generated-1644,generated,temporal,empty,12,4,forced-incomplete,121,12,8,2,456,24,1,0,0,0,0,0,0,1,0,440,22369620,0,3.0925999999986686e-05,0.0022834910000000264,0.00042072499999989965,0.003540277000000036,4802
generated-1645,generated,temporal,class-complete,12,4,ambiguous,122,12,8,4,476,23,9,8,1,1,1,1,1,0,0,444,22369620,8,5.8346999999958626e-05,0.0016092100000000276,0.0007309560000000603,0.003434721000000085,5096
generated-1646,generated,temporal,seeded-omission,12,4,forced-incomplete,122,12,8,1,452,24,8,6,0,1,0,1,0,1,0,444,22369620,7,4.191300000000453e-05,0.0011527009999999782,0.0002504009999999557,0.0024726520000000196,4887
generated-1647,generated,temporal,census,12,4,forced-complete,122,12,8,4,476,23,1,8,1,1,1,1,1,0,1,444,22369620,22369620,4.08509999999529e-05,0.0011760469999999579,0.0012854589999999888,0.003301403000000036,5088
generated-1648,generated,temporal,one-per-bucket,12,4,forced-incomplete,122,12,8,2,460,24,3,0,0,1,0,1,0,1,0,444,22369620,2,4.3163999999928926e-05,0.0011874630000000552,0.00020750799999991187,0.00228597499999994,4897
generated-1649,generated,temporal,class-exclusion,12,4,ambiguous,134,13,8,4,520,23,4,1,0,1,1,1,1,0,1,488,22369620,20002712,4.876300000000722e-05,0.0012870320000000213,0.0010791829999999836,0.0035999859999999995,5652
generated-1650,generated,temporal,empty,24,4,forced-incomplete,278,13,8,2,1080,48,1,0,0,0,0,0,0,1,0,1064,375299968947541,0,3.238800000004982e-05,0.0027408699999998953,0.00011613299999990723,0.004783573999999846,14451
generated-1651,generated,temporal,class-complete,24,4,ambiguous,253,12,8,4,1000,48,9,8,1,1,1,1,1,0,0,968,375299968947540,8,6.761000000010675e-05,0.0026566850000000475,0.0004832770000000597,0.004892104999999924,13633
generated-1652,generated,temporal,seeded-omission,24,4,forced-incomplete,278,13,8,2,1080,48,8,4,0,1,0,1,0,1,0,1064,375299968947540,7,5.923799999996149e-05,0.00281401899999989,0.00032202800000002973,0.005058371999999922,14577
generated-1653,generated,temporal,census,24,4,forced-complete,253,12,8,4,1000,48,1,8,1,1,1,1,1,0,1,968,375299968947540,375299968947540,5.5401999999871165e-05,0.0026169560000000036,0.0012424349999999862,0.005590772000000133,13748
generated-1654,generated,temporal,one-per-bucket,24,4,forced-incomplete,254,12,8,1,980,48,2,0,0,1,0,1,0,1,0,972,375299968947540,1,4.155199999988923e-05,0.002605719000000173,0.00014203099999998692,0.004494043000000003,13320
generated-1655,generated,temporal,class-exclusion,24,4,ambiguous,278,13,8,4,1096,48,5,7,0,1,1,1,1,0,1,1064,375299968947540,189273736204727,6.467600000004126e-05,0.0028364020000000156,0.001156528000000101,0.005938928999999815,15108
generated-1656,generated,temporal,empty,3,4,forced-incomplete,26,13,8,2,72,5,1,0,0,0,0,0,0,1,0,56,84,0,5.309899999983436e-05,0.00023673200000007277,0.00010817000000007404,0.0005490559999998812,1081
generated-1657,generated,temporal,class-complete,3,4,ambiguous,26,13,8,5,96,5,9,8,1,0,1,1,1,0,0,56,85,8,4.133099999981127e-05,0.0002546789999999799,0.0005805429999998779,0.001037060000000034,1385
generated-1658,generated,temporal,seeded-omission,3,4,forced-incomplete,26,13,8,1,64,5,8,2,0,1,0,1,0,1,0,56,84,7,2.803100000003944e-05,0.0002682579999999657,0.00024214000000011282,0.0006860490000000219,1153
generated-1659,generated,temporal,census,3,4,forced-complete,26,13,8,4,88,5,1,8,1,1,1,1,1,0,1,56,84,84,2.629899999995189e-05,0.00023551999999993356,0.0009395549999999808,0.0013507849999998545,1217
generated-1660,generated,temporal,one-per-bucket,3,4,forced-incomplete,22,12,8,2,60,5,3,0,0,1,0,1,0,1,0,44,84,2,2.3755999999819366e-05,0.00022711800000019267,0.00017525100000015392,0.0005554250000001648,1072
generated-1661,generated,temporal,class-exclusion,3,4,ambiguous,26,13,8,4,88,5,3,5,0,1,1,1,1,0,1,56,84,83,3.3270000000085176e-05,0.00023799400000013016,0.0009022490000001326,0.0013193690000001812,1319
generated-1662,generated,temporal,empty,4,4,forced-incomplete,38,13,8,1,112,7,1,0,0,0,0,0,0,1,0,104,340,0,1.5363000000157e-05,0.0003223089999999651,8.072000000014512e-05,0.0006441970000001795,1376
generated-1663,generated,temporal,class-complete,4,4,ambiguous,38,13,8,4,136,7,9,8,1,1,1,1,1,0,0,104,340,8,3.9067999999975456e-05,0.0003523629999999667,0.0004938540000001268,0.0011211550000000958,1665
generated-1664,generated,temporal,seeded-omission,4,4,forced-incomplete,34,12,8,3,116,7,8,0,0,0,0,1,0,1,0,92,341,7,4.2472999999931815e-05,0.0003752280000000052,0.00033984499999983875,0.0011741139999998929,1509
generated-1665,generated,temporal,census,4,4,forced-complete,33,12,8,4,120,7,1,8,1,1,1,1,1,0,1,88,340,340,2.7882000000145624e-05,0.00032647500000004825,0.0012675420000001214,0.0018214850000000116,1453
generated-1666,generated,temporal,one-per-bucket,4,4,forced-incomplete,38,13,8,1,112,7,2,0,0,1,0,1,0,1,0,104,340,1,2.8732999999947495e-05,0.0003499389999999103,0.00016694800000016663,0.0015063969999999927,1432
generated-1667,generated,temporal,class-exclusion,4,4,ambiguous,33,12,8,4,120,7,3,3,0,1,1,1,1,0,1,88,340,307,3.7986000000156395e-05,0.000312474000000007,0.0012538320000001768,0.0018084359999999133,1559
generated-1668,generated,temporal,empty,6,4,forced-incomplete,56,12,8,2,196,11,1,0,0,0,0,0,0,1,0,180,5460,0,2.0962000000013248e-05,0.0005182999999999716,0.00011174599999996815,0.0009866249999999077,2031
generated-1669,generated,temporal,class-complete,6,4,ambiguous,55,12,8,4,208,11,9,8,1,1,1,1,1,0,0,176,5460,8,4.3465000000075804e-05,0.0008102940000001002,0.0004800019999999794,0.0016784930000000031,2267
generated-1670,generated,temporal,seeded-omission,6,4,forced-incomplete,55,12,8,1,184,11,8,6,0,1,0,1,0,1,0,176,5460,7,9.636300000015474e-05,0.0006239869999999925,0.00024982100000014995,0.0013084530000000427,2084
generated-1671,generated,temporal,census,6,4,forced-complete,55,12,8,5,216,11,1,8,1,1,1,1,1,0,1,176,5461,5461,3.593400000001523e-05,0.0005213240000001562,0.0012825039999999621,0.0021804180000000173,2240
generated-1672,generated,temporal,one-per-bucket,6,4,forced-incomplete,62,13,8,2,216,11,3,0,0,1,0,1,0,1,0,200,5460,2,3.0095000000063266e-05,0.0006190690000000831,0.0002365909999999527,0.001282283999999967,2274
generated-1673,generated,temporal,class-exclusion,6,4,ambiguous,62,13,8,4,232,11,5,1,0,1,1,1,1,0,1,200,5460,3830,4.311399999989973e-05,0.0005779179999998441,0.0009749980000000047,0.0019928190000000345,2492
generated-1674,generated,temporal,empty,8,4,forced-incomplete,77,12,8,1,272,15,1,0,0,0,0,0,0,1,0,264,87380,0,1.956899999999706e-05,0.000788690999999897,8.99830000000712e-05,0.0013663590000001502,2791
generated-1675,generated,temporal,class-complete,8,4,ambiguous,78,12,8,4,300,15,9,8,1,1,1,1,1,0,0,268,87380,8,4.978300000013647e-05,0.000744206000000025,0.00048347800000003716,0.0017820269999999638,3114
generated-1676,generated,temporal,seeded-omission,8,4,forced-incomplete,77,12,8,2,280,15,8,4,0,1,0,1,0,1,0,264,87380,7,0.0001436130000000979,0.0007763929999999863,0.00030797799999993103,0.0017252919999999339,2961
generated-1677,generated,temporal,census,8,4,forced-complete,86,13,8,4,328,15,1,8,1,1,1,1,1,0,1,296,87380,87380,3.732499999986594e-05,0.0008122860000001619,0.0011736129999999623,0.002573120999999956,3294
generated-1678,generated,temporal,one-per-bucket,8,4,forced-incomplete,86,13,8,2,312,15,2,1,0,1,0,1,0,1,1,296,87381,2,3.364999999999618e-05,0.0008120259999999657,0.0001874879999999024,0.0016001560000000747,3164
generated-1679,generated,temporal,class-exclusion,8,4,ambiguous,77,12,8,4,296,15,5,7,0,1,1,1,1,0,1,264,87380,62639,4.4036000000025055e-05,0.0007313370000001651,0.00110841599999989,0.00236689499999998,3180
generated-1680,generated,temporal,empty,12,4,forced-incomplete,121,12,8,2,456,24,1,0,0,0,0,0,0,1,0,440,22369620,0,2.4305999999807426e-05,0.001128546000000119,0.00013444899999992543,0.002071796999999931,4802
generated-1681,generated,temporal,class-complete,12,4,ambiguous,121,12,8,4,472,23,9,8,1,1,1,1,1,0,0,440,22369620,8,5.1366999999968854e-05,0.0012163160000000506,0.0005226259999999705,0.002676114000000007,5082
generated-1682,generated,temporal,seeded-omission,12,4,forced-incomplete,134,13,8,1,496,24,8,2,0,1,0,1,0,1,0,488,22369620,7,3.730600000007023e-05,0.0013163849999999755,0.00024798799999992127,0.002450139000000018,5292
generated-1683,generated,temporal,census,12,4,forced-complete,122,12,8,4,476,23,1,8,1,1,1,1,1,0,1,444,22369620,22369620,3.99289999999386e-05,0.0011761759999999732,0.0012452290000000144,0.0032558949999998976,5088
generated-1684,generated,temporal,one-per-bucket,12,4,forced-incomplete,122,12,8,2,460,24,3,1,0,1,0,1,0,1,0,444,22369620,2,3.977899999996204e-05,0.0011702680000000854,0.0001865869999999603,0.002168660999999794,4897
generated-1685,generated,temporal,class-exclusion,12,4,ambiguous,121,12,8,5,480,23,3,5,0,1,1,1,1,0,1,440,22369621,22128477,0.0002880569999998972,0.0011824660000001597,0.0012689139999999544,0.0035231019999999447,5307
generated-1686,generated,temporal,empty,24,4,forced-incomplete,254,12,8,1,980,48,1,0,0,0,0,0,0,1,0,972,375299968947540,0,2.6139000000036106e-05,0.0025904770000000354,9.383900000003997e-05,0.004333335000000105,13264
generated-1687,generated,temporal,class-complete,24,4,ambiguous,278,13,8,4,1096,48,9,8,1,1,1,1,1,0,0,1064,375299968947540,8,6.540799999998903e-05,0.002849421999999935,0.0004813750000001171,0.005245759999999988,14776
generated-1688,generated,temporal,seeded-omission,24,4,forced-incomplete,253,12,8,2,984,48,7,0,0,1,0,1,0,1,0,968,375299968947540,7,5.348999999998938e-05,0.004079968999999961,0.00034558299999987163,0.006137745000000194,13426
generated-1689,generated,temporal,census,24,4,forced-complete,278,13,8,4,1096,48,1,8,1,1,1,1,1,0,1,1064,375299968947540,375299968947540,6.484600000011831e-05,0.003044099999999883,0.0013352330000000467,0.0069272569999998534,14891
generated-1690,generated,temporal,one-per-bucket,24,4,forced-incomplete,254,12,8,1,980,48,2,0,0,1,0,1,0,1,0,972,375299968947540,1,4.3974999999862874e-05,0.002706408999999965,0.00014359299999999742,0.0045489050000000475,13320
generated-1691,generated,temporal,class-exclusion,24,4,ambiguous,278,13,8,4,1096,48,3,3,0,1,1,1,1,0,1,1064,375299968947540,375017757514867,6.454599999994315e-05,0.002850934000000027,0.0013440559999999824,0.006101970999999873,15147
generated-1692,generated,temporal,empty,3,4,forced-incomplete,26,13,8,3,80,5,1,0,0,0,0,0,0,1,0,56,85,0,5.560199999998794e-05,0.0002455040000000075,0.0001286110000000562,0.0005873220000001123,1125
generated-1693,generated,temporal,class-complete,3,4,ambiguous,23,11,7,4,80,5,8,7,1,0,1,1,1,0,0,52,84,7,3.544199999994113e-05,0.0002280590000001137,0.0003553069999999714,0.0007630929999999925,1201
generated-1694,generated,temporal,seeded-omission,3,4,forced-incomplete,23,11,7,1,59,5,7,2,0,1,0,1,0,1,0,52,84,6,2.6759999999903528e-05,0.00021447799999996242,0.00019052299999988698,0.0005632370000001607,1046
generated-1695,generated,temporal,census,3,4,forced-complete,26,13,8,4,88,5,1,8,1,1,1,1,1,0,1,56,84,84,2.898299999998244e-05,0.00023881500000011435,0.0009421689999999927,0.0013656079999999626,1217
generated-1696,generated,temporal,one-per-bucket,3,4,forced-incomplete,22,12,8,2,60,5,3,1,0,1,0,1,0,1,0,44,84,2,2.4785999999998864e-05,0.00020817900000014156,0.0001946489999999912,0.0005559050000001342,1072
generated-1697,generated,temporal,class-exclusion,3,4,ambiguous,23,11,7,4,80,5,2,5,0,1,1,1,1,0,1,52,84,82,3.2087999999985684e-05,0.00022191000000004735,0.0007203890000000435,0.0011121709999999396,1197
generated-1698,generated,temporal,empty,4,4,forced-incomplete,33,12,8,1,96,7,1,0,0,0,0,0,0,1,0,88,340,0,1.553300000001201e-05,0.0002929759999998893,8.348399999991152e-05,0.0005875019999999065,1259
generated-1699,generated,temporal,class-complete,4,4,ambiguous,33,12,8,5,128,7,9,8,1,0,1,1,1,0,0,88,341,8,4.3344000000056226e-05,0.0003558679999999814,0.0005065319999999485,0.0011235590000000517,1610
generated-1700,generated,temporal,seeded-omission,4,4,forced-incomplete,38,13,8,2,120,7,8,4,0,1,0,1,0,1,0,104,340,7,3.200800000002779e-05,0.00034604399999982327,0.0003005060000000892,0.0009194560000000962,1546
generated-1701,generated,temporal,census,4,4,forced-complete,34,12,8,4,124,7,1,8,1,1,1,1,1,0,1,92,340,340,2.7019999999877697e-05,0.00030799700000017083,0.0012292759999998903,0.0017845199999999561,1472
generated-1702,generated,temporal,one-per-bucket,4,4,forced-incomplete,34,12,8,1,100,7,2,0,0,1,0,1,0,1,0,92,340,1,2.2062999999850064e-05,0.00036137699999994055,0.00012445499999991227,0.0007138300000000264,1333
generated-1703,generated,temporal,class-exclusion,4,4,ambiguous,34,12,8,4,124,7,2,7,0,1,1,1,1,0,1,92,340,334,3.583300000009615e-05,0.0003358389999998934,0.0010956170000000487,0.001676248999999963,1579
generated-1704,generated,temporal,empty,6,4,forced-incomplete,55,12,8,2,192,11,1,0,0,0,0,0,0,1,0,176,5460,0,1.8858000000010477e-05,0.0005922700000000614,0.00011656299999995845,0.0010586120000000143,2012
generated-1705,generated,temporal,class-complete,6,4,ambiguous,55,12,8,4,208,11,9,8,1,1,1,1,1,0,0,176,5460,8,4.363499999993081e-05,0.0005611130000000575,0.00047496599999985456,0.001441610000000093,2267
generated-1706,generated,temporal,seeded-omission,6,4,forced-incomplete,55,12,8,2,192,11,7,2,0,1,0,1,0,1,1,176,5461,7,3.652500000006498e-05,0.0005229369999999456,0.00029328499999992097,0.0011943839999999373,2142
generated-1707,generated,temporal,census,6,4,forced-complete,56,12,8,4,212,11,1,8,1,1,1,1,1,0,1,180,5460,5460,3.071500000006999e-05,0.0005865309999999457,0.0011927210000000077,0.0021552409999998634,2211
generated-1708,generated,temporal,one-per-bucket,6,4,forced-incomplete,62,13,8,2,216,11,3,1,0,1,0,1,0,1,0,200,5460,2,3.031500000005849e-05,0.000561835000000066,0.00018733799999992584,0.0011766369999999249,2274
generated-1709,generated,temporal,class-exclusion,6,4,ambiguous,62,13,8,4,232,11,4,5,0,1,1,1,1,0,1,200,5460,4724,4.8331999999984276e-05,0.000658406999999972,0.0012248189999999326,0.0025131620000000687,2496
generated-1710,generated,temporal,empty,8,4,forced-incomplete,86,13,8,1,304,15,1,0,0,0,0,0,0,1,0,296,87380,0,2.0389999999981256e-05,0.0007807390000000858,8.798099999984821e-05,0.0014376750000000271,3040
generated-1711,generated,temporal,class-complete,8,4,ambiguous,77,12,8,4,296,15,9,8,1,1,1,1,1,0,0,264,87380,8,4.45359999998729e-05,0.0008244039999998343,0.0005079239999998819,0.0018725210000001269,3096
generated-1712,generated,temporal,seeded-omission,8,4,forced-incomplete,86,13,8,2,312,15,8,0,0,1,0,1,0,1,0,296,87380,7,4.0290000000053894e-05,0.0008028420000001368,0.00030157700000010834,0.0016782819999998644,3210
generated-1713,generated,temporal,census,8,4,forced-complete,86,13,8,5,336,15,1,8,1,1,1,1,1,0,1,296,87381,87381,4.10109999999797e-05,0.0008732869999998893,0.0012573069999999298,0.0028766119999998896,3338
generated-1714,generated,temporal,one-per-bucket,8,4,forced-incomplete,78,12,8,1,276,15,2,0,0,1,0,1,0,1,0,268,87380,1,2.8271999999995856e-05,0.0008005290000001608,0.00013559100000004598,0.0014623119999999101,2863
generated-1715,generated,temporal,class-exclusion,8,4,ambiguous,78,12,8,4,300,15,3,3,0,1,1,1,1,0,1,268,87380,84355,4.2732999999905985e-05,0.000723593999999883,0.0011879239999998958,0.0024731419999999282,3207
generated-1716,generated,temporal,empty,12,4,forced-incomplete,121,12,8,2,456,24,1,0,0,0,0,0,0,1,0,440,22369620,0,2.688000000006241e-05,0.0011456910000000597,0.00011104500000014284,0.0021330580000000765,4802
generated-1717,generated,temporal,class-complete,12,4,ambiguous,121,12,8,4,472,23,9,8,1,1,1,1,1,0,0,440,22369620,8,4.8591999999958446e-05,0.001153211999999959,0.0005472220000000139,0.002547413000000054,5082
generated-1718,generated,temporal,seeded-omission,12,4,forced-incomplete,122,12,8,1,452,24,8,6,0,1,0,1,0,1,0,444,22369620,7,3.87079999999429e-05,0.0011493469999999117,0.0002515939999998551,0.0022563799999999468,4887
generated-1719,generated,temporal,census,12,4,forced-complete,134,13,8,4,520,23,1,8,1,1,1,1,1,0,1,488,22369620,22369620,3.922800000011328e-05,0.0012776670000000934,0.0011912089999999154,0.0033692640000000385,5492
generated-1720,generated,temporal,one-per-bucket,12,4,forced-incomplete,122,12,8,3,468,24,2,1,0,1,0,1,0,1,1,444,22369621,3,4.3465000000075804e-05,0.0012092759999999814,0.00025326600000008526,0.0022930860000001108,4957
generated-1721,generated,temporal,class-exclusion,12,4,ambiguous,121,12,8,4,472,23,2,1,0,1,1,1,1,0,1,440,22369620,22340949,5.016399999990817e-05,0.00114995799999984,0.001176266999999953,0.0031503489999999967,5243
generated-1722,generated,temporal,empty,24,4,forced-incomplete,278,13,8,1,1072,48,1,0,0,0,0,0,0,1,0,1064,375299968947540,0,2.6019000000099268e-05,0.002732356999999963,9.1696000000141e-05,0.004900617999999968,14407
generated-1723,generated,temporal,class-complete,24,4,ambiguous,278,13,8,4,1096,48,9,8,1,1,1,1,1,0,0,1064,375299968947540,8,6.506700000019627e-05,0.002840908000000031,0.0005109890000001283,0.005260481999999955,14776
generated-1724,generated,temporal,seeded-omission,24,4,forced-incomplete,278,13,8,2,1080,48,8,4,0,1,0,1,0,1,0,1064,375299968947540,7,6.0149000000064845e-05,0.0027942590000000767,0.00031556800000021035,0.004996690000000026,14577
generated-1725,generated,temporal,census,24,4,forced-complete,254,12,8,4,1004,48,1,8,1,1,1,1,1,0,1,972,375299968947540,375299968947540,5.2117999999934383e-05,0.0025741220000001785,0.0012317889999999831,0.0055409880000001355,13747
generated-1726,generated,temporal,one-per-bucket,24,4,forced-incomplete,254,12,8,1,980,48,2,0,0,1,0,1,0,1,0,972,375299968947540,1,4.189200000004334e-05,0.0025781879999999813,0.00014027800000016022,0.004426293000000081,13320
generated-1727,generated,temporal,class-exclusion,24,4,ambiguous,253,12,8,5,1008,48,5,7,0,1,1,1,1,0,1,968,375299968947541,189273736204728,0.0009553489999998277,0.0036198849999999894,0.0013531589999999927,0.007585273999999975,14027
generated-1728,generated,temporal,empty,3,4,forced-incomplete,26,13,8,2,72,5,1,0,0,0,0,0,0,1,0,56,84,0,3.634399999996596e-05,0.00023620100000010247,0.00012394400000004246,0.0005516989999998501,1081
generated-1729,generated,temporal,class-complete,3,4,ambiguous,26,13,8,4,88,5,9,8,1,1,1,1,1,0,0,56,84,8,3.8988000000017564e-05,0.0002486089999997887,0.0004976590000000947,0.000946997000000005,1323
generated-1730,generated,temporal,seeded-omission,3,4,forced-incomplete,22,12,8,1,52,5,8,2,0,1,0,1,0,1,0,44,84,7,2.819100000017727e-05,0.0002056460000001703,0.00024333200000015154,0.0006019940000001611,1062
generated-1731,generated,temporal,census,3,4,forced-complete,26,13,8,4,88,5,1,8,1,1,1,1,1,0,1,56,84,84,7.901700000001455e-05,0.000241028000000032,0.0009469960000001443,0.0014863370000000042,1217
generated-1732,generated,temporal,one-per-bucket,3,4,forced-incomplete,23,11,7,2,66,5,3,0,0,1,0,1,0,1,0,52,84,2,2.4285999999928976e-05,0.0002178330000000006,0.00017270699999993866,0.0005532720000001046,1060
generated-1733,generated,temporal,class-exclusion,3,4,ambiguous,22,12,8,4,76,5,3,5,0,1,1,1,1,0,1,44,84,83,3.3759999999993795e-05,0.00021141400000002086,0.0009572019999999348,0.0013323380000000995,1228
generated-1734,generated,temporal,empty,4,4,forced-incomplete,38,13,8,2,120,7,1,0,0,0,0,0,0,1,0,104,341,0,1.7905999999845434e-05,0.00046217600000009185,0.00010650800000000515,0.0008081499999998965,1420
generated-1735,generated,temporal,class-complete,4,4,ambiguous,34,12,8,4,124,7,9,8,1,1,1,1,1,0,0,92,340,8,4.0629999999985955e-05,0.00033089200000002705,0.0004835380000001166,0.0010784510000001468,1567
generated-1736,generated,temporal,seeded-omission,4,4,forced-incomplete,38,13,8,2,120,7,8,0,0,1,0,1,0,1,0,104,340,7,3.0604999999850335e-05,0.0003402550000000115,0.00031488700000004144,0.000909100000000107,1546
generated-1737,generated,temporal,census,4,4,forced-complete,38,13,8,4,136,7,1,8,1,1,1,1,1,0,1,104,340,340,2.6579000000026554e-05,0.00033502699999998775,0.0013066099999998748,0.0018916089999998498,1570
generated-1738,generated,temporal,one-per-bucket,4,4,forced-incomplete,34,12,8,1,100,7,2,0,0,1,0,1,0,1,0,92,340,1,2.164199999987737e-05,0.00031179300000006016,0.00012460499999988883,0.000661892999999969,1333
generated-1739,generated,temporal,class-exclusion,4,4,ambiguous,34,12,8,4,124,7,3,3,0,1,1,1,1,0,1,92,340,315,3.461100000001771e-05,0.00031467699999998544,0.0011098079999998234,0.0016660040000000542,1579
generated-1740,generated,temporal,empty,6,4,forced-incomplete,56,12,8,2,196,11,1,0,0,0,0,0,0,1,0,180,5460,0,2.2063000000072108e-05,0.0005004830000001625,0.00010962199999986488,0.00106216800000003,2031
generated-1741,generated,temporal,class-complete,6,4,ambiguous,62,13,8,5,240,11,9,8,1,0,1,1,1,0,0,200,5461,8,4.691000000001111e-05,0.0005922990000000183,0.000509045999999902,0.0015659350000001293,2509
generated-1742,generated,temporal,seeded-omission,6,4,forced-incomplete,56,12,8,1,188,11,8,6,0,1,0,1,0,1,0,180,5460,7,3.210800000008618e-05,0.0005138030000000349,0.0002501820000000432,0.0011500779999999988,2103
generated-1743,generated,temporal,census,6,4,forced-complete,62,13,8,4,232,11,1,8,1,1,1,1,1,0,1,200,5460,5460,3.523199999988513e-05,0.0008248049999999285,0.0012186389999999658,0.0025611329999999377,2376
generated-1744,generated,temporal,one-per-bucket,6,4,forced-incomplete,62,13,8,2,216,11,3,1,0,1,0,1,0,1,0,200,5460,2,3.3258999999841166e-05,0.0005621649999998368,0.00018719800000011055,0.0012541019999998682,2274
generated-1745,generated,temporal,class-exclusion,6,4,ambiguous,56,12,8,4,212,11,2,1,0,1,1,1,1,0,1,180,5460,5397,4.396500000014569e-05,0.0005574680000000054,0.0012106880000000153,0.002165385999999936,2334
generated-1746,generated,temporal,empty,8,4,forced-incomplete,78,12,8,1,276,15,1,0,0,0,0,0,0,1,0,268,87380,0,1.9880000000194187e-05,0.0007133289999998738,8.793000000006934e-05,0.0013159240000000239,2807
generated-1747,generated,temporal,class-complete,8,4,ambiguous,86,13,8,4,328,15,9,8,1,1,1,1,1,0,0,296,87380,8,4.6598999999813984e-05,0.0008127359999998696,0.0004707090000000136,0.0018823660000000242,3345
generated-1748,generated,temporal,seeded-omission,8,4,forced-incomplete,86,13,8,3,320,15,7,4,0,1,0,1,0,1,1,296,87381,7,5.098599999997511e-05,0.0008327459999999398,0.0003646409999999989,0.0018932510000000402,3270
generated-1749,generated,temporal,census,8,4,forced-complete,86,13,8,4,328,15,1,8,1,1,1,1,1,0,1,296,87380,87380,3.552200000012107e-05,0.0007958519999999858,0.001179571999999851,0.002550296999999979,3294
generated-1750,generated,temporal,one-per-bucket,8,4,forced-incomplete,78,12,8,1,276,15,2,0,0,1,0,1,0,1,0,268,87380,1,2.7261000000056157e-05,0.0007324780000002029,0.0001402489999999812,0.001418576999999921,2863
generated-1751,generated,temporal,class-exclusion,8,4,ambiguous,86,13,8,4,328,15,5,7,0,1,1,1,1,0,1,296,87380,62639,4.324399999999784e-05,0.0007954110000001346,0.0012113280000001225,0.0026068210000000924,3429
generated-1752,generated,temporal,empty,12,4,forced-incomplete,134,13,8,2,504,24,1,0,0,0,0,0,0,1,0,488,22369620,0,2.773099999986428e-05,0.0012593000000000742,0.00011187599999984421,0.0022774119999999787,5220
generated-1753,generated,temporal,class-complete,12,4,ambiguous,122,12,8,4,476,23,9,8,1,1,1,1,1,0,0,444,22369620,8,5.229699999986792e-05,0.001212731000000078,0.0005010439999999505,0.002575054000000021,5096
generated-1754,generated,temporal,seeded-omission,12,4,forced-incomplete,122,12,8,1,452,24,8,2,0,1,0,1,0,1,0,444,22369620,7,3.6594000000000904e-05,0.0011481849999999127,0.000246827000000005,0.002217683000000026,4887
generated-1755,generated,temporal,census,12,4,forced-complete,122,12,8,5,484,23,1,8,1,1,1,1,1,0,1,444,22369621,22369621,4.2161999999956734e-05,0.0011573889999998421,0.0012584690000001508,0.003277246999999983,5132
generated-1756,generated,temporal,one-per-bucket,12,4,forced-incomplete,134,13,8,2,504,24,3,1,0,1,0,1,0,1,0,488,22369620,2,4.073100000012708e-05,0.001253971999999992,0.00018792900000019763,0.002353024000000037,5302
generated-1757,generated,temporal,class-exclusion,12,4,ambiguous,134,13,8,4,520,23,5,5,0,1,1,1,1,0,1,488,22369620,13817438,4.448600000017677e-05,0.0012942919999998637,0.0010381120000000355,0.0034828420000001525,5640
generated-1758,generated,temporal,empty,24,4,forced-incomplete,278,13,8,1,1072,48,1,0,0,0,0,0,0,1,0,1064,375299968947540,0,3.0464999999813003e-05,0.00277037400000002,9.40599999998959e-05,0.004711906999999904,14407
generated-1759,generated,temporal,class-complete,24,4,ambiguous,278,13,8,4,1096,48,9,8,1,1,1,1,1,0,0,1064,375299968947540,8,6.43750000000054e-05,0.0031409339999999286,0.00048355799999999505,0.005533027000000024,14776
generated-1760,generated,temporal,seeded-omission,24,4,forced-incomplete,254,12,8,2,988,48,8,0,0,1,0,1,0,1,0,972,375299968947540,7,5.602299999996063e-05,0.00259247000000018,0.000348216999999984,0.004696334000000135,13434
generated-1761,generated,temporal,census,24,4,forced-complete,278,13,8,4,1096,48,1,8,1,1,1,1,1,0,1,1064,375299968947540,375299968947540,6.994400000004397e-05,0.0027760919999999523,0.0023620779999999897,0.00702892799999999,14891
generated-1762,generated,temporal,one-per-bucket,24,4,forced-incomplete,253,12,8,2,984,48,2,1,0,1,0,1,0,1,1,968,375299968947541,2,4.975399999995744e-05,0.0026245069999999426,0.00019743300000008013,0.004635414000000004,13388
generated-1763,generated,temporal,class-exclusion,24,4,ambiguous,253,12,8,4,1000,48,3,3,0,1,1,1,1,0,1,968,375299968947540,375017757514867,6.422500000002884e-05,0.0026234860000000637,0.0012911579999999034,0.0056698599999998045,14004
generated-1764,generated,temporal,empty,3,4,forced-incomplete,22,12,8,2,60,5,1,0,0,0,0,0,0,1,0,44,84,0,3.5072000000191395e-05,0.0002526150000001781,0.00010588700000013773,0.000527072999999989,990
generated-1765,generated,temporal,class-complete,3,4,ambiguous,23,11,7,4,80,5,8,7,1,0,1,1,1,0,0,52,84,7,3.466099999993588e-05,0.00023401699999991976,0.00032928899999995487,0.0007443560000000016,1201
generated-1766,generated,temporal,seeded-omission,3,4,forced-incomplete,23,11,7,1,59,5,7,4,0,1,0,1,0,1,0,52,84,6,2.5688000000023692e-05,0.00021924599999989525,0.0001865869999999603,0.0005670319999999673,1046
generated-1767,generated,temporal,census,3,4,forced-complete,22,12,8,4,76,5,1,8,1,1,1,1,1,0,1,44,84,84,2.4707000000123713e-05,0.00025711100000003206,0.000942739999999942,0.0013513960000000047,1126
generated-1768,generated,temporal,one-per-bucket,3,4,forced-incomplete,26,13,8,2,72,5,3,0,0,1,0,1,0,1,0,56,84,2,2.3875999999978248e-05,0.00023704199999996511,0.00017406900000005443,0.0005866919999999443,1163
generated-1769,generated,temporal,class-exclusion,3,4,ambiguous,22,12,8,5,84,5,4,1,0,1,1,1,1,0,1,44,85,73,8.487600000006701e-05,0.0002238919999999478,0.0009564600000000478,0.0014001989999998798,1292
generated-1770,generated,temporal,empty,4,4,forced-incomplete,33,12,8,1,96,7,1,0,0,0,0,0,0,1,0,88,340,0,1.5282999999977065e-05,0.00029337500000004013,8.196200000010201e-05,0.0005794399999998756,1259
generated-1771,generated,temporal,class-complete,4,4,ambiguous,33,12,8,4,120,7,9,8,1,1,1,1,1,0,0,88,340,8,3.923800000005251e-05,0.0003583519999998952,0.0004465529999999607,0.0010541849999998743,1548
generated-1772,generated,temporal,seeded-omission,4,4,forced-incomplete,33,12,8,2,104,7,8,4,0,1,0,1,0,1,0,88,340,7,3.0324999999997715e-05,0.00035572800000016613,0.00029552899999996107,0.0008790160000000657,1429
generated-1773,generated,temporal,census,4,4,forced-complete,33,12,8,4,120,7,1,8,1,1,1,1,1,0,1,88,340,340,2.7149999999975805e-05,0.0003436009999999712,0.0012004830000000855,0.0017781310000000161,1453
generated-1774,generated,temporal,one-per-bucket,4,4,forced-incomplete,34,12,8,1,100,7,2,0,0,1,0,1,0,1,0,92,340,1,2.051999999985732e-05,0.00034728499999991946,0.00012367300000004633,0.0006967840000000614,1333
generated-1775,generated,temporal,class-exclusion,4,4,ambiguous,33,12,8,4,120,7,2,7,0,1,1,1,1,0,1,88,340,317,3.56429999999186e-05,0.0003070559999998057,0.0012801510000000071,0.0018205330000000686,1558
generated-1776,generated,temporal,empty,6,4,forced-incomplete,62,13,8,3,224,11,1,0,0,0,0,0,0,1,0,200,5461,0,2.0200000000025753e-05,0.0005838069999999362,0.0001329170000001767,0.001116488000000082,2236
generated-1777,generated,temporal,class-complete,6,4,ambiguous,56,12,8,4,212,11,9,8,1,1,1,1,1,0,0,180,5460,8,4.3244999999858535e-05,0.0005584800000000278,0.0004781400000000158,0.0014310549999998479,2284
generated-1778,generated,temporal,seeded-omission,6,4,forced-incomplete,55,12,8,1,184,11,8,2,0,1,0,1,0,1,0,176,5460,7,3.1938000000009126e-05,0.0005051700000000547,0.00026456299999999544,0.0011366379999999676,2084
generated-1779,generated,temporal,census,6,4,forced-complete,56,12,8,4,212,11,1,8,1,1,1,1,1,0,1,180,5460,5460,3.0895999999946966e-05,0.0005271529999999469,0.0011660610000001626,0.0020664989999998884,2211
generated-1780,generated,temporal,one-per-bucket,6,4,forced-incomplete,56,12,8,2,196,11,3,0,0,1,0,1,0,1,0,180,5460,2,2.8192000000037964e-05,0.0005471529999998559,0.00018285200000001112,0.001104219999999989,2113
generated-1781,generated,temporal,class-exclusion,6,4,ambiguous,62,13,8,4,232,11,4,5,0,1,1,1,1,0,1,200,5460,4724,4.1151000000017035e-05,0.0005719989999999342,0.0010791729999999333,0.0020895830000000615,2496
generated-1782,generated,temporal,empty,8,4,forced-incomplete,78,12,8,1,276,15,1,0,0,0,0,0,0,1,0,268,87380,0,1.9139000000167883e-05,0.0007342810000001698,8.610800000008467e-05,0.0013183179999998185,2807
generated-1783,generated,temporal,class-complete,8,4,ambiguous,78,12,8,5,308,15,9,8,1,0,1,1,1,0,0,268,87381,8,4.847200000002161e-05,0.0007437239999998901,0.0005292050000000881,0.0018368579999998857,3176
generated-1784,generated,temporal,seeded-omission,8,4,forced-incomplete,77,12,8,2,280,15,7,0,0,1,0,1,0,1,0,264,87380,7,4.0620999999907426e-05,0.0007703640000000789,0.00031365599999988447,0.0016103410000001261,2953
generated-1785,generated,temporal,census,8,4,forced-complete,86,13,8,4,328,15,1,8,1,1,1,1,1,0,1,296,87380,87380,3.6734000000038236e-05,0.0008087109999999065,0.0011676940000000524,0.002572830999999942,3294
generated-1786,generated,temporal,one-per-bucket,8,4,forced-incomplete,77,12,8,1,272,15,2,0,0,1,0,1,0,1,0,264,87380,1,2.712000000015813e-05,0.0007093439999998896,0.00014724800000021077,0.0013924380000001069,2847
generated-1787,generated,temporal,class-exclusion,8,4,ambiguous,78,12,8,4,300,15,3,3,0,1,1,1,1,0,1,268,87380,84355,4.108099999999837e-05,0.0007410009999999634,0.0015486089999998676,0.0028182349999998912,3207
generated-1788,generated,temporal,empty,12,4,forced-incomplete,134,13,8,2,504,24,1,0,0,0,0,0,0,1,0,488,22369620,0,2.548799999990692e-05,0.0012405630000000833,0.0001119160000000452,0.00224824899999998,5220
generated-1789,generated,temporal,class-complete,12,4,ambiguous,121,12,8,4,472,23,9,8,1,1,1,1,1,0,0,440,22369620,8,5.0705000000039746e-05,0.0011870130000000145,0.0004775189999999263,0.002516477000000128,5082
generated-1790,generated,temporal,seeded-omission,12,4,forced-incomplete,121,12,8,2,456,24,7,6,0,1,0,1,0,1,1,440,22369621,7,4.08210000000242e-05,0.001157980000000114,0.0002829410000000365,0.0022532060000000076,4932
generated-1791,generated,temporal,census,12,4,forced-complete,134,13,8,4,520,23,1,8,1,1,1,1,1,0,1,488,22369620,22369620,4.090099999998209e-05,0.0012661410000001094,0.0011636580000000674,0.003325208000000135,5492
generated-1792,generated,temporal,one-per-bucket,12,4,forced-incomplete,121,12,8,2,456,24,3,1,0,1,0,1,0,1,0,440,22369620,2,4.2022000000141446e-05,0.0011674429999999347,0.00018593600000005317,0.002167608000000154,4884
generated-1793,generated,temporal,class-exclusion,12,4,ambiguous,121,12,8,4,472,23,2,1,0,1,1,1,1,0,1,440,22369620,22340949,0.00028785799999986317,0.0011895760000000255,0.0011641689999999372,0.003520538000000073,5243
generated-1794,generated,temporal,empty,24,4,forced-incomplete,254,12,8,1,980,48,1,0,0,0,0,0,0,1,0,972,375299968947540,0,2.7291000000095877e-05,0.0025449090000000396,9.254699999994287e-05,0.004406603999999925,13264
generated-1795,generated,temporal,class-complete,24,4,ambiguous,278,13,8,4,1096,48,9,8,1,1,1,1,1,0,0,1064,375299968947540,8,6.432500000008723e-05,0.0037594130000000447,0.0004891069999999331,0.00618864100000005,14776
generated-1796,generated,temporal,seeded-omission,24,4,forced-incomplete,254,12,8,2,988,48,8,4,0,1,0,1,0,1,0,972,375299968947540,7,6.630900000015316e-05,0.002515314999999907,0.00038983799999980917,0.004684957000000045,13434
generated-1797,generated,temporal,census,24,4,forced-complete,278,13,8,5,1104,48,1,8,1,1,1,1,1,0,1,1064,375299968947541,375299968947541,5.721499999999935e-05,0.003642069000000081,0.0022178440000000244,0.007742717999999815,14935
generated-1798,generated,temporal,one-per-bucket,24,4,forced-incomplete,278,13,8,1,1072,48,2,0,0,1,0,1,0,1,0,1064,375299968947540,1,5.083499999991581e-05,0.0028859660000000176,0.00014349299999993903,0.005086203000000067,14463
generated-1799,generated,temporal,class-exclusion,24,4,ambiguous,278,13,8,4,1096,48,5,7,0,1,1,1,1,0,1,1064,375299968947540,189273736204727,7.304900000004722e-05,0.0029116339999999408,0.001281001999999809,0.006178324999999818,15108
generated-1800,generated,temporal,empty,3,4,forced-incomplete,26,13,8,2,72,5,1,0,0,0,0,0,0,1,0,56,84,0,2.783100000003369e-05,0.0003010070000000198,0.0001237440000000367,0.0006447569999999958,1081
generated-1801,generated,temporal,class-complete,3,4,ambiguous,22,12,8,4,76,5,9,8,1,0,1,1,1,0,0,44,84,8,4.499700000004658e-05,0.0002481779999999878,0.00043863099999996713,0.0008917540000000779,1232
generated-1802,generated,temporal,seeded-omission,3,4,forced-incomplete,26,13,8,1,64,5,8,2,0,1,0,1,0,1,0,56,84,7,3.183699999997902e-05,0.00024414200000000275,0.000242960999999986,0.0006744819999999763,1153
generated-1803,generated,temporal,census,3,4,forced-complete,26,13,8,4,88,5,1,8,1,1,1,1,1,0,1,56,84,84,2.8801999999994443e-05,0.0002574719999999253,0.0011898769999999503,0.0016340870000000063,1217
generated-1804,generated,temporal,one-per-bucket,3,4,forced-incomplete,22,12,8,3,68,5,2,1,0,1,0,1,0,1,1,44,85,3,3.0305000000008242e-05,0.0002271879999999893,0.00027028100000003885,0.0006796890000000388,1132
generated-1805,generated,temporal,class-exclusion,3,4,ambiguous,22,12,8,4,76,5,3,5,0,1,1,1,1,0,1,44,84,83,3.5231999999996155e-05,0.00021758299999996566,0.0009101710000000152,0.001302272999999965,1228
generated-1806,generated,temporal,empty,4,4,forced-incomplete,33,12,8,1,96,7,1,0,0,0,0,0,0,1,0,88,340,0,1.7566000000024395e-05,0.0003145070000000194,8.159099999993646e-05,0.0006103460000000949,1259
generated-1807,generated,temporal,class-complete,4,4,ambiguous,34,12,8,4,124,7,9,8,1,1,1,1,1,0,0,92,340,8,4.148199999998159e-05,0.00038943899999999143,0.0004687259999999194,0.001310707000000022,1567
generated-1808,generated,temporal,seeded-omission,4,4,forced-incomplete,33,12,8,2,104,7,7,0,0,1,0,1,0,1,0,88,340,7,3.209700000006421e-05,0.0003095300000000023,0.00030740600000001006,0.0008767920000000151,1421
generated-1809,generated,temporal,census,4,4,forced-complete,34,12,8,4,124,7,1,8,1,1,1,1,1,0,1,92,340,340,4.481600000005859e-05,0.0003175220000000145,0.0011451900000000181,0.001711781999999995,1472
generated-1810,generated,temporal,one-per-bucket,4,4,forced-incomplete,33,12,8,1,96,7,2,0,0,1,0,1,0,1,0,88,340,1,2.0689999999934372e-05,0.00034414100000002,0.00012899199999993893,0.0006931790000000992,1315
generated-1811,generated,temporal,class-exclusion,4,4,ambiguous,34,12,8,5,132,7,2,3,0,1,1,1,1,0,1,92,341,316,3.865699999994199e-05,0.00033208299999998303,0.0012015039999999644,0.0017904589999999665,1639
generated-1812,generated,temporal,empty,6,4,forced-incomplete,55,12,8,2,192,11,1,0,0,0,0,0,0,1,0,176,5460,0,2.0230000000065473e-05,0.0005216149999999198,0.0001109940000000309,0.000992745000000017,2012
generated-1813,generated,temporal,class-complete,6,4,ambiguous,56,12,8,4,212,11,9,8,1,1,1,1,1,0,0,180,5460,8,4.511699999998342e-05,0.000577005999999991,0.0004909889999999972,0.0014814599999999345,2284
generated-1814,generated,temporal,seeded-omission,6,4,forced-incomplete,55,12,8,1,184,11,8,6,0,1,0,1,0,1,0,176,5460,7,3.3991000000010985e-05,0.00050432899999997,0.00027318600000003634,0.0011543239999999289,2084
generated-1815,generated,temporal,census,6,4,forced-complete,55,12,8,4,208,11,1,8,1,1,1,1,1,0,1,176,5460,5460,3.5432999999973624e-05,0.0005282149999999985,0.0012184089999999204,0.0021253759999999566,2196
generated-1816,generated,temporal,one-per-bucket,6,4,forced-incomplete,55,12,8,2,192,11,3,1,0,1,0,1,0,1,0,176,5460,2,4.789100000002211e-05,0.0005149150000000047,0.00018551499999996945,0.0010975899999999816,2094
generated-1817,generated,temporal,class-exclusion,6,4,ambiguous,56,12,8,4,212,11,2,1,0,1,1,1,1,0,1,180,5460,5397,4.27830000000462e-05,0.0005768670000000364,0.0013305750000000005,0.002625099000000075,2334
generated-1818,generated,temporal,empty,8,4,forced-incomplete,77,12,8,2,280,15,1,0,0,0,0,0,0,1,0,264,87381,0,2.352500000002422e-05,0.000722523000000086,0.00012685899999997918,0.0013916660000000691,2835
generated-1819,generated,temporal,class-complete,8,4,ambiguous,78,12,8,4,300,15,9,8,1,1,1,1,1,0,0,268,87380,8,4.56380000000145e-05,0.0007632330000000298,0.00048450900000007735,0.0018298969999999137,3114
generated-1820,generated,temporal,seeded-omission,8,4,forced-incomplete,77,12,8,2,280,15,8,4,0,1,0,1,0,1,0,264,87380,7,4.039000000000126e-05,0.0007358630000000588,0.00029859300000001365,0.0015884790000000315,2961
generated-1821,generated,temporal,census,8,4,forced-complete,77,12,8,4,296,15,1,8,1,1,1,1,1,0,1,264,87380,87380,3.686499999999704e-05,0.000726740000000059,0.00118239600000003,0.002480853999999977,3045
generated-1822,generated,temporal,one-per-bucket,8,4,forced-incomplete,77,12,8,1,272,15,2,0,0,1,0,1,0,1,0,264,87380,1,2.8421999999972414e-05,0.0007286920000000308,0.00012907200000000785,0.0013733299999999504,2847
generated-1823,generated,temporal,class-exclusion,8,4,ambiguous,86,13,8,4,328,15,5,7,0,1,1,1,1,0,1,296,87380,62639,4.5677999999993446e-05,0.0008207879999999612,0.0011021759999999547,0.0025284740000000028,3429
generated-1824,generated,temporal,empty,12,4,forced-incomplete,122,12,8,2,460,24,1,0,0,0,0,0,0,1,0,444,22369620,0,2.458699999996483e-05,0.0011537929999999585,0.00011234699999995712,0.0021492819999999746,4815
generated-1825,generated,temporal,class-complete,12,4,ambiguous,134,13,8,5,528,23,9,8,1,0,1,1,1,0,0,488,22369621,8,5.075499999995792e-05,0.0013195990000000046,0.000511959999999978,0.0027795780000000603,5562
generated-1826,generated,temporal,seeded-omission,12,4,forced-incomplete,121,12,8,1,448,24,8,2,0,1,0,1,0,1,0,440,22369620,7,3.8066000000003264e-05,0.00115531499999999,0.00026446299999993705,0.002227478000000005,4874
generated-1827,generated,temporal,census,12,4,forced-complete,122,12,8,4,476,23,1,8,1,1,1,1,1,0,1,444,22369620,22369620,3.906800000008648e-05,0.0011654300000000228,0.0011919699999999311,0.003179150999999991,5088
generated-1828,generated,temporal,one-per-bucket,12,4,forced-incomplete,121,12,8,2,456,24,3,1,0,1,0,1,0,1,0,440,22369620,2,4.970400000003927e-05,0.0011611339999999526,0.00018923100000001192,0.002174789999999982,4884
generated-1829,generated,temporal,class-exclusion,12,4,ambiguous,122,12,8,4,476,23,3,5,0,1,1,1,1,0,1,444,22369620,21887332,4.629900000008291e-05,0.0011654300000000228,0.0012833159999999788,0.0032958549999999587,5258
generated-1830,generated,temporal,empty,24,4,forced-incomplete,253,12,8,1,976,48,1,0,0,0,0,0,0,1,0,968,375299968947540,0,4.122099999992468e-05,0.0025674730000000423,9.912699999992114e-05,0.006656965999999986,13264
generated-1831,generated,temporal,class-complete,24,4,ambiguous,254,12,8,4,1004,48,9,8,1,1,1,1,1,0,0,972,375299968947540,8,6.148099999991885e-05,0.002608052999999999,0.0004856020000000294,0.004873887999999993,13633
generated-1832,generated,temporal,seeded-omission,24,4,forced-incomplete,278,13,8,3,1088,48,7,0,0,0,0,1,0,1,0,1064,375299968947541,7,5.6302999999924275e-05,0.0028242840000000102,0.0003490879999999974,0.005051560999999927,14631
generated-1833,generated,temporal,census,24,4,forced-complete,278,13,8,4,1096,48,1,8,1,1,1,1,1,0,1,1064,375299968947540,375299968947540,5.328899999990089e-05,0.002855290000000066,0.0012701760000000117,0.0060090130000000075,14891
generated-1834,generated,temporal,one-per-bucket,24,4,forced-incomplete,253,12,8,1,976,48,2,0,0,1,0,1,0,1,0,968,375299968947540,1,5.6533999999941464e-05,0.002576024999999982,0.00014223099999999267,0.004409458000000033,13320
generated-1835,generated,temporal,class-exclusion,24,4,ambiguous,253,12,8,4,1000,48,3,3,0,1,1,1,1,0,1,968,375299968947540,375017757514867,6.28630000000241e-05,0.0026889529999999384,0.0012631459999999928,0.00611463000000001,14004
generated-1836,generated,temporal,empty,3,4,forced-incomplete,23,11,7,2,66,5,1,0,0,0,0,0,0,1,0,52,84,0,3.4680999999925355e-05,0.00021677200000003172,8.617799999999232e-05,0.00047722900000002344,982
generated-1837,generated,temporal,class-complete,3,4,ambiguous,23,11,7,4,80,5,8,7,1,0,1,1,1,0,0,52,84,7,3.3840999999923405e-05,0.00022967099999993135,0.00033510799999991736,0.0007608500000000351,1201
generated-1838,generated,temporal,seeded-omission,3,4,forced-incomplete,22,12,8,1,52,5,8,6,0,1,0,1,0,1,0,44,84,7,2.5908999999990634e-05,0.00021521999999996044,0.00024120799999993725,0.0006030949999999979,1062
generated-1839,generated,temporal,census,3,4,forced-complete,23,11,7,5,87,5,1,7,1,1,1,1,1,0,1,52,85,85,2.5967999999987335e-05,0.00021942600000002255,0.0008297429999999384,0.0012146539999999817,1145
generated-1840,generated,temporal,one-per-bucket,3,4,forced-incomplete,26,13,8,2,72,5,3,0,0,1,0,1,0,1,0,56,84,2,2.3746000000102185e-05,0.0002498310000000892,0.0004080659999999847,0.000833017000000047,1163
generated-1841,generated,temporal,class-exclusion,3,4,ambiguous,22,12,8,4,76,5,5,1,0,1,1,1,1,0,1,44,84,65,3.322900000002349e-05,0.00024730700000008543,0.0007284719999999245,0.001145621000000041,1230
generated-1842,generated,temporal,empty,4,4,forced-incomplete,34,12,8,1,100,7,1,0,0,0,0,0,0,1,0,92,340,0,1.5673999999910038e-05,0.0002956389999999587,8.244199999996038e-05,0.0006057190000000601,1277
generated-1843,generated,temporal,class-complete,4,4,ambiguous,33,12,8,4,120,7,9,8,1,1,1,1,1,0,0,88,340,8,4.000899999989649e-05,0.00032375100000003876,0.000543966999999923,0.0011249210000000565,1548
generated-1844,generated,temporal,seeded-omission,4,4,forced-incomplete,38,13,8,2,120,7,8,4,0,1,0,1,0,1,0,104,340,7,3.2377999999999574e-05,0.00034444200000005587,0.0003120529999999233,0.0009141869999998997,1546
generated-1845,generated,temporal,census,4,4,forced-complete,33,12,8,4,120,7,1,8,1,1,1,1,1,0,1,88,340,340,2.6900000000051882e-05,0.00030023599999995376,0.0014200589999999735,0.0019468310000000377,1453
generated-1846,generated,temporal,one-per-bucket,4,4,forced-incomplete,34,12,8,2,108,7,2,1,0,1,0,1,0,1,1,92,341,2,2.7260999999945135e-05,0.0003564600000000029,0.00017907600000000023,0.000780199000000037,1401
generated-1847,generated,temporal,class-exclusion,4,4,ambiguous,33,12,8,4,120,7,2,7,0,1,1,1,1,0,1,88,340,317,3.447099999998038e-05,0.00031232400000003047,0.0011953249999999693,0.0017448310000000022,1558
generated-1848,generated,temporal,empty,6,4,forced-incomplete,62,13,8,2,216,11,1,0,0,0,0,0,0,1,0,200,5460,0,2.1292000000006084e-05,0.0005982990000000799,0.00010859099999993571,0.001167384000000049,2192
generated-1849,generated,temporal,class-complete,6,4,ambiguous,56,12,8,4,212,11,9,8,1,1,1,1,1,0,0,180,5460,8,4.496700000000686e-05,0.0005559059999999949,0.0004856510000000869,0.0014534590000000458,2284
generated-1850,generated,temporal,seeded-omission,6,4,forced-incomplete,55,12,8,1,184,11,8,2,0,1,0,1,0,1,0,176,5460,7,3.0676000000062764e-05,0.0004979299999999798,0.00027105199999999385,0.0011313200000000467,2084
generated-1851,generated,temporal,census,6,4,forced-complete,55,12,8,4,208,11,1,8,1,1,1,1,1,0,1,176,5460,5460,3.0784999999977636e-05,0.0005289050000000239,0.0011906180000000877,0.0020826330000000004,2196
generated-1852,generated,temporal,one-per-bucket,6,4,forced-incomplete,62,13,8,2,216,11,3,0,0,1,0,1,0,1,0,200,5460,2,4.390500000006625e-05,0.0005573380000000183,0.00018475500000003642,0.0011651900000000381,2274
generated-1853,generated,temporal,class-exclusion,6,4,ambiguous,62,13,8,5,240,11,4,5,0,1,1,1,1,0,1,200,5461,4725,4.754000000006808e-05,0.0005820840000000382,0.0012226050000000432,0.0022648730000000006,2558
generated-1854,generated,temporal,empty,8,4,forced-incomplete,86,13,8,1,304,15,1,0,0,0,0,0,0,1,0,296,87380,0,2.277399999994767e-05,0.0008560509999999688,8.714999999992479e-05,0.0015452449999999729,3040
generated-1855,generated,temporal,class-complete,8,4,ambiguous,77,12,8,4,296,15,9,8,1,1,1,1,1,0,0,264,87380,8,5.172700000000141e-05,0.0007499229999999857,0.0004706689999999236,0.0017655719999999375,3096
generated-1856,generated,temporal,seeded-omission,8,4,forced-incomplete,78,12,8,2,284,15,8,0,0,1,0,1,0,1,0,268,87380,7,3.8517999999987396e-05,0.0008047150000000114,0.000316339999999915,0.0016603349999999573,2977
generated-1857,generated,temporal,census,8,4,forced-complete,78,12,8,4,300,15,1,8,1,1,1,1,1,0,1,268,87380,87380,3.435099999993252e-05,0.0007138899999999948,0.0012108680000000316,0.0024801230000000007,3064
generated-1858,generated,temporal,one-per-bucket,8,4,forced-incomplete,78,12,8,1,276,15,2,0,0,1,0,1,0,1,0,268,87380,1,2.6139000000036106e-05,0.0007876190000000172,0.0001339289999999771,0.0014330280000000029,2863
generated-1859,generated,temporal,class-exclusion,8,4,ambiguous,86,13,8,4,328,15,3,3,0,1,1,1,1,0,1,296,87380,82099,4.2543000000061504e-05,0.0008016299999999976,0.0011687759999999825,0.0025861909999999044,3435
generated-1860,generated,temporal,empty,12,4,forced-incomplete,122,12,8,3,468,24,1,0,0,0,0,0,0,1,0,444,22369621,0,2.771099999998583e-05,0.0011436690000000693,0.00013271700000005993,0.002144324999999947,4859
generated-1861,generated,temporal,class-complete,12,4,ambiguous,121,12,8,4,472,23,9,8,1,1,1,1,1,0,0,440,22369620,8,5.153700000004591e-05,0.0012977680000000325,0.0004638879999999679,0.0025863609999999815,5082
generated-1862,generated,temporal,seeded-omission,12,4,forced-incomplete,121,12,8,1,448,24,8,6,0,1,0,1,0,1,0,440,22369620,7,3.803699999993526e-05,0.0011393920000000168,0.0002692600000000489,0.002191484999999993,4874
generated-1863,generated,temporal,census,12,4,forced-complete,134,13,8,4,520,23,1,8,1,1,1,1,1,0,1,488,22369620,22369620,4.044999999996968e-05,0.0013685720000000678,0.0011783699999999842,0.003573666999999947,5492
generated-1864,generated,temporal,one-per-bucket,12,4,forced-incomplete,134,13,8,2,504,24,3,0,0,1,0,1,0,1,0,488,22369620,2,3.6214000000089897e-05,0.0012783789999999406,0.0001873780000000158,0.0026034760000001045,5302
generated-1865,generated,temporal,class-exclusion,12,4,ambiguous,134,13,8,4,520,23,4,1,0,1,1,1,1,0,1,488,22369620,20002712,4.572800000002264e-05,0.0012536519999999385,0.0011075350000000483,0.003257037000000018,5652
generated-1866,generated,temporal,empty,24,4,forced-incomplete,254,12,8,1,980,48,1,0,0,0,0,0,0,1,0,972,375299968947540,0,2.646900000002894e-05,0.002546642000000099,9.300800000000553e-05,0.004290541000000037,13264
generated-1867,generated,temporal,class-complete,24,4,ambiguous,254,12,8,5,1012,48,9,8,1,0,1,1,1,0,0,972,375299968947541,8,6.546699999998573e-05,0.002586069999999996,0.0005587500000000523,0.004912063999999994,13695
generated-1868,generated,temporal,seeded-omission,24,4,forced-incomplete,278,13,8,2,1080,48,8,4,0,1,0,1,0,1,0,1064,375299968947540,7,5.207699999998372e-05,0.002793728999999967,0.00031864300000006285,0.004965212999999968,14577
generated-1869,generated,temporal,census,24,4,forced-complete,253,12,8,4,1000,48,1,8,1,1,1,1,1,0,1,968,375299968947540,375299968947540,5.577300000003671e-05,0.002557547999999965,0.0012420940000000824,0.00553094300000001,13748
generated-1870,generated,temporal,one-per-bucket,24,4,forced-incomplete,278,13,8,1,1072,48,2,0,0,1,0,1,0,1,0,1064,375299968947540,1,4.0380000000173055e-05,0.0028016799999999176,0.00021505900000007294,0.004851715000000034,14463
generated-1871,generated,temporal,class-exclusion,24,4,ambiguous,253,12,8,4,1000,48,5,7,0,1,1,1,1,0,1,968,375299968947540,189273736204727,6.691899999999862e-05,0.0026060199999999867,0.0011354259999998284,0.005454979999999887,13965
generated-1872,generated,temporal,empty,3,4,forced-incomplete,23,11,7,2,66,5,1,0,0,0,0,0,0,1,0,52,84,0,3.4741999999976514e-05,0.00021913500000003694,8.769999999991285e-05,0.0004841289999999443,982
generated-1873,generated,temporal,class-complete,3,4,ambiguous,22,12,8,4,76,5,9,8,1,0,1,1,1,0,0,44,84,8,3.6403999999823355e-05,0.00024204899999991092,0.00042973900000009557,0.0008434429999999438,1232
generated-1874,generated,temporal,seeded-omission,3,4,forced-incomplete,22,12,8,2,60,5,7,2,0,1,0,1,0,1,1,44,85,7,3.120599999983931e-05,0.00023334599999991212,0.00027540900000011526,0.0006692239999999128,1120
generated-1875,generated,temporal,census,3,4,forced-complete,22,12,8,4,76,5,1,8,1,1,1,1,1,0,1,44,84,84,2.5798000000021304e-05,0.0002040529999998153,0.0009306319999999868,0.0012882730000001175,1126
generated-1876,generated,temporal,one-per-bucket,3,4,forced-incomplete,22,12,8,2,60,5,3,1,0,1,0,1,0,1,0,44,84,2,2.3274999999989276e-05,0.00022887999999987585,0.00017478999999998024,0.0005527409999999122,1072
generated-1877,generated,temporal,class-exclusion,3,4,ambiguous,26,13,8,4,88,5,3,5,0,1,1,1,1,0,1,56,84,83,3.255899999987655e-05,0.00023826400000004355,0.0009161399999999542,0.0013356129999999578,1319
generated-1878,generated,temporal,empty,4,4,forced-incomplete,38,13,8,1,112,7,1,0,0,0,0,0,0,1,0,104,340,0,1.5453000000054118e-05,0.00032828800000017644,7.991799999995663e-05,0.0006502560000001267,1376
generated-1879,generated,temporal,class-complete,4,4,ambiguous,34,12,8,4,124,7,9,8,1,1,1,1,1,0,0,92,340,8,3.948800000008745e-05,0.0003272159999998525,0.0005032670000000294,0.001105922000000037,1567
generated-1880,generated,temporal,seeded-omission,4,4,forced-incomplete,34,12,8,2,108,7,8,0,0,1,0,1,0,1,0,92,340,7,3.1596999999994324e-05,0.00032491300000003775,0.00033574799999991356,0.0008975530000001619,1447
generated-1881,generated,temporal,census,4,4,forced-complete,33,12,8,5,128,7,1,8,1,1,1,1,1,0,1,88,341,341,2.8482000000051855e-05,0.000311141999999931,0.0013005409999999884,0.0018520300000000045,1497
generated-1882,generated,temporal,one-per-bucket,4,4,forced-incomplete,33,12,8,1,96,7,2,0,0,1,0,1,0,1,0,88,340,1,2.0730999999996058e-05,0.00029659100000012373,0.00012476599999988736,0.0006386979999999376,1315
generated-1883,generated,temporal,class-exclusion,4,4,ambiguous,34,12,8,4,124,7,3,3,0,1,1,1,1,0,1,92,340,315,3.353999999999857e-05,0.0003174919999999748,0.001092702000000001,0.0016765300000001204,1579
generated-1884,generated,temporal,empty,6,4,forced-incomplete,62,13,8,2,216,11,1,0,0,0,0,0,0,1,0,200,5460,0,1.9939000000190887e-05,0.0005454999999998655,0.00010965299999998734,0.001090648999999999,2192
generated-1885,generated,temporal,class-complete,6,4,ambiguous,62,13,8,4,232,11,9,8,1,1,1,1,1,0,0,200,5460,8,4.270300000008831e-05,0.0005725899999999839,0.0005066730000000685,0.0015303730000000293,2447
generated-1886,generated,temporal,seeded-omission,6,4,forced-incomplete,56,12,8,1,188,11,8,6,0,1,0,1,0,1,0,180,5460,7,3.124700000012304e-05,0.0005253999999998982,0.0002459460000001634,0.0011392409999999575,2103
generated-1887,generated,temporal,census,6,4,forced-complete,56,12,8,4,212,11,1,8,1,1,1,1,1,0,1,180,5460,5460,3.1556999999793334e-05,0.0005048800000000409,0.0011908779999998398,0.002091405999999907,2211
generated-1888,generated,temporal,one-per-bucket,6,4,forced-incomplete,56,12,8,3,204,11,2,1,0,1,0,1,0,1,1,180,5461,3,3.830599999998796e-05,0.0005705470000001434,0.00025789300000012005,0.0014702630000000827,2173
generated-1889,generated,temporal,class-exclusion,6,4,ambiguous,62,13,8,4,232,11,5,1,0,1,1,1,1,0,1,200,5460,3830,4.047099999993087e-05,0.0005737819999998006,0.0010225690000000842,0.002033088999999988,2492
generated-1890,generated,temporal,empty,8,4,forced-incomplete,86,13,8,1,304,15,1,0,0,0,0,0,0,1,0,296,87380,0,2.1461999999861092e-05,0.0007828420000000058,8.686899999998943e-05,0.001463202999999913,3040
generated-1891,generated,temporal,class-complete,8,4,ambiguous,77,12,8,4,296,15,9,8,1,1,1,1,1,0,0,264,87380,8,4.514700000002314e-05,0.0007220219999999333,0.00048459999999983516,0.0017572290000000823,3096
generated-1892,generated,temporal,seeded-omission,8,4,forced-incomplete,77,12,8,2,280,15,8,4,0,1,0,1,0,1,0,264,87380,7,4.0309999999932344e-05,0.0007288620000001078,0.0003040020000000254,0.0015576529999998812,2961
generated-1893,generated,temporal,census,8,4,forced-complete,77,12,8,4,296,15,1,8,1,1,1,1,1,0,1,264,87380,87380,3.4110000000087126e-05,0.0007246159999998447,0.0011706479999999964,0.0024090580000000195,3045
generated-1894,generated,temporal,one-per-bucket,8,4,forced-incomplete,78,12,8,1,276,15,2,0,0,1,0,1,0,1,0,268,87380,1,2.7561000000009273e-05,0.0007262489999999566,0.00013197600000003362,0.0014084420000000097,2863
generated-1895,generated,temporal,class-exclusion,8,4,ambiguous,77,12,8,5,304,15,5,7,0,1,1,1,1,0,1,264,87381,62640,4.450599999983318e-05,0.0007365430000001449,0.0012047590000001662,0.002482717000000134,3242
generated-1896,generated,temporal,empty,12,4,forced-incomplete,122,12,8,2,460,24,1,0,0,0,0,0,0,1,0,444,22369620,0,2.7349999999870533e-05,0.0011410649999998856,0.00018264099999987238,0.0021132179999998613,4815
generated-1897,generated,temporal,class-complete,12,4,ambiguous,134,13,8,4,520,23,9,8,1,1,1,1,1,0,0,488,22369620,8,5.2987999999976054e-05,0.0013448169999998871,0.0004874240000001251,0.0028040340000001773,5500
generated-1898,generated,temporal,seeded-omission,12,4,forced-incomplete,122,12,8,1,452,24,8,2,0,1,0,1,0,1,0,444,22369620,7,3.790599999997646e-05,0.0011723209999998652,0.00024631599999991316,0.0022378429999998506,4887
generated-1899,generated,temporal,census,12,4,forced-complete,122,12,8,4,476,23,1,8,1,1,1,1,1,0,1,444,22369620,22369620,3.8486999999864935e-05,0.0011543140000001006,0.0011867620000001189,0.003156227000000067,5088
generated-1900,generated,temporal,one-per-bucket,12,4,forced-incomplete,122,12,8,2,460,24,3,0,0,1,0,1,0,1,0,444,22369620,2,3.444099999994066e-05,0.0011503790000000347,0.00018918100000009375,0.002199716000000018,4897
generated-1901,generated,temporal,class-exclusion,12,4,ambiguous,122,12,8,4,476,23,3,5,0,1,1,1,1,0,1,444,22369620,21887332,0.000285343000000049,0.0011570579999999886,0.0012540020000000318,0.0034897519999999016,5258
generated-1902,generated,temporal,empty,24,4,forced-incomplete,254,12,8,2,988,48,1,0,0,0,0,0,0,1,0,972,375299968947541,0,2.8331999999853252e-05,0.0026177570000001094,0.00011501100000010922,0.004406984000000058,13308
generated-1903,generated,temporal,class-complete,24,4,ambiguous,253,12,8,4,1000,48,9,8,1,1,1,1,1,0,0,968,375299968947540,8,7.902699999995377e-05,0.002575263999999855,0.0004929919999998589,0.00479746400000014,13633
generated-1904,generated,temporal,seeded-omission,24,4,forced-incomplete,278,13,8,2,1080,48,8,0,0,1,0,1,0,1,0,1064,375299968947540,7,5.688399999992377e-05,0.002789221999999869,0.00030641500000005983,0.004958843999999907,14577
generated-1905,generated,temporal,census,24,4,forced-complete,254,12,8,4,1004,48,1,8,1,1,1,1,1,0,1,972,375299968947540,375299968947540,5.509100000011813e-05,0.0026687430000000845,0.0012517690000000137,0.00563725100000001,13747
generated-1906,generated,temporal,one-per-bucket,24,4,forced-incomplete,254,12,8,1,980,48,2,0,0,1,0,1,0,1,0,972,375299968947540,1,4.340499999999636e-05,0.0026623540000001444,0.00014327300000016585,0.004599860999999983,13320
generated-1907,generated,temporal,class-exclusion,24,4,ambiguous,278,13,8,4,1096,48,3,3,0,1,1,1,1,0,1,1064,375299968947540,375017757514867,6.64689999998469e-05,0.003109196999999897,0.0012895649999999925,0.006547832999999947,15147
generated-1908,generated,temporal,empty,3,4,forced-incomplete,26,13,8,2,72,5,1,0,0,0,0,0,0,1,0,56,84,0,8.634799999995835e-05,0.00023645099999991537,0.00010822099999985291,0.0006422240000001356,1081
generated-1909,generated,temporal,class-complete,3,4,ambiguous,22,12,8,5,84,5,9,8,1,0,1,1,1,0,0,44,85,8,4.261299999996915e-05,0.00023062199999990263,0.000528274999999967,0.000944491999999908,1294
generated-1910,generated,temporal,seeded-omission,3,4,forced-incomplete,23,11,7,1,59,5,7,1,0,1,0,1,0,1,0,52,84,6,2.6389999999931746e-05,0.00021626100000005088,0.00022354199999985447,0.0006019440000000209,1046
generated-1911,generated,temporal,census,3,4,forced-complete,26,13,8,4,88,5,1,8,1,1,1,1,1,0,1,56,84,84,2.5236999999789234e-05,0.00023503900000010347,0.0009815769999999002,0.0013896129999999562,1217
generated-1912,generated,temporal,one-per-bucket,3,4,forced-incomplete,23,11,7,2,66,5,3,0,0,1,0,1,0,1,0,52,84,2,2.312399999992998e-05,0.0002488999999998853,0.00014748899999994514,0.0005571069999998901,1060
generated-1913,generated,temporal,class-exclusion,3,4,ambiguous,23,11,7,4,80,5,3,4,0,1,1,1,1,0,1,52,84,68,2.958399999997141e-05,0.000220426999999912,0.0007354720000001258,0.0011237479999999245,1197
generated-1914,generated,temporal,empty,4,4,forced-incomplete,34,12,8,1,100,7,1,0,0,0,0,0,0,1,0,92,340,0,2.769100000010738e-05,0.00034797700000011034,8.51660000000809e-05,0.0016287690000000854,1277
generated-1915,generated,temporal,class-complete,4,4,ambiguous,33,12,8,4,120,7,9,8,1,1,1,1,1,0,0,88,340,8,4.126100000001465e-05,0.0003334249999999983,0.0004706889999999131,0.0010894379999999426,1548
generated-1916,generated,temporal,seeded-omission,4,4,forced-incomplete,34,12,8,3,116,7,7,4,0,1,0,1,0,1,1,92,341,7,3.681500000007887e-05,0.0003208859999999092,0.0003660529999998108,0.0009402859999998459,1507
generated-1917,generated,temporal,census,4,4,forced-complete,38,13,8,4,136,7,1,8,1,1,1,1,1,0,1,104,340,340,2.747099999989011e-05,0.00040368000000001736,0.0019564759999999293,0.0026170469999999835,1570
generated-1918,generated,temporal,one-per-bucket,4,4,forced-incomplete,34,12,8,1,100,7,2,0,0,1,0,1,0,1,0,92,340,1,2.5697999999962917e-05,0.0003172409999998571,0.00012377400000018746,0.0007264689999999518,1333
generated-1919,generated,temporal,class-exclusion,4,4,ambiguous,38,13,8,4,136,7,2,7,0,1,1,1,1,0,1,104,340,317,5.544199999985011e-05,0.0003475459999999764,0.0011468030000001406,0.00177786000000002,1675
generated-1920,generated,environment,empty,3,8,forced-incomplete,29,13,4,3,148,6,1,0,0,0,0,0,0,1,0,136,169,0,1.9819000000032005e-05,0.0003184430000000571,4.706999999992689e-05,0.0005505580000000343,983
generated-1921,generated,environment,class-complete,3,8,ambiguous,29,13,4,4,152,6,5,4,1,0,1,1,1,0,0,136,168,4,2.9643999999828807e-05,0.0002568409999998966,0.00011777500000009766,0.000568614999999939,1102
generated-1922,generated,environment,seeded-omission,3,8,forced-incomplete,17,7,4,1,92,7,4,2,0,1,0,1,0,1,0,88,168,3,2.2844000000077358e-05,0.00017502899999999322,7.609300000011032e-05,0.0003863040000000595,749
generated-1923,generated,environment,census,3,8,forced-complete,29,13,4,4,152,6,1,4,1,1,1,1,1,0,1,136,168,168,1.7444999999893795e-05,0.00024351200000016782,0.00037901300000009464,0.0007946199999999681,1039
generated-1924,generated,environment,one-per-bucket,3,8,forced-incomplete,29,13,4,2,144,6,3,2,0,1,0,1,0,1,0,136,168,2,2.3904999999935228e-05,0.00032735599999988985,7.880800000004129e-05,0.0005941619999998426,1023
generated-1925,generated,environment,class-exclusion,3,8,ambiguous,29,13,4,4,152,6,5,1,0,1,1,1,1,0,0,136,168,95,2.447599999988448e-05,0.0002529249999998484,0.00029674099999987824,0.0007383560000000511,1109
generated-1926,generated,environment,empty,4,8,forced-incomplete,23,7,4,1,140,9,1,0,0,0,0,0,0,1,0,136,680,0,1.556300000005173e-05,0.00021885499999996227,3.495200000003251e-05,0.0004301289999999458,837
generated-1927,generated,environment,class-complete,4,8,ambiguous,41,13,4,5,252,7,5,4,1,0,1,1,1,0,0,232,681,4,3.2507999999875636e-05,0.0003891179999999661,0.00015013299999999674,0.0008120560000000054,1452
generated-1928,generated,environment,seeded-omission,4,8,forced-incomplete,41,13,4,2,240,8,4,0,0,1,0,1,0,1,0,232,680,3,2.6550000000069574e-05,0.00034634399999999843,0.00010930299999989401,0.0007182359999999832,1345
generated-1929,generated,environment,census,4,8,forced-complete,41,13,4,4,248,7,1,4,1,1,1,1,1,0,1,232,680,680,2.035000000000231e-05,0.00040254699999997534,0.0004567980000000915,0.0011111100000000818,1363
generated-1930,generated,environment,one-per-bucket,4,8,forced-incomplete,23,7,4,1,140,9,2,0,0,1,0,1,0,1,0,136,680,1,2.0050000000049195e-05,0.0002294110000000682,5.654399999999171e-05,0.0004543349999999169,885
generated-1931,generated,environment,class-exclusion,4,8,ambiguous,41,13,4,4,248,7,3,3,0,1,1,1,1,0,1,232,680,602,2.7200999999976716e-05,0.0003607960000000521,0.0004551960000001021,0.0011216949999999226,1440
generated-1932,generated,environment,empty,6,8,forced-incomplete,65,13,4,2,432,11,1,0,0,0,0,0,0,1,0,424,10920,0,1.8306999999939677e-05,0.0006211529999999854,4.364500000009208e-05,0.0010751970000000277,1977
generated-1933,generated,environment,class-complete,6,8,ambiguous,65,13,4,4,440,11,5,4,1,1,1,1,1,0,0,424,10920,4,3.5844000000118115e-05,0.00060963600000008,0.00015842499999996207,0.0012605720000000709,2138
generated-1934,generated,environment,seeded-omission,6,8,forced-incomplete,35,7,4,2,240,12,3,2,0,1,0,1,0,1,1,232,10921,3,2.9983999999982913e-05,0.000351341000000005,0.0001209000000002014,0.0007389369999999396,1301
generated-1935,generated,environment,census,6,8,forced-complete,65,13,4,4,440,11,1,4,1,1,1,1,1,0,1,424,10920,10920,2.7731000000086325e-05,0.0006022750000000965,0.0005521399999999232,0.0017655210000000476,2115
generated-1936,generated,environment,one-per-bucket,6,8,forced-incomplete,65,13,4,2,432,11,3,2,0,1,0,1,0,1,0,424,10920,2,3.350999999995885e-05,0.0006891030000000242,8.946300000012286e-05,0.001462432000000069,2045
generated-1937,generated,environment,class-exclusion,6,8,ambiguous,65,13,4,4,440,11,3,1,0,1,1,1,1,0,1,424,10920,7823,3.256799999995508e-05,0.0006010020000000171,0.00047847100000009135,0.0015006079999999589,2198
generated-1938,generated,environment,empty,8,8,forced-incomplete,47,7,4,1,332,16,1,0,0,0,0,0,0,1,0,328,174760,0,1.959900000003678e-05,0.00043870200000006854,3.52420000000464e-05,0.0008266580000000356,1619
generated-1939,generated,environment,class-complete,8,8,ambiguous,89,13,4,4,632,15,5,4,1,1,1,1,1,0,0,616,174760,4,3.472100000001532e-05,0.0008352900000001551,0.00015529100000000184,0.00159883400000016,2982
generated-1940,generated,environment,seeded-omission,8,8,forced-incomplete,89,13,4,2,624,15,4,0,0,1,0,1,0,1,0,616,174760,3,3.2167999999943575e-05,0.0007926970000000644,9.407999999999639e-05,0.0014664470000000929,2889
generated-1941,generated,environment,census,8,8,forced-complete,89,13,4,5,636,15,1,4,1,1,1,1,1,0,1,616,174761,174761,2.828199999993508e-05,0.0007986660000001145,0.003317736000000071,0.004720769999999819,3011
generated-1942,generated,environment,one-per-bucket,8,8,forced-incomplete,47,7,4,1,332,16,2,0,0,1,0,1,0,1,0,328,174760,1,3.0795000000027883e-05,0.0005181490000001343,6.049000000007965e-05,0.0009423889999999879,1667
generated-1943,generated,environment,class-exclusion,8,8,ambiguous,89,13,4,4,632,15,3,3,0,1,1,1,1,0,1,616,174760,121824,3.116599999986036e-05,0.0017169389999998064,0.0005006440000001611,0.002796142999999862,3078
generated-1944,generated,environment,empty,12,8,forced-incomplete,137,13,4,2,1008,24,1,0,0,0,0,0,0,1,0,1000,44739240,0,2.5667999999923197e-05,0.0015522749999998808,4.6258000000021227e-05,0.0025273630000000047,4841
generated-1945,generated,environment,class-complete,12,8,ambiguous,137,13,4,4,1016,23,5,4,1,1,1,1,1,0,0,1000,44739240,4,4.39249999999447e-05,0.0013450370000001044,0.00019102299999995687,0.0025297859999999783,5032
generated-1946,generated,environment,seeded-omission,12,8,forced-incomplete,71,7,4,1,524,25,4,2,0,1,0,1,0,1,0,520,44739240,3,3.143700000007854e-05,0.0006944509999999848,7.776499999989639e-05,0.0012605519999999704,2715
generated-1947,generated,environment,census,12,8,forced-complete,137,13,4,4,1016,23,1,4,1,1,1,1,1,0,1,1000,44739240,44739240,2.6969999999959526e-05,0.0013255590000000872,0.00043209200000005055,0.0026608509999999086,5079
generated-1948,generated,environment,one-per-bucket,12,8,forced-incomplete,137,13,4,3,1012,24,3,3,0,1,0,1,0,1,1,1000,44739241,3,8.925300000006686e-05,0.0013104259999998646,0.00011767399999995654,0.0025303180000000314,4953
generated-1949,generated,environment,class-exclusion,12,8,ambiguous,137,13,4,4,1016,23,3,1,0,1,1,1,1,0,1,1000,44739240,40886294,3.5922999999993266e-05,0.0012386289999999356,0.0005087860000001498,0.0026396500000001044,5216
generated-1950,generated,environment,empty,24,8,forced-incomplete,143,7,4,1,1100,49,1,0,0,0,0,0,0,1,0,1096,750599937895080,0,2.9724000000008743e-05,0.0014889210000001984,6.369499999991923e-05,0.0025639280000000486,7185
generated-1951,generated,environment,class-complete,24,8,ambiguous,281,13,4,4,2168,48,5,4,1,1,1,1,1,0,0,2152,750599937895080,4,4.7711000000116854e-05,0.0028218800000001654,0.0066467610000000565,0.011388281999999972,14096
generated-1952,generated,environment,seeded-omission,24,8,forced-incomplete,281,13,4,2,2160,48,4,0,0,1,0,1,0,1,0,2152,750599937895080,3,5.923800000018353e-05,0.005851054000000078,0.0001789560000000634,0.008242895999999833,13931
generated-1953,generated,environment,census,24,8,forced-complete,281,13,4,4,2168,48,1,4,1,1,1,1,1,0,1,2152,750599937895080,750599937895080,8.366400000014984e-05,0.0045668020000000364,0.0024786610000000486,0.00904245799999992,14279
generated-1954,generated,environment,one-per-bucket,24,8,forced-incomplete,143,7,4,1,1100,49,2,0,0,1,0,1,0,1,0,1096,750599937895080,1,5.2487999999906165e-05,0.0014802789999999177,6.495699999997662e-05,0.0027000989999999003,7233
generated-1955,generated,environment,class-exclusion,24,8,ambiguous,281,13,4,5,2172,48,4,3,0,1,1,1,1,0,1,2152,750599937895081,379042160305913,5.381000000004299e-05,0.0029372420000000066,0.0005294959999999627,0.00564370099999989,14478
generated-1956,generated,environment,empty,3,8,forced-incomplete,29,13,4,2,144,6,1,0,0,0,0,0,0,1,0,136,168,0,4.018899999991277e-05,0.0002604569999999917,4.524699999985948e-05,0.0005224759999999939,955
generated-1957,generated,environment,class-complete,3,8,ambiguous,29,13,4,4,152,6,5,4,1,0,1,1,1,0,0,136,168,4,3.1447000000017766e-05,0.0002654749999999595,0.0001408389999999482,0.0006108670000000149,1102
generated-1958,generated,environment,seeded-omission,3,8,forced-incomplete,17,7,4,1,92,7,4,2,0,1,0,1,0,1,0,88,168,3,2.214300000003e-05,0.00019806400000010882,7.374900000001183e-05,0.00040440000000008247,749
generated-1959,generated,environment,census,3,8,forced-complete,29,13,4,4,152,6,1,4,1,1,1,1,1,0,1,136,168,168,0.00020916000000004153,0.0002652439999999423,0.0005802319999999028,0.0012921280000000035,1039
generated-1960,generated,environment,one-per-bucket,3,8,forced-incomplete,29,13,4,2,144,6,3,2,0,1,0,1,0,1,0,136,168,2,2.6719000000063886e-05,0.00029308500000002624,8.41350000000407e-05,0.0005701860000000281,1023
generated-1961,generated,environment,class-exclusion,3,8,ambiguous,29,13,4,4,152,6,5,1,0,1,1,1,1,0,0,136,168,95,2.586800000003997e-05,0.0002526449999999958,0.0003054330000000771,0.0007610000000000117,1109
generated-1962,generated,environment,empty,4,8,forced-incomplete,23,7,4,2,144,9,1,0,0,0,0,0,0,1,0,136,681,0,1.6974999999863627e-05,0.00037314499999996364,4.350399999997201e-05,0.000582815999999875,865
generated-1963,generated,environment,class-complete,4,8,ambiguous,41,13,4,4,248,7,5,4,1,1,1,1,1,0,0,232,680,4,3.782599999979652e-05,0.0004585209999998785,0.00023046199999998684,0.0013606609999998742,1414
generated-1964,generated,environment,seeded-omission,4,8,forced-incomplete,41,13,4,2,240,8,4,0,0,1,0,1,0,1,0,232,680,3,3.151599999995369e-05,0.0003557480000000446,0.00013454000000012734,0.0007641350000000546,1343
generated-1965,generated,environment,census,4,8,forced-complete,41,13,4,4,248,7,1,4,1,1,1,1,1,0,1,232,680,680,2.583800000000025e-05,0.0003935850000000851,0.0004615949999999813,0.0013833640000000536,1365
generated-1966,generated,environment,one-per-bucket,4,8,forced-incomplete,23,7,4,1,140,9,2,0,0,1,0,1,0,1,0,136,680,1,2.23339999998462e-05,0.0002486389999998284,5.9017999999966264e-05,0.00047864099999994636,885
generated-1967,generated,environment,class-exclusion,4,8,ambiguous,41,13,4,4,248,7,3,3,0,1,1,1,1,0,1,232,680,602,3.283899999995121e-05,0.00037342399999995557,0.00044950799999998736,0.002764154999999935,1440
generated-1968,generated,environment,empty,6,8,forced-incomplete,65,13,4,2,432,11,1,0,0,0,0,0,0,1,0,424,10920,0,1.9407999999998538e-05,0.0021794660000000743,0.00010767000000000415,0.0026988969999999224,1977
generated-1969,generated,environment,class-complete,6,8,ambiguous,65,13,4,5,444,11,5,4,1,0,1,1,1,0,0,424,10921,4,0.0001903629999999712,0.0009278179999998581,0.00015564100000009518,0.0017244799999998062,2176
generated-1970,generated,environment,seeded-omission,6,8,forced-incomplete,35,7,4,1,236,12,4,2,0,1,0,1,0,1,0,232,10920,3,2.988400000014657e-05,0.0014774539999999892,9.160600000002184e-05,0.0018349250000000428,1267
generated-1971,generated,environment,census,6,8,forced-complete,65,13,4,4,440,11,1,4,1,1,1,1,1,0,1,424,10920,10920,3.172700000009243e-05,0.0008196069999999445,0.0005231059999999399,0.0025197219999999465,2115
generated-1972,generated,environment,one-per-bucket,6,8,forced-incomplete,65,13,4,2,432,11,3,2,0,1,0,1,0,1,0,424,10920,2,3.630400000020906e-05,0.0005765260000001327,9.025500000015008e-05,0.001444825000000094,2045
generated-1973,generated,environment,class-exclusion,6,8,ambiguous,65,13,4,4,440,11,3,1,0,1,1,1,1,0,1,424,10920,7823,3.568300000011959e-05,0.001784470000000038,0.0004657910000001042,0.002700020000000025,2198
generated-1974,generated,environment,empty,8,8,forced-incomplete,47,7,4,1,332,16,1,0,0,0,0,0,0,1,0,328,174760,0,2.0971000000091777e-05,0.000443399000000122,5.545200000001138e-05,0.0008250149999999845,1619
generated-1975,generated,environment,class-complete,8,8,ambiguous,89,13,4,4,632,15,5,4,1,1,1,1,1,0,0,616,174760,4,6.60290000000785e-05,0.0008106539999999107,0.00018682800000013877,0.0018701469999999887,2982
generated-1976,generated,environment,seeded-omission,8,8,forced-incomplete,89,13,4,3,628,15,4,0,0,0,0,1,0,1,0,616,174761,3,4.3204000000018894e-05,0.0008354799999998885,0.0001063379999999281,0.0017033399999999421,2927
generated-1977,generated,environment,census,8,8,forced-complete,89,13,4,4,632,15,1,4,1,1,1,1,1,0,1,616,174760,174760,2.8872999999984827e-05,0.0008236839999999912,0.0008117549999999696,0.002211563999999999,2983
generated-1978,generated,environment,one-per-bucket,8,8,forced-incomplete,47,7,4,1,332,16,2,0,0,1,0,1,0,1,0,328,174760,1,2.7881000000062883e-05,0.0005228959999998839,6.245299999996234e-05,0.0009627189999998897,1667
generated-1979,generated,environment,class-exclusion,8,8,ambiguous,89,13,4,4,632,15,3,3,0,1,1,1,1,0,1,616,174760,121824,3.21779999998828e-05,0.0008379650000001071,0.00041717900000004526,0.0018637880000000884,3078
generated-1980,generated,environment,empty,12,8,forced-incomplete,137,13,4,2,1008,24,1,0,0,0,0,0,0,1,0,1000,44739240,0,3.0184999999960382e-05,0.0014922659999998533,4.9033000000031635e-05,0.0025265119999999808,4841
generated-1981,generated,environment,class-complete,12,8,ambiguous,137,13,4,4,1016,23,5,4,1,1,1,1,1,0,0,1000,44739240,4,0.00029026099999995836,0.0012944630000000235,0.00016311199999985426,0.002716864000000152,5032
generated-1982,generated,environment,seeded-omission,12,8,forced-incomplete,71,7,4,1,524,25,4,2,0,1,0,1,0,1,0,520,44739240,3,3.1155999999921136e-05,0.0006701650000000559,7.907799999995468e-05,0.0012500870000000663,2715
generated-1983,generated,environment,census,12,8,forced-complete,137,13,4,5,1020,23,1,4,1,1,1,1,1,0,1,1000,44739241,44739241,5.017400000006944e-05,0.0015767010000000692,0.0004993819999998816,0.003034446000000024,5107
generated-1984,generated,environment,one-per-bucket,12,8,forced-incomplete,137,13,4,2,1008,24,3,2,0,1,0,1,0,1,0,1000,44739240,2,3.790599999997646e-05,0.0012538719999999337,8.827100000008414e-05,0.002539481000000121,4909
generated-1985,generated,environment,class-exclusion,12,8,ambiguous,137,13,4,4,1016,23,3,1,0,1,1,1,1,0,1,1000,44739240,40886294,3.6474000000064066e-05,0.0012428859999999986,0.00043395400000001416,0.0026188390000001505,5216
generated-1986,generated,environment,empty,24,8,forced-incomplete,143,7,4,1,1100,49,1,0,0,0,0,0,0,1,0,1096,750599937895080,0,2.7380999999992994e-05,0.001431184999999946,3.971900000010464e-05,0.0024526919999998675,7185
generated-1987,generated,environment,class-complete,24,8,ambiguous,281,13,4,4,2168,48,5,4,1,1,1,1,1,0,0,2152,750599937895080,4,5.177699999991958e-05,0.0029047239999999697,0.00016313199999995476,0.005196876999999933,14096
generated-1988,generated,environment,seeded-omission,24,8,forced-incomplete,281,13,4,2,2160,48,4,0,0,1,0,1,0,1,0,2152,750599937895080,3,5.3298999999951135e-05,0.0027018220000001314,9.791500000000397e-05,0.0047983959999999826,13931
generated-1989,generated,environment,census,24,8,forced-complete,281,13,4,4,2168,48,1,4,1,1,1,1,1,0,1,2152,750599937895080,750599937895080,4.646899999993792e-05,0.002843021999999973,0.0007215119999999242,0.005541869999999838,14279
generated-1990,generated,environment,one-per-bucket,24,8,forced-incomplete,143,7,4,2,1104,49,2,1,0,1,0,1,0,1,1,1096,750599937895081,2,4.9924000000034496e-05,0.0018789200000000061,9.2648000000084e-05,0.0029922529999999448,7277
generated-1991,generated,environment,class-exclusion,24,8,ambiguous,281,13,4,4,2168,48,5,3,0,1,1,1,1,0,0,2152,750599937895080,379042160305912,4.376500000002892e-05,0.0027665380000001516,0.000450979000000018,0.00536318399999991,14442
generated-1992,generated,environment,empty,3,8,forced-incomplete,29,13,4,2,144,6,1,0,0,0,0,0,0,1,0,136,168,0,3.8806999999918546e-05,0.00032200799999992924,4.551800000007766e-05,0.0006157249999998449,957
generated-1993,generated,environment,class-complete,3,8,ambiguous,29,13,4,4,152,6,5,4,1,0,1,1,1,0,0,136,168,4,3.0584999999971885e-05,0.0002978330000000806,0.00012445500000013432,0.0006176179999999309,1102
generated-1994,generated,environment,seeded-omission,3,8,forced-incomplete,17,7,4,1,92,7,4,2,0,1,0,1,0,1,0,88,168,3,2.153199999987976e-05,0.00017374800000014012,7.268799999993192e-05,0.00037597800000011006,749
generated-1995,generated,environment,census,3,8,forced-complete,29,13,4,4,152,6,1,4,1,1,1,1,1,0,1,136,168,168,1.8067000000066002e-05,0.0002667059999998944,0.00036799699999989777,0.0008071990000000362,1041
generated-1996,generated,environment,one-per-bucket,3,8,forced-incomplete,29,13,4,2,144,6,3,2,0,1,0,1,0,1,0,136,168,2,2.395599999993614e-05,0.00048334799999993905,8.70890000002067e-05,0.0007523769999999708,1023
generated-1997,generated,environment,class-exclusion,3,8,ambiguous,29,13,4,5,156,6,4,1,0,1,1,1,1,0,1,136,169,96,2.814199999989775e-05,0.0002613479999999946,0.0003797240000000812,0.0008380649999999434,1145
generated-1998,generated,environment,empty,4,8,forced-incomplete,23,7,4,1,140,9,1,0,0,0,0,0,0,1,0,136,680,0,1.7225999999981312e-05,0.0002261959999998453,3.7244999999908046e-05,0.00046103500000005404,837
generated-1999,generated,environment,class-complete,4,8,ambiguous,41,13,4,4,248,7,5,4,1,1,1,1,1,0,0,232,680,4,3.126700000000149e-05,0.0003661440000000127,0.00015720300000010567,0.0007974139999999963,1414
generated-2000,generated,environment,seeded-omission,4,8,forced-incomplete,41,13,4,2,240,8,4,0,0,1,0,1,0,1,0,232,680,3,4.6489000000038416e-05,0.00042347799999997715,0.0001144299999999987,0.0008688000000000029,1343
generated-2001,generated,environment,census,4,8,forced-complete,41,13,4,4,248,7,1,4,1,1,1,1,1,0,1,232,680,680,2.6688999999913143e-05,0.0003733740000000374,0.00046302700000000474,0.0011099780000000115,1363
generated-2002,generated,environment,one-per-bucket,4,8,forced-incomplete,23,7,4,1,140,9,2,0,0,1,0,1,0,1,0,136,680,1,2.534800000009163e-05,0.00023891500000006172,5.936799999994857e-05,0.00048514999999993424,885
generated-2003,generated,environment,class-exclusion,4,8,ambiguous,41,13,4,4,248,7,3,3,0,1,1,1,1,0,1,232,680,602,2.88929999999743e-05,0.0003667250000000122,0.0004098590000000124,0.001075967000000011,1442
generated-2004,generated,environment,empty,6,8,forced-incomplete,65,13,4,3,436,11,1,0,0,0,0,0,0,1,0,424,10921,0,2.2163000000019473e-05,0.000599330000000009,5.218699999998133e-05,0.0011919299999999522,2005
generated-2005,generated,environment,class-complete,6,8,ambiguous,65,13,4,4,440,11,5,4,1,1,1,1,1,0,0,424,10920,4,3.467099999998613e-05,0.0006008519999999296,0.00015888600000002473,0.0011950240000000445,2138
generated-2006,generated,environment,seeded-omission,6,8,forced-incomplete,35,7,4,1,236,12,4,2,0,1,0,1,0,1,0,232,10920,3,2.6309000000002136e-05,0.00034359099999992093,7.719399999994714e-05,0.0007029040000000597,1267
generated-2007,generated,environment,census,6,8,forced-complete,65,13,4,4,440,11,1,4,1,1,1,1,1,0,1,424,10920,10920,2.369499999999025e-05,0.0005883129999999515,0.0004466340000000013,0.0014428029999999925,2115
generated-2008,generated,environment,one-per-bucket,6,8,forced-incomplete,65,13,4,2,432,11,3,2,0,1,0,1,0,1,0,424,10920,2,3.0035000000094847e-05,0.0005968269999999665,8.707900000004543e-05,0.0011137940000000013,2045
generated-2009,generated,environment,class-exclusion,6,8,ambiguous,65,13,4,4,440,11,3,1,0,1,1,1,1,0,1,424,10920,7823,3.6884000000014794e-05,0.0006251179999999801,0.0004068439999999063,0.0015063470000000745,2198
generated-2010,generated,environment,empty,8,8,forced-incomplete,47,7,4,1,332,16,1,0,0,0,0,0,0,1,0,328,174760,0,1.9128000000034895e-05,0.00045147000000000936,3.4821999999934405e-05,0.0008120260000000767,1619
generated-2011,generated,environment,class-complete,8,8,ambiguous,89,13,4,5,636,15,5,4,1,0,1,1,1,0,0,616,174761,4,3.8576999999984096e-05,0.0008371629999999186,0.00016044900000000695,0.0015895610000000726,3020
generated-2012,generated,environment,seeded-omission,8,8,forced-incomplete,89,13,4,2,624,15,4,0,0,1,0,1,0,1,0,616,174760,3,3.432100000000382e-05,0.0008231419999999989,9.708399999996953e-05,0.0015953489999999126,2889
generated-2013,generated,environment,census,8,8,forced-complete,89,13,4,4,632,15,1,4,1,1,1,1,1,0,1,616,174760,174760,2.635900000003133e-05,0.000794308999999993,0.0004441790000000445,0.0018210939999999676,2983
generated-2014,generated,environment,one-per-bucket,8,8,forced-incomplete,47,7,4,1,332,16,2,0,0,1,0,1,0,1,0,328,174760,1,2.381500000003811e-05,0.0004943840000000144,5.976899999993179e-05,0.0008827510000000149,1667
generated-2015,generated,environment,class-exclusion,8,8,ambiguous,89,13,4,4,632,15,3,3,0,1,1,1,1,0,1,616,174760,121824,3.1447000000017766e-05,0.0007950700000000088,0.0004194130000000351,0.0018023069999999475,3078
generated-2016,generated,environment,empty,12,8,forced-incomplete,137,13,4,2,1008,24,1,0,0,0,0,0,0,1,0,1000,44739240,0,2.214300000003e-05,0.0012806920000000277,4.6779000000052307e-05,0.002210301999999942,4841
generated-2017,generated,environment,class-complete,12,8,ambiguous,137,13,4,4,1016,23,5,4,1,1,1,1,1,0,0,1000,44739240,4,4.0840000000041954e-05,0.0013392689999999208,0.00020189000000003787,0.002673360000000069,5032
generated-2018,generated,environment,seeded-omission,12,8,forced-incomplete,71,7,4,2,528,25,3,2,0,1,0,1,0,1,1,520,44739241,3,3.3148999999954576e-05,0.0007112759999999829,9.288699999998595e-05,0.0012951829999999775,2749
generated-2019,generated,environment,census,12,8,forced-complete,137,13,4,4,1016,23,1,4,1,1,1,1,1,0,1,1000,44739240,44739240,2.5587999999965305e-05,0.0012390299999999188,0.0006470010000000359,0.002758797000000035,5079
generated-2020,generated,environment,one-per-bucket,12,8,forced-incomplete,137,13,4,2,1008,24,3,2,0,1,0,1,0,1,0,1000,44739240,2,3.6013000000001405e-05,0.001289294999999968,8.811100000005734e-05,0.002308468999999924,4909
generated-2021,generated,environment,class-exclusion,12,8,ambiguous,137,13,4,4,1016,23,3,1,0,1,1,1,1,0,1,1000,44739240,40886294,3.798599999993435e-05,0.0013401000000000662,0.00045512500000000067,0.0027936290000000197,5216
generated-2022,generated,environment,empty,24,8,forced-incomplete,143,7,4,1,1100,49,1,0,0,0,0,0,0,1,0,1096,750599937895080,0,3.219700000001158e-05,0.0017690969999999417,3.902799999999651e-05,0.002792356999999912,7185
generated-2023,generated,environment,class-complete,24,8,ambiguous,281,13,4,4,2168,48,5,4,1,1,1,1,1,0,0,2152,750599937895080,4,4.549799999997717e-05,0.002825735999999912,0.00016552599999997142,0.007074384999999905,14096
generated-2024,generated,environment,seeded-omission,24,8,forced-incomplete,281,13,4,2,2160,48,4,0,0,1,0,1,0,1,0,2152,750599937895080,3,4.8342000000034524e-05,0.0029737060000000204,0.00010483500000002532,0.0049365900000000185,13931
generated-2025,generated,environment,census,24,8,forced-complete,281,13,4,5,2172,48,1,4,1,1,1,1,1,0,1,2152,750599937895081,750599937895081,4.54869999999552e-05,0.002759086999999938,0.0005680529999999573,0.0052692049999999435,14307
generated-2026,generated,environment,one-per-bucket,24,8,forced-incomplete,143,7,4,1,1100,49,2,0,0,1,0,1,0,1,0,1096,750599937895080,1,3.890799999994865e-05,0.001569491000000034,6.422600000000056e-05,0.0026224839999999805,7233
generated-2027,generated,environment,class-exclusion,24,8,ambiguous,281,13,4,4,2168,48,5,3,0,1,1,1,1,0,0,2152,750599937895080,379042160305912,3.923800000005251e-05,0.0027679210000000065,0.0004348949999999352,0.005027115000000082,14442
generated-2028,generated,environment,empty,3,8,forced-incomplete,29,13,4,2,144,6,1,0,0,0,0,0,0,1,0,136,168,0,3.5262000000035876e-05,0.0002720239999999263,4.220300000001842e-05,0.0005127319999999047,957
generated-2029,generated,environment,class-complete,3,8,ambiguous,29,13,4,4,152,6,5,4,1,0,1,1,1,0,0,136,168,4,2.7971000000071022e-05,0.0002601859999999956,0.00012196099999994825,0.0005703169999999869,1102
generated-2030,generated,environment,seeded-omission,3,8,forced-incomplete,17,7,4,1,92,7,4,2,0,1,0,1,0,1,0,88,168,3,2.1200999999915204e-05,0.0002025909999999742,7.279800000004055e-05,0.00040809699999999616,749
generated-2031,generated,environment,census,3,8,forced-complete,29,13,4,4,152,6,1,4,1,1,1,1,1,0,1,136,168,168,1.9900000000072637e-05,0.00025012099999999204,0.0004012660000000112,0.0008333479999999005,1039
generated-2032,generated,environment,one-per-bucket,3,8,forced-incomplete,29,13,4,3,148,6,3,3,0,1,0,1,0,1,1,136,169,3,2.7429999999939447e-05,0.00025631000000003734,0.0001087920000000242,0.0005547129999999845,1069
generated-2033,generated,environment,class-exclusion,3,8,ambiguous,29,13,4,4,152,6,5,1,0,1,1,1,1,0,0,136,168,95,2.485699999998925e-05,0.00025241500000006134,0.0005067730000000159,0.0009442020000000051,1109
generated-2034,generated,environment,empty,4,8,forced-incomplete,23,7,4,1,140,9,1,0,0,0,0,0,0,1,0,136,680,0,1.7244999999999067e-05,0.0002337770000000461,3.533300000002626e-05,0.00043569700000001266,837
generated-2035,generated,environment,class-complete,4,8,ambiguous,41,13,4,4,248,7,5,4,1,1,1,1,1,0,0,232,680,4,3.085599999996802e-05,0.0004028690000000834,0.00015570099999995257,0.0008271079999999653,1416
generated-2036,generated,environment,seeded-omission,4,8,forced-incomplete,41,13,4,2,240,8,4,0,0,1,0,1,0,1,0,232,680,3,3.115600000003216e-05,0.00038826599999997047,9.169600000002998e-05,0.0008076189999999261,1343
generated-2037,generated,environment,census,4,8,forced-complete,41,13,4,4,248,7,1,4,1,1,1,1,1,0,1,232,680,680,2.4896999999968195e-05,0.0003824479999999797,0.000426493999999944,0.0012834760000000056,1365
generated-2038,generated,environment,one-per-bucket,4,8,forced-incomplete,23,7,4,1,140,9,2,0,0,1,0,1,0,1,0,136,680,1,3.678400000006743e-05,0.0002326150000000471,6.146099999992938e-05,0.00047874100000000475,885
generated-2039,generated,environment,class-exclusion,4,8,ambiguous,41,13,4,5,252,7,3,3,0,1,1,1,1,0,1,232,681,603,2.6949999999970053e-05,0.0003998339999999878,0.0004978289999999497,0.0011591119999999622,1478
generated-2040,generated,environment,empty,6,8,forced-incomplete,65,13,4,2,432,11,1,0,0,0,0,0,0,1,0,424,10920,0,1.9008000000098058e-05,0.0005660109999999774,4.445600000002603e-05,0.0010420570000000406,1977
generated-2041,generated,environment,class-complete,6,8,ambiguous,65,13,4,4,440,11,5,4,1,1,1,1,1,0,0,424,10920,4,3.4882000000013846e-05,0.0005774880000000149,0.00017080400000002438,0.0011909690000000417,2138
generated-2042,generated,environment,seeded-omission,6,8,forced-incomplete,35,7,4,1,236,12,4,2,0,1,0,1,0,1,0,232,10920,3,3.0144999999981437e-05,0.0003470759999999462,7.800599999996383e-05,0.0007865580000000483,1267
generated-2043,generated,environment,census,6,8,forced-complete,65,13,4,4,440,11,1,4,1,1,1,1,1,0,1,424,10920,10920,2.6740000000025077e-05,0.0005695660000000213,0.0004543350000000279,0.0014615709999999948,2115
generated-2044,generated,environment,one-per-bucket,6,8,forced-incomplete,65,13,4,2,432,11,3,2,0,1,0,1,0,1,0,424,10920,2,2.840199999998294e-05,0.0005919389999999858,8.66489999999942e-05,0.0010934540000000492,2045
generated-2045,generated,environment,class-exclusion,6,8,ambiguous,65,13,4,4,440,11,3,1,0,1,1,1,1,0,1,424,10920,7823,3.0465000000035047e-05,0.000564567999999932,0.0004103690000000215,0.0014149619999999086,2198
generated-2046,generated,environment,empty,8,8,forced-incomplete,47,7,4,2,336,16,1,0,0,0,0,0,0,1,0,328,174761,0,1.936899999999131e-05,0.00046365800000003343,4.260300000002992e-05,0.0008245439999999826,1647
generated-2047,generated,environment,class-complete,8,8,ambiguous,89,13,4,4,632,15,5,4,1,1,1,1,1,0,0,616,174760,4,3.692499999996546e-05,0.0008298120000000964,0.00015445899999999568,0.0016947160000000405,2982
generated-2048,generated,environment,seeded-omission,8,8,forced-incomplete,89,13,4,2,624,15,4,0,0,1,0,1,0,1,0,616,174760,3,3.513200000004879e-05,0.000814910000000002,9.560199999991692e-05,0.0015489899999999723,2889
generated-2049,generated,environment,census,8,8,forced-complete,89,13,4,4,632,15,1,4,1,1,1,1,1,0,1,616,174760,174760,2.6808999999961003e-05,0.000806548000000018,0.00042578199999998567,0.0018046099999999843,2983
generated-2050,generated,environment,one-per-bucket,8,8,forced-incomplete,47,7,4,1,332,16,2,0,0,1,0,1,0,1,0,328,174760,1,2.6859999999961914e-05,0.0004515310000000605,6.0599999999966236e-05,0.0008860350000000627,1667
generated-2051,generated,environment,class-exclusion,8,8,ambiguous,89,13,4,4,632,15,3,3,0,1,1,1,1,0,1,616,174760,121824,3.3530000000059346e-05,0.0009404360000000445,0.00040434100000008577,0.0019324399999999242,3078
generated-2052,generated,environment,empty,12,8,forced-incomplete,137,13,4,2,1008,24,1,0,0,0,0,0,0,1,0,1000,44739240,0,2.562799999994425e-05,0.0012506270000000042,4.630900000002214e-05,0.0025173980000000595,4841
generated-2053,generated,environment,class-complete,12,8,ambiguous,137,13,4,5,1020,23,5,4,1,0,1,1,1,0,0,1000,44739241,4,4.9372999999963696e-05,0.0012995189999999157,0.00015388800000004643,0.0026700250000000203,5070
generated-2054,generated,environment,seeded-omission,12,8,forced-incomplete,71,7,4,1,524,25,4,2,0,1,0,1,0,1,0,520,44739240,3,3.1736999999920634e-05,0.0007638140000000293,8.123100000001493e-05,0.0013328800000000918,2715
generated-2055,generated,environment,census,12,8,forced-complete,137,13,4,4,1016,23,1,4,1,1,1,1,1,0,1,1000,44739240,44739240,2.8902999999913526e-05,0.0013154039999999645,0.0004539940000000131,0.002725927999999933,5079
generated-2056,generated,environment,one-per-bucket,12,8,forced-incomplete,137,13,4,2,1008,24,3,2,0,1,0,1,0,1,0,1000,44739240,2,4.1461999999992116e-05,0.0017544649999999828,9.637299999998294e-05,0.0028676280000000665,4909
generated-2057,generated,environment,class-exclusion,12,8,ambiguous,137,13,4,4,1016,23,3,1,0,1,1,1,1,0,1,1000,44739240,40886294,3.812599999997168e-05,0.0012452290000000144,0.000510417999999957,0.002672758999999969,5216
generated-2058,generated,environment,empty,24,8,forced-incomplete,143,7,4,1,1100,49,1,0,0,0,0,0,0,1,0,1096,750599937895080,0,2.8882999999924053e-05,0.001426688999999981,3.855799999996634e-05,0.0024961270000000146,7185
generated-2059,generated,environment,class-complete,24,8,ambiguous,281,13,4,4,2168,48,5,4,1,1,1,1,1,0,0,2152,750599937895080,4,4.6999999999908226e-05,0.002853627999999997,0.00016036800000007734,0.004972803999999997,14096
generated-2060,generated,environment,seeded-omission,24,8,forced-incomplete,281,13,4,3,2164,48,4,0,0,0,0,1,0,1,0,2152,750599937895081,3,5.115600000005216e-05,0.002998602000000128,0.0001082409999999534,0.00509506599999987,13969
generated-2061,generated,environment,census,24,8,forced-complete,281,13,4,4,2168,48,1,4,1,1,1,1,1,0,1,2152,750599937895080,750599937895080,4.4586000000013115e-05,0.0028880190000000194,0.00048199599999998455,0.005465255999999918,14279
generated-2062,generated,environment,one-per-bucket,24,8,forced-incomplete,143,7,4,1,1100,49,2,0,0,1,0,1,0,1,0,1096,750599937895080,1,4.0089000000076425e-05,0.00172928799999994,0.00011667299999995606,0.0028292320000000704,7233
generated-2063,generated,environment,class-exclusion,24,8,ambiguous,281,13,4,4,2168,48,5,3,0,1,1,1,1,0,0,2152,750599937895080,379042160305912,4.222299999989687e-05,0.002878394999999978,0.0007155020000000345,0.005444804999999997,14442
generated-2064,generated,environment,empty,3,8,forced-incomplete,29,13,4,2,144,6,1,0,0,0,0,0,0,1,0,136,168,0,4.241300000007442e-05,0.0003956170000001258,4.470599999994995e-05,0.0009401759999998482,955
generated-2065,generated,environment,class-complete,3,8,ambiguous,29,13,4,4,152,6,5,4,1,0,1,1,1,0,0,136,168,4,3.2148000000065124e-05,0.0002649529999998457,0.0001629819999999782,0.0006889130000000687,1102
generated-2066,generated,environment,seeded-omission,3,8,forced-incomplete,17,7,4,1,92,7,4,2,0,1,0,1,0,1,0,88,168,3,2.219299999994817e-05,0.000175019000000054,7.247800000009796e-05,0.0003780119999998721,749
generated-2067,generated,environment,census,3,8,forced-complete,29,13,4,5,156,6,1,4,1,1,1,1,1,0,1,136,169,169,2.025999999988315e-05,0.0002693700000000465,0.0003930429999998708,0.0008453360000000298,1067
generated-2068,generated,environment,one-per-bucket,3,8,forced-incomplete,29,13,4,2,144,6,3,2,0,1,0,1,0,1,0,136,168,2,2.37050000000405e-05,0.00026602499999994755,8.03289999999901e-05,0.0005247189999999513,1023
generated-2069,generated,environment,class-exclusion,3,8,ambiguous,29,13,4,4,152,6,5,1,0,1,1,1,1,0,0,136,168,95,2.2633000000160663e-05,0.0002527450000000542,0.0002968009999999577,0.0007261079999998366,1109
generated-2070,generated,environment,empty,4,8,forced-incomplete,23,7,4,1,140,9,1,0,0,0,0,0,0,1,0,136,680,0,1.7726999999911897e-05,0.00023016200000003373,4.104100000001942e-05,0.0004884549999999432,837
generated-2071,generated,environment,class-complete,4,8,ambiguous,41,13,4,4,248,7,5,4,1,1,1,1,1,0,0,232,680,4,3.1317000000141704e-05,0.0003988729999999663,0.0003640899999999281,0.0010322030000000648,1416
generated-2072,generated,environment,seeded-omission,4,8,forced-incomplete,41,13,4,2,240,8,4,0,0,1,0,1,0,1,0,232,680,3,2.9955000000025933e-05,0.0003620479999999482,9.9638000000013e-05,0.000761881999999936,1343
generated-2073,generated,environment,census,4,8,forced-complete,41,13,4,4,248,7,1,4,1,1,1,1,1,0,1,232,680,680,5.049499999998375e-05,0.0006046580000000912,0.0006092239999999638,0.0015656649999999939,1363
generated-2074,generated,environment,one-per-bucket,4,8,forced-incomplete,23,7,4,2,144,9,2,1,0,1,0,1,0,1,1,136,681,2,2.6840000000083464e-05,0.00024380199999995966,8.223199999979336e-05,0.0005137829999999344,929
generated-2075,generated,environment,class-exclusion,4,8,ambiguous,41,13,4,4,248,7,3,3,0,1,1,1,1,0,1,232,680,602,2.719100000003749e-05,0.0003586829999999708,0.0004347460000000414,0.00109378399999982,1440
generated-2076,generated,environment,empty,6,8,forced-incomplete,65,13,4,2,432,11,1,0,0,0,0,0,0,1,0,424,10920,0,1.8136999999862624e-05,0.0005764059999999738,4.2903999999843734e-05,0.0010197240000000551,1977
generated-2077,generated,environment,class-complete,6,8,ambiguous,65,13,4,4,440,11,5,4,1,1,1,1,1,0,0,424,10920,4,3.364999999999618e-05,0.0006743719999999787,0.00015966699999991896,0.001256625999999983,2138
generated-2078,generated,environment,seeded-omission,6,8,forced-incomplete,35,7,4,1,236,12,4,2,0,1,0,1,0,1,0,232,10920,3,2.6770000000064798e-05,0.0003399049999999182,7.724499999994805e-05,0.0006736609999999921,1267
generated-2079,generated,environment,census,6,8,forced-complete,65,13,4,4,440,11,1,4,1,1,1,1,1,0,1,424,10920,10920,2.4407000000170598e-05,0.0005661009999999855,0.0004635880000001258,0.001493838000000025,2115
generated-2080,generated,environment,one-per-bucket,6,8,forced-incomplete,65,13,4,2,432,11,3,2,0,1,0,1,0,1,0,424,10920,2,5.671399999984672e-05,0.0006368759999999529,8.70699999999669e-05,0.001166642000000051,2045
generated-2081,generated,environment,class-exclusion,6,8,ambiguous,65,13,4,5,444,11,2,1,0,1,1,1,1,0,1,424,10921,7824,3.392099999999232e-05,0.000577057000000103,0.0005271620000000254,0.0015678480000000938,2234
generated-2082,generated,environment,empty,8,8,forced-incomplete,47,7,4,1,332,16,1,0,0,0,0,0,0,1,0,328,174760,0,1.9157999999963593e-05,0.0004714599999999791,3.489199999995307e-05,0.0008269979999999677,1619
generated-2083,generated,environment,class-complete,8,8,ambiguous,89,13,4,4,632,15,5,4,1,1,1,1,1,0,0,616,174760,4,3.8576999999984096e-05,0.0008197880000000435,0.0001566629999998348,0.0016460240000000237,2982
generated-2084,generated,environment,seeded-omission,8,8,forced-incomplete,89,13,4,2,624,15,4,0,0,1,0,1,0,1,0,616,174760,3,3.1657000000073765e-05,0.0007901439999999926,9.242700000000603e-05,0.001459636999999958,2889
generated-2085,generated,environment,census,8,8,forced-complete,89,13,4,4,632,15,1,4,1,1,1,1,1,0,1,616,174760,174760,2.6458999999867672e-05,0.0008752389999999721,0.00041865200000001934,0.0018520200000000653,2983
generated-2086,generated,environment,one-per-bucket,8,8,forced-incomplete,47,7,4,1,332,16,2,0,0,1,0,1,0,1,0,328,174760,1,2.514700000011416e-05,0.00044998799999995676,5.819599999989933e-05,0.0008405980000001367,1667
generated-2087,generated,environment,class-exclusion,8,8,ambiguous,89,13,4,4,632,15,3,3,0,1,1,1,1,0,1,616,174760,121824,2.8732999999947495e-05,0.0010268550000001042,0.0004368280000000002,0.0020324279999999195,3078
generated-2088,generated,environment,empty,12,8,forced-incomplete,137,13,4,3,1012,24,1,0,0,0,0,0,0,1,0,1000,44739241,0,2.7781000000004497e-05,0.0015110229999999447,5.45309999999688e-05,0.0025395310000000393,4869
generated-2089,generated,environment,class-complete,12,8,ambiguous,137,13,4,4,1016,23,5,4,1,1,1,1,1,0,0,1000,44739240,4,4.0691000000148136e-05,0.001278308999999922,0.00015627200000012387,0.002630316000000077,5032
generated-2090,generated,environment,seeded-omission,12,8,forced-incomplete,71,7,4,1,524,25,4,2,0,1,0,1,0,1,0,520,44739240,3,3.628400000010856e-05,0.0006752130000000633,0.00010622799999993049,0.001522891999999887,2715
generated-2091,generated,environment,census,12,8,forced-complete,137,13,4,4,1016,23,1,4,1,1,1,1,1,0,1,1000,44739240,44739240,2.7350999999953274e-05,0.0013346620000000975,0.0004302290000000042,0.0026520180000000337,5079
generated-2092,generated,environment,one-per-bucket,12,8,forced-incomplete,137,13,4,2,1008,24,3,2,0,1,0,1,0,1,0,1000,44739240,2,3.616299999986694e-05,0.001245770000000146,8.759000000013728e-05,0.002239835999999995,4909
generated-2093,generated,environment,class-exclusion,12,8,ambiguous,137,13,4,4,1016,23,3,1,0,1,1,1,1,0,1,1000,44739240,40886294,3.672500000018175e-05,0.0012712680000002141,0.0004548260000001303,0.002687520999999915,5216
generated-2094,generated,environment,empty,24,8,forced-incomplete,143,7,4,1,1100,49,1,0,0,0,0,0,0,1,0,1096,750599937895080,0,2.5227000000072053e-05,0.0014313959999998627,3.700500000003437e-05,0.002416018000000131,7185
generated-2095,generated,environment,class-complete,24,8,ambiguous,281,13,4,5,2172,48,4,4,1,0,1,1,1,0,1,2152,750599937895081,4,4.4054999999820765e-05,0.002763353999999829,0.00026403200000002514,0.00493703099999987,14132
generated-2096,generated,environment,seeded-omission,24,8,forced-incomplete,281,13,4,2,2160,48,4,0,0,1,0,1,0,1,0,2152,750599937895080,3,4.800199999999144e-05,0.002727600000000052,0.00011247700000005523,0.004794469999999995,13931
generated-2097,generated,environment,census,24,8,forced-complete,281,13,4,4,2168,48,1,4,1,1,1,1,1,0,1,2152,750599937895080,750599937895080,5.019499999980859e-05,0.0028660959999999847,0.0004738129999999341,0.005812380999999922,14279
generated-2098,generated,environment,one-per-bucket,24,8,forced-incomplete,143,7,4,1,1100,49,2,0,0,1,0,1,0,1,0,1096,750599937895080,1,4.837199999996322e-05,0.003525154000000086,6.605800000003548e-05,0.004672689000000174,7233
generated-2099,generated,environment,class-exclusion,24,8,ambiguous,281,13,4,4,2168,48,5,3,0,1,1,1,1,0,0,2152,750599937895080,379042160305912,4.6700000000177155e-05,0.0030180720000001493,0.000497028000000066,0.0066693239999999765,14442
generated-2100,generated,environment,empty,3,8,forced-incomplete,29,13,4,2,144,6,1,0,0,0,0,0,0,1,0,136,168,0,4.161200000019072e-05,0.00035048000000004187,4.390500000006625e-05,0.0006085739999999173,955
generated-2101,generated,environment,class-complete,3,8,ambiguous,29,13,4,4,152,6,5,4,1,0,1,1,1,0,0,136,168,4,3.080600000004985e-05,0.00026070700000002667,0.00013747399999997079,0.0005936709999998513,1102
generated-2102,generated,environment,seeded-omission,3,8,forced-incomplete,17,7,4,2,96,7,3,2,0,1,0,1,0,1,1,88,169,3,2.436600000010891e-05,0.00018001699999992127,8.84210000000607e-05,0.00042125500000000926,783
generated-2103,generated,environment,census,3,8,forced-complete,29,13,4,4,152,6,1,4,1,1,1,1,1,0,1,136,168,168,1.8107000000044948e-05,0.00024273099999994052,0.0003810660000000965,0.0007952909999999758,1041
generated-2104,generated,environment,one-per-bucket,3,8,forced-incomplete,29,13,4,2,144,6,3,2,0,1,0,1,0,1,0,136,168,2,2.459600000004336e-05,0.00024768700000010746,8.025900000019348e-05,0.0005068130000001059,1023
generated-2105,generated,environment,class-exclusion,3,8,ambiguous,29,13,4,4,152,6,5,1,0,1,1,1,1,0,0,136,168,95,2.549800000006819e-05,0.00025719099999998996,0.00030107700000003845,0.0007642850000000312,1109
generated-2106,generated,environment,empty,4,8,forced-incomplete,23,7,4,1,140,9,1,0,0,0,0,0,0,1,0,136,680,0,1.9889000000050672e-05,0.000231673999999904,3.793600000001618e-05,0.0007237040000001027,837
generated-2107,generated,environment,class-complete,4,8,ambiguous,41,13,4,4,248,7,5,4,1,1,1,1,1,0,0,232,680,4,3.10359999999843e-05,0.00040114599999996337,0.00015843500000012334,0.000827528999999938,1414
generated-2108,generated,environment,seeded-omission,4,8,forced-incomplete,41,13,4,2,240,8,4,0,0,1,0,1,0,1,0,232,680,3,2.98739999999853e-05,0.00036611399999997296,9.406899999997442e-05,0.0007178260000000325,1345
generated-2109,generated,environment,census,4,8,forced-complete,41,13,4,5,252,7,1,4,1,1,1,1,1,0,1,232,681,681,2.2713000000118555e-05,0.00043313300000002997,0.000518360000000051,0.0012081139999999824,1393
generated-2110,generated,environment,one-per-bucket,4,8,forced-incomplete,23,7,4,1,140,9,2,0,0,1,0,1,0,1,0,136,680,1,2.5458000000089243e-05,0.000271533000000046,6.361499999996134e-05,0.0005208439999999648,885
generated-2111,generated,environment,class-exclusion,4,8,ambiguous,41,13,4,4,248,7,3,3,0,1,1,1,1,0,1,232,680,602,2.6029000000038494e-05,0.00035750100000009333,0.00042979899999995297,0.0010416770000001296,1442
generated-2112,generated,environment,empty,6,8,forced-incomplete,65,13,4,2,432,11,1,0,0,0,0,0,0,1,0,424,10920,0,1.8547999999896092e-05,0.0005714590000001074,4.431500000001698e-05,0.0010176409999997915,1977
generated-2113,generated,environment,class-complete,6,8,ambiguous,65,13,4,4,440,11,5,4,1,1,1,1,1,0,0,424,10920,4,7.077499999996739e-05,0.0008596170000001457,0.00019375799999998833,0.0015078589999999448,2138
generated-2114,generated,environment,seeded-omission,6,8,forced-incomplete,35,7,4,1,236,12,4,2,0,1,0,1,0,1,0,232,10920,3,2.8261999999834586e-05,0.0003391839999999924,7.83070000001107e-05,0.0007013519999998774,1267
generated-2115,generated,environment,census,6,8,forced-complete,65,13,4,4,440,11,1,4,1,1,1,1,1,0,1,424,10920,10920,2.3184999999870115e-05,0.0005566770000000609,0.00048523000000000316,0.0014625820000000456,2115
generated-2116,generated,environment,one-per-bucket,6,8,forced-incomplete,65,13,4,3,436,11,3,3,0,1,0,1,0,1,1,424,10921,3,3.614299999998849e-05,0.0006153039999998722,0.0001195169999999024,0.0012518290000000931,2089
generated-2117,generated,environment,class-exclusion,6,8,ambiguous,65,13,4,4,440,11,3,1,0,1,1,1,1,0,1,424,10920,7823,3.0796000000110624e-05,0.0005745830000001284,0.00042757500000001336,0.0014380349999998376,2198
generated-2118,generated,environment,empty,8,8,forced-incomplete,47,7,4,1,332,16,1,0,0,0,0,0,0,1,0,328,174760,0,2.2071999999928593e-05,0.0004933329999998737,3.714499999984966e-05,0.001119142000000073,1619
generated-2119,generated,environment,class-complete,8,8,ambiguous,89,13,4,4,632,15,5,4,1,1,1,1,1,0,0,616,174760,4,3.4751000000055043e-05,0.0007895720000001827,0.00017365800000002096,0.0015676079999999981,2982
generated-2120,generated,environment,seeded-omission,8,8,forced-incomplete,89,13,4,2,624,15,4,0,0,1,0,1,0,1,0,616,174760,3,3.275899999999332e-05,0.0008885589999998444,9.774499999992692e-05,0.001557223000000052,2889
generated-2121,generated,environment,census,8,8,forced-complete,89,13,4,4,632,15,1,4,1,1,1,1,1,0,1,616,174760,174760,2.641900000011077e-05,0.0008101930000001811,0.0006982369999999349,0.0020718559999999275,2983
generated-2122,generated,environment,one-per-bucket,8,8,forced-incomplete,47,7,4,1,332,16,2,0,0,1,0,1,0,1,0,328,174760,1,2.5077000000095495e-05,0.0005551139999999677,7.165600000003103e-05,0.0009622590000000208,1667
generated-2123,generated,environment,class-exclusion,8,8,ambiguous,89,13,4,5,636,15,3,3,0,1,1,1,1,0,1,616,174761,121825,3.5062000000030125e-05,0.0007926769999999639,0.00045439400000013563,0.001847893999999961,3116
generated-2124,generated,environment,empty,12,8,forced-incomplete,137,13,4,2,1008,24,1,0,0,0,0,0,0,1,0,1000,44739240,0,0.00011644300000002161,0.0012490849999999831,4.3684999999848984e-05,0.002281288000000048,4841
generated-2125,generated,environment,class-complete,12,8,ambiguous,137,13,4,4,1016,23,5,4,1,1,1,1,1,0,0,1000,44739240,4,4.1230999999974927e-05,0.001283966999999997,0.00016958199999983492,0.0025972669999998477,5032
generated-2126,generated,environment,seeded-omission,12,8,forced-incomplete,71,7,4,1,524,25,4,2,0,1,0,1,0,1,0,520,44739240,3,3.200800000002779e-05,0.0007827230000001517,7.902699999995377e-05,0.0013439250000000236,2715
generated-2127,generated,environment,census,12,8,forced-complete,137,13,4,4,1016,23,1,4,1,1,1,1,1,0,1,1000,44739240,44739240,2.5417000000027556e-05,0.001248353999999896,0.00042291799999993884,0.0025285550000000434,5079
generated-2128,generated,environment,one-per-bucket,12,8,forced-incomplete,137,13,4,2,1008,24,3,2,0,1,0,1,0,1,0,1000,44739240,2,3.5632999999979376e-05,0.0012788390000000316,8.693900000000809e-05,0.002274938000000004,4909
generated-2129,generated,environment,class-exclusion,12,8,ambiguous,137,13,4,4,1016,23,3,1,0,1,1,1,1,0,1,1000,44739240,40886294,3.9738999999983093e-05,0.001600465999999967,0.0004472039999998678,0.002932364999999937,5216
generated-2130,generated,environment,empty,24,8,forced-incomplete,143,7,4,2,1104,49,1,0,0,0,0,0,0,1,0,1096,750599937895081,0,0.0002962589999999654,0.0015952690000000658,4.700000000013027e-05,0.0030187630000000354,7213
generated-2131,generated,environment,class-complete,24,8,ambiguous,281,13,4,4,2168,48,5,4,1,1,1,1,1,0,0,2152,750599937895080,4,4.656899999999631e-05,0.0028597859999999198,0.0001665269999999719,0.0049035109999999715,14096
generated-2132,generated,environment,seeded-omission,24,8,forced-incomplete,281,13,4,2,2160,48,4,0,0,1,0,1,0,1,0,2152,750599937895080,3,6.683900000004073e-05,0.002782682000000092,9.967799999999194e-05,0.0051391419999999854,13931
generated-2133,generated,environment,census,24,8,forced-complete,281,13,4,4,2168,48,1,4,1,1,1,1,1,0,1,2152,750599937895080,750599937895080,4.286400000008683e-05,0.0034626319999999655,0.0005608420000000613,0.005921344000000106,14279
generated-2134,generated,environment,one-per-bucket,24,8,forced-incomplete,143,7,4,1,1100,49,2,0,0,1,0,1,0,1,0,1096,750599937895080,1,4.791100000001158e-05,0.0014732580000000883,6.350399999988099e-05,0.002608383000000103,7233
generated-2135,generated,environment,class-exclusion,24,8,ambiguous,281,13,4,4,2168,48,5,3,0,1,1,1,1,0,0,2152,750599937895080,379042160305912,4.307399999992079e-05,0.002998322999999914,0.0004959460000000249,0.005338347000000132,14442
generated-2136,generated,environment,empty,3,8,forced-incomplete,29,13,4,2,144,6,1,0,0,0,0,0,0,1,0,136,168,0,3.842700000000754e-05,0.0002976930000000433,4.514700000002314e-05,0.0005482340000000363,957
generated-2137,generated,environment,class-complete,3,8,ambiguous,29,13,4,5,156,6,5,4,1,0,1,1,1,0,0,136,169,4,3.278900000003304e-05,0.0002642020000001022,0.00015088399999996227,0.0006533699999999865,1140
generated-2138,generated,environment,seeded-omission,3,8,forced-incomplete,17,7,4,1,92,7,4,2,0,1,0,1,0,1,0,88,168,3,2.3354999999947168e-05,0.0001771830000001362,7.506099999998739e-05,0.00038825700000000296,749
generated-2139,generated,environment,census,3,8,forced-complete,29,13,4,4,152,6,1,4,1,1,1,1,1,0,1,136,168,168,1.876800000011336e-05,0.00036232800000002285,0.00037165199999988907,0.0009076180000000544,1041
generated-2140,generated,environment,one-per-bucket,3,8,forced-incomplete,29,13,4,2,144,6,3,2,0,1,0,1,0,1,0,136,168,2,2.631899999983034e-05,0.0002933950000001406,8.404499999992154e-05,0.0005640369999999617,1023
generated-2141,generated,environment,class-exclusion,3,8,ambiguous,29,13,4,4,152,6,5,1,0,1,1,1,1,0,0,136,168,95,2.815200000005902e-05,0.0002782630000000008,0.00032832700000007264,0.0008062970000000114,1109
generated-2142,generated,environment,empty,4,8,forced-incomplete,23,7,4,1,140,9,1,0,0,0,0,0,0,1,0,136,680,0,1.5914000000005757e-05,0.00022499399999986736,3.60040000000339e-05,0.00042231699999994987,837
generated-2143,generated,environment,class-complete,4,8,ambiguous,41,13,4,4,248,7,5,4,1,1,1,1,1,0,0,232,680,4,3.304900000000721e-05,0.00035957300000011294,0.0001573640000001042,0.000859406000000007,1416
generated-2144,generated,environment,seeded-omission,4,8,forced-incomplete,41,13,4,3,244,8,4,0,0,0,0,1,0,1,0,232,681,3,3.361000000001724e-05,0.0003612360000000425,0.00010103000000016849,0.0007564430000002176,1381
generated-2145,generated,environment,census,4,8,forced-complete,41,13,4,4,248,7,1,4,1,1,1,1,1,0,1,232,680,680,2.1631999999938145e-05,0.00038527199999993655,0.0004325620000000807,0.001071040000000023,1363
generated-2146,generated,environment,one-per-bucket,4,8,forced-incomplete,23,7,4,1,140,9,2,0,0,1,0,1,0,1,0,136,680,1,3.651400000004301e-05,0.00022874000000006056,5.785599999996727e-05,0.0004707290000001141,885
generated-2147,generated,environment,class-exclusion,4,8,ambiguous,41,13,4,4,248,7,3,3,0,1,1,1,1,0,1,232,680,602,2.4967000000097883e-05,0.00035428600000009247,0.000419743000000139,0.001029469000000116,1440
generated-2148,generated,environment,empty,6,8,forced-incomplete,65,13,4,2,432,11,1,0,0,0,0,0,0,1,0,424,10920,0,1.767600000013303e-05,0.0005730109999999566,4.22319999999754e-05,0.0010096189999999616,1977
generated-2149,generated,environment,class-complete,6,8,ambiguous,65,13,4,4,440,11,5,4,1,1,1,1,1,0,0,424,10920,4,3.465099999999666e-05,0.0005703270000001481,0.00015862500000007884,0.0011812640000001817,2138
generated-2150,generated,environment,seeded-omission,6,8,forced-incomplete,35,7,4,1,236,12,4,2,0,1,0,1,0,1,0,232,10920,3,2.594799999999786e-05,0.0003443809999998937,9.290800000005817e-05,0.0006903349999998198,1267
generated-2151,generated,environment,census,6,8,forced-complete,65,13,4,5,444,11,1,4,1,1,1,1,1,0,1,424,10921,10921,2.4165999999992138e-05,0.0005889640000000806,0.00048368899999995385,0.0014825819999999545,2143
generated-2152,generated,environment,one-per-bucket,6,8,forced-incomplete,65,13,4,2,432,11,3,2,0,1,0,1,0,1,0,424,10920,2,3.0264999999918274e-05,0.0005807920000000522,8.838099999985971e-05,0.0011267630000000306,2045
generated-2153,generated,environment,class-exclusion,6,8,ambiguous,65,13,4,4,440,11,3,1,0,1,1,1,1,0,1,424,10920,7823,3.028500000001877e-05,0.0005832169999999692,0.00040419099999988717,0.0013986969999999488,2198
generated-2154,generated,environment,empty,8,8,forced-incomplete,47,7,4,1,332,16,1,0,0,0,0,0,0,1,0,328,174760,0,1.7286000000060753e-05,0.0004715500000000983,3.49019999998923e-05,0.0008222810000000358,1619
generated-2155,generated,environment,class-complete,8,8,ambiguous,89,13,4,4,632,15,5,4,1,1,1,1,1,0,0,616,174760,4,3.3850000000112956e-05,0.0008100120000000821,0.00017339699999996405,0.001592955000000007,2982
generated-2156,generated,environment,seeded-omission,8,8,forced-incomplete,89,13,4,2,624,15,4,0,0,1,0,1,0,1,0,616,174760,3,3.200699999994505e-05,0.0008016399999999368,9.46109999999667e-05,0.0014632530000000532,2889
generated-2157,generated,environment,census,8,8,forced-complete,89,13,4,4,632,15,1,4,1,1,1,1,1,0,1,616,174760,174760,2.616899999985378e-05,0.0008139789999999092,0.00042704400000004306,0.0018196930000000666,2983
generated-2158,generated,environment,one-per-bucket,8,8,forced-incomplete,47,7,4,2,336,16,2,1,0,1,0,1,0,1,1,328,174761,2,2.7720999999925056e-05,0.0004589619999999517,8.824099999982238e-05,0.000901169000000035,1711
generated-2159,generated,environment,class-exclusion,8,8,ambiguous,89,13,4,4,632,15,3,3,0,1,1,1,1,0,1,616,174760,121824,2.788099999984084e-05,0.0008061870000000138,0.00040301899999994895,0.0017936439999999276,3078
generated-2160,generated,environment,empty,12,8,forced-incomplete,137,13,4,2,1008,24,1,0,0,0,0,0,0,1,0,1000,44739240,0,2.2042999999971613e-05,0.001280020999999909,4.340399999991362e-05,0.002214979000000117,4841
generated-2161,generated,environment,class-complete,12,8,ambiguous,137,13,4,4,1016,23,5,4,1,1,1,1,1,0,0,1000,44739240,4,3.962899999998548e-05,0.0012922689999999015,0.00016132000000013136,0.0025533319999999637,5032
generated-2162,generated,environment,seeded-omission,12,8,forced-incomplete,71,7,4,1,524,25,4,2,0,1,0,1,0,1,0,520,44739240,3,3.1116000000164235e-05,0.0006752620000001208,7.840699999994705e-05,0.001271698999999904,2715
generated-2163,generated,environment,census,12,8,forced-complete,137,13,4,4,1016,23,1,4,1,1,1,1,1,0,1,1000,44739240,44739240,2.4907000000018442e-05,0.0013078819999998714,0.0004322219999999266,0.002602916000000066,5079
generated-2164,generated,environment,one-per-bucket,12,8,forced-incomplete,137,13,4,2,1008,24,3,2,0,1,0,1,0,1,0,1000,44739240,2,3.422000000008474e-05,0.0013043569999999782,8.735999999998079e-05,0.0023065859999999994,4909
generated-2165,generated,environment,class-exclusion,12,8,ambiguous,137,13,4,5,1020,23,2,1,0,1,1,1,1,0,1,1000,44739241,40886295,3.8726999999960654e-05,0.0012679829999999725,0.00048725400000004804,0.0026670810000000156,5252
generated-2166,generated,environment,empty,24,8,forced-incomplete,143,7,4,1,1100,49,1,0,0,0,0,0,0,1,0,1096,750599937895080,0,2.5667999999923197e-05,0.001444715999999957,3.6984999999933876e-05,0.002473442999999964,7185
generated-2167,generated,environment,class-complete,24,8,ambiguous,281,13,4,4,2168,48,5,4,1,1,1,1,1,0,0,2152,750599937895080,4,4.6058999999987194e-05,0.0028656549999999115,0.0001697819999999517,0.004947507000000018,14096
generated-2168,generated,environment,seeded-omission,24,8,forced-incomplete,281,13,4,2,2160,48,4,0,0,1,0,1,0,1,0,2152,750599937895080,3,4.843200000004266e-05,0.002735621999999882,9.943700000003552e-05,0.0048322860000000745,13931
generated-2169,generated,environment,census,24,8,forced-complete,281,13,4,4,2168,48,1,4,1,1,1,1,1,0,1,2152,750599937895080,750599937895080,4.063999999992518e-05,0.002780859999999885,0.0004684260000000773,0.005085481999999919,14279
generated-2170,generated,environment,one-per-bucket,24,8,forced-incomplete,143,7,4,1,1100,49,2,0,0,1,0,1,0,1,0,1096,750599937895080,1,4.102100000014097e-05,0.0014716749999998946,6.084000000017298e-05,0.0025267920000000554,7233
generated-2171,generated,environment,class-exclusion,24,8,ambiguous,281,13,4,4,2168,48,5,3,0,1,1,1,1,0,0,2152,750599937895080,379042160305912,3.918800000013434e-05,0.0027841349999999654,0.0004374899999999293,0.0050734839999999615,14442
generated-2172,generated,environment,empty,3,8,forced-incomplete,29,13,4,3,148,6,1,0,0,0,0,0,0,1,0,136,169,0,3.922799999989124e-05,0.00025710199999995353,4.9063000000071355e-05,0.0005095969999999728,983
generated-2173,generated,environment,class-complete,3,8,ambiguous,29,13,4,4,152,6,5,4,1,0,1,1,1,0,0,136,168,4,2.895299999994272e-05,0.00025859399999994537,0.00012289200000004108,0.0005918389999999274,1102
generated-2174,generated,environment,seeded-omission,3,8,forced-incomplete,17,7,4,1,92,7,4,2,0,1,0,1,0,1,0,88,168,3,2.0279999999983644e-05,0.00017256600000004063,7.226699999995922e-05,0.0003729740000000259,749
generated-2175,generated,environment,census,3,8,forced-complete,29,13,4,4,152,6,1,4,1,1,1,1,1,0,1,136,168,168,1.8077000000005228e-05,0.00024595600000010265,0.0003647819999998969,0.0007847249999999306,1041
generated-2176,generated,environment,one-per-bucket,3,8,forced-incomplete,29,13,4,2,144,6,3,2,0,1,0,1,0,1,0,136,168,2,2.3424999999965834e-05,0.0002492899999999576,8.042999999990919e-05,0.0005266120000000374,1023
generated-2177,generated,environment,class-exclusion,3,8,ambiguous,29,13,4,4,152,6,5,1,0,1,1,1,1,0,0,136,168,95,2.3405000000087384e-05,0.0002502120000000829,0.00032777600000000184,0.0007593280000000036,1109
generated-2178,generated,environment,empty,4,8,forced-incomplete,23,7,4,1,140,9,1,0,0,0,0,0,0,1,0,136,680,0,1.5542999999951235e-05,0.00022312100000010382,3.513200000004879e-05,0.0004192320000000471,837
generated-2179,generated,environment,class-complete,4,8,ambiguous,41,13,4,5,252,7,5,4,1,0,1,1,1,0,0,232,681,4,3.305899999994644e-05,0.0003669649999999969,0.00016592599999998292,0.0008232930000000582,1454
generated-2180,generated,environment,seeded-omission,4,8,forced-incomplete,41,13,4,2,240,8,4,0,0,1,0,1,0,1,0,232,680,3,2.8492999999851776e-05,0.0003535649999999446,9.366899999996292e-05,0.0007218420000001391,1343
generated-2181,generated,environment,census,4,8,forced-complete,41,13,4,4,248,7,1,4,1,1,1,1,1,0,1,232,680,680,2.0420000000020977e-05,0.00037217299999992015,0.0004429780000001493,0.0010656529999999442,1363
generated-2182,generated,environment,one-per-bucket,4,8,forced-incomplete,23,7,4,1,140,9,2,0,0,1,0,1,0,1,0,136,680,1,2.0710999999895563e-05,0.0002568510000000579,5.7516000000035206e-05,0.00048543099999998063,885
generated-2183,generated,environment,class-exclusion,4,8,ambiguous,41,13,4,4,248,7,3,3,0,1,1,1,1,0,1,232,680,602,2.4105999999912697e-05,0.00035319400000011214,0.00043730900000005235,0.0010468249999999735,1440
generated-2184,generated,environment,empty,6,8,forced-incomplete,65,13,4,2,432,11,1,0,0,0,0,0,0,1,0,424,10920,0,1.688499999996651e-05,0.000570657000000141,4.209200000016011e-05,0.00101019999999985,1977
generated-2185,generated,environment,class-complete,6,8,ambiguous,65,13,4,4,440,11,5,4,1,1,1,1,1,0,0,424,10920,4,4.7409999999858954e-05,0.000575674000000026,0.00015685300000001234,0.001167714000000153,2138
generated-2186,generated,environment,seeded-omission,6,8,forced-incomplete,35,7,4,2,240,12,3,2,0,1,0,1,0,1,1,232,10921,3,2.978499999994888e-05,0.00036717599999991357,9.394999999989828e-05,0.0007246869999999461,1301
generated-2187,generated,environment,census,6,8,forced-complete,65,13,4,4,440,11,1,4,1,1,1,1,1,0,1,424,10920,10920,2.1221999999987418e-05,0.0005876930000001668,0.0004348059999998988,0.0014300940000000484,2115
generated-2188,generated,environment,one-per-bucket,6,8,forced-incomplete,65,13,4,2,432,11,3,2,0,1,0,1,0,1,0,424,10920,2,2.847200000011263e-05,0.000585338999999907,8.682900000001048e-05,0.001106443000000068,2045
generated-2189,generated,environment,class-exclusion,6,8,ambiguous,65,13,4,4,440,11,3,1,0,1,1,1,1,0,1,424,10920,7823,3.0565000000093434e-05,0.0005964660000001842,0.0004002839999999175,0.0014137389999999694,2198
generated-2190,generated,environment,empty,8,8,forced-incomplete,47,7,4,1,332,16,1,0,0,0,0,0,0,1,0,328,174760,0,3.341999999983969e-05,0.0004450209999999899,3.499200000001146e-05,0.0008099729999999639,1619
generated-2191,generated,environment,class-complete,8,8,ambiguous,89,13,4,4,632,15,5,4,1,1,1,1,1,0,0,616,174760,4,3.3270000000085176e-05,0.0008259670000001496,0.00015484999999992866,0.0015793250000000203,2982
generated-2192,generated,environment,seeded-omission,8,8,forced-incomplete,89,13,4,2,624,15,4,0,0,1,0,1,0,1,0,616,174760,3,3.055500000015421e-05,0.0007932280000000347,9.307800000013522e-05,0.0014452460000000666,2889
generated-2193,generated,environment,census,8,8,forced-complete,89,13,4,5,636,15,1,4,1,1,1,1,1,0,1,616,174761,174761,2.7260999999834112e-05,0.0007991359999999226,0.0004612749999999277,0.0018397020000000541,3011
generated-2194,generated,environment,one-per-bucket,8,8,forced-incomplete,47,7,4,1,332,16,2,0,0,1,0,1,0,1,0,328,174760,1,2.4596999999904057e-05,0.0004552159999999805,5.9908999999969126e-05,0.0008699119999999727,1667
generated-2195,generated,environment,class-exclusion,8,8,ambiguous,89,13,4,4,632,15,3,3,0,1,1,1,1,0,1,616,174760,121824,2.8672000000007358e-05,0.0008086099999999874,0.0004026979999998126,0.001802627000000001,3078
generated-2196,generated,environment,empty,12,8,forced-incomplete,137,13,4,2,1008,24,1,0,0,0,0,0,0,1,0,1000,44739240,0,2.141199999994292e-05,0.0012936509999998957,4.4375999999957116e-05,0.002211815000000117,4841
generated-2197,generated,environment,class-complete,12,8,ambiguous,137,13,4,4,1016,23,5,4,1,1,1,1,1,0,0,1000,44739240,4,3.933899999997159e-05,0.0012908669999998068,0.00015957700000002184,0.002551397999999816,5032
generated-2198,generated,environment,seeded-omission,12,8,forced-incomplete,71,7,4,1,524,25,4,2,0,1,0,1,0,1,0,520,44739240,3,3.580300000005643e-05,0.0007655170000000489,8.260200000020923e-05,0.0013813220000000737,2715
generated-2199,generated,environment,census,12,8,forced-complete,137,13,4,4,1016,23,1,4,1,1,1,1,1,0,1,1000,44739240,44739240,2.6027999999955753e-05,0.001263575999999933,0.00042392000000002206,0.0025788899999998893,5079
generated-2200,generated,environment,one-per-bucket,12,8,forced-incomplete,137,13,4,3,1012,24,3,3,0,1,0,1,0,1,1,1000,44739241,3,5.04550000000048e-05,0.0015128469999999838,0.0001353610000000005,0.002681982999999999,4953
generated-2201,generated,environment,class-exclusion,12,8,ambiguous,137,13,4,4,1016,23,3,1,0,1,1,1,1,0,1,1000,44739240,40886294,4.2973000000001704e-05,0.001345578000000014,0.0004574000000000522,0.0027357230000000232,5216
generated-2202,generated,environment,empty,24,8,forced-incomplete,143,7,4,1,1100,49,1,0,0,0,0,0,0,1,0,1096,750599937895080,0,3.1857000000079516e-05,0.0015293510000000676,4.134100000008356e-05,0.0025908969999999254,7185
generated-2203,generated,environment,class-complete,24,8,ambiguous,281,13,4,4,2168,48,5,4,1,1,1,1,1,0,0,2152,750599937895080,4,4.3604000000030396e-05,0.002863201999999898,0.00017117399999999616,0.005050199000000033,14096
generated-2204,generated,environment,seeded-omission,24,8,forced-incomplete,281,13,4,2,2160,48,4,0,0,1,0,1,0,1,0,2152,750599937895080,3,4.881199999995367e-05,0.0029438019999999954,0.00010477600000002862,0.004986034999999944,13931
generated-2205,generated,environment,census,24,8,forced-complete,281,13,4,4,2168,48,1,4,1,1,1,1,1,0,1,2152,750599937895080,750599937895080,4.5948000000017863e-05,0.002728642999999975,0.0004807639999999669,0.00505624799999993,14279
generated-2206,generated,environment,one-per-bucket,24,8,forced-incomplete,143,7,4,1,1100,49,2,0,0,1,0,1,0,1,0,1096,750599937895080,1,4.0891000000042865e-05,0.0014925470000000107,6.361500000007236e-05,0.002576505999999923,7233
generated-2207,generated,environment,class-exclusion,24,8,ambiguous,281,13,4,5,2172,48,4,3,0,1,1,1,1,0,1,2152,750599937895081,379042160305913,4.5567999999995834e-05,0.00274454600000007,0.0004806139999999903,0.005087145000000071,14478
generated-2208,generated,environment,empty,3,8,forced-incomplete,29,13,4,2,144,6,1,0,0,0,0,0,0,1,0,136,168,0,5.253800000004638e-05,0.00026019600000004584,4.340499999999636e-05,0.0005225460000000126,955
generated-2209,generated,environment,class-complete,3,8,ambiguous,29,13,4,4,152,6,5,4,1,0,1,1,1,0,0,136,168,4,3.0356000000009153e-05,0.0002594449999999693,0.00012227200000003435,0.0005913679999999255,1102
generated-2210,generated,environment,seeded-omission,3,8,forced-incomplete,17,7,4,1,92,7,4,2,0,1,0,1,0,1,0,88,168,3,2.1461999999972114e-05,0.0001747290000000401,7.45309999999888e-05,0.00037881299999997786,749
generated-2211,generated,environment,census,3,8,forced-complete,29,13,4,4,152,6,1,4,1,1,1,1,1,0,1,136,168,168,1.8436999999926762e-05,0.00024377199999991994,0.0005665710000000157,0.0009831999999999619,1039
generated-2212,generated,environment,one-per-bucket,3,8,forced-incomplete,29,13,4,2,144,6,3,2,0,1,0,1,0,1,0,136,168,2,2.5708000000013165e-05,0.00030452199999997376,8.23830000000747e-05,0.0005779479999999948,1023
generated-2213,generated,environment,class-exclusion,3,8,ambiguous,29,13,4,4,152,6,5,1,0,1,1,1,1,0,0,136,168,95,2.4175999999931364e-05,0.0002598160000000238,0.0003065159999999789,0.0007490629999999943,1109
generated-2214,generated,environment,empty,4,8,forced-incomplete,23,7,4,2,144,9,1,0,0,0,0,0,0,1,0,136,681,0,1.7416000000047838e-05,0.00022612600000004868,4.306399999998156e-05,0.00043231200000004577,865
generated-2215,generated,environment,class-complete,4,8,ambiguous,41,13,4,4,248,7,5,4,1,1,1,1,1,0,0,232,680,4,2.8833000000005882e-05,0.00037574799999995356,0.00015256699999999235,0.0007897330000000702,1414
generated-2216,generated,environment,seeded-omission,4,8,forced-incomplete,41,13,4,2,240,8,4,0,0,1,0,1,0,1,0,232,680,3,2.7830999999922668e-05,0.0003745960000000048,9.372899999993134e-05,0.0007237049999999634,1345
generated-2217,generated,environment,census,4,8,forced-complete,41,13,4,4,248,7,1,4,1,1,1,1,1,0,1,232,680,680,2.1342000000035277e-05,0.00035396599999992784,0.0004585209999999895,0.001061255999999955,1365
generated-2218,generated,environment,one-per-bucket,4,8,forced-incomplete,23,7,4,1,140,9,2,0,0,1,0,1,0,1,0,136,680,1,2.1071000000039142e-05,0.00022917999999994,5.730500000000749e-05,0.00045972299999996746,885
generated-2219,generated,environment,class-exclusion,4,8,ambiguous,41,13,4,4,248,7,3,3,0,1,1,1,1,0,1,232,680,602,2.5017000000016054e-05,0.00035444600000000825,0.0004254510000000211,0.0010336549999999667,1442
generated-2220,generated,environment,empty,6,8,forced-incomplete,65,13,4,2,432,11,1,0,0,0,0,0,0,1,0,424,10920,0,1.7615999999942566e-05,0.0005732109999999624,4.2242999999997366e-05,0.001010630999999984,1977
generated-2221,generated,environment,class-complete,6,8,ambiguous,65,13,4,5,444,11,5,4,1,0,1,1,1,0,0,424,10921,4,3.7426000000007065e-05,0.0006114980000000436,0.00015703300000002862,0.0011999219999999644,2176
generated-2222,generated,environment,seeded-omission,6,8,forced-incomplete,35,7,4,1,236,12,4,2,0,1,0,1,0,1,0,232,10920,3,2.6859999999961914e-05,0.0003396650000000445,7.689399999999402e-05,0.0006692839999999922,1267
generated-2223,generated,environment,census,6,8,forced-complete,65,13,4,4,440,11,1,4,1,1,1,1,1,0,1,424,10920,10920,2.297399999995342e-05,0.000593921999999969,0.0004478749999999865,0.0014611499999999111,2115
generated-2224,generated,environment,one-per-bucket,6,8,forced-incomplete,65,13,4,2,432,11,3,2,0,1,0,1,0,1,0,424,10920,2,2.8621999999978165e-05,0.000602635000000018,8.934299999996398e-05,0.0011051309999999814,2045
generated-2225,generated,environment,class-exclusion,6,8,ambiguous,65,13,4,4,440,11,3,1,0,1,1,1,1,0,1,424,10920,7823,3.074599999997041e-05,0.0005745129999999987,0.0004162780000001032,0.0014225020000000477,2198
generated-2226,generated,environment,empty,8,8,forced-incomplete,47,7,4,1,332,16,1,0,0,0,0,0,0,1,0,328,174760,0,1.7115000000011982e-05,0.0004431480000000043,4.939400000003591e-05,0.0008038740000000377,1619
generated-2227,generated,environment,class-complete,8,8,ambiguous,89,13,4,4,632,15,5,4,1,1,1,1,1,0,0,616,174760,4,3.456099999998852e-05,0.0008489000000000413,0.00015537099999995974,0.0015789040000000476,2982
generated-2228,generated,environment,seeded-omission,8,8,forced-incomplete,89,13,4,3,628,15,4,0,0,0,0,1,0,1,0,616,174761,3,4.4005000000013617e-05,0.0008327969999999407,0.00010748000000004865,0.0038009749999999842,2927
generated-2229,generated,environment,census,8,8,forced-complete,89,13,4,4,632,15,1,4,1,1,1,1,1,0,1,616,174760,174760,2.6920000000041355e-05,0.0008047150000000114,0.00042778499999995834,0.0018114300000000583,2983
generated-2230,generated,environment,one-per-bucket,8,8,forced-incomplete,47,7,4,1,332,16,2,0,0,1,0,1,0,1,0,328,174760,1,2.5567999999975832e-05,0.00045170099999991553,5.860700000004382e-05,0.0008567720000000056,1667
generated-2231,generated,environment,class-exclusion,8,8,ambiguous,89,13,4,4,632,15,3,3,0,1,1,1,1,0,1,616,174760,121824,3.092500000001497e-05,0.0009746870000000296,0.0004046299999999059,0.001996535000000077,3078
generated-2232,generated,environment,empty,12,8,forced-incomplete,137,13,4,2,1008,24,1,0,0,0,0,0,0,1,0,1000,44739240,0,2.9533999999942218e-05,0.0013089139999999944,4.551799999996664e-05,0.0022903610000000185,4841
generated-2233,generated,environment,class-complete,12,8,ambiguous,137,13,4,4,1016,23,5,4,1,1,1,1,1,0,0,1000,44739240,4,4.219299999996817e-05,0.0012797709999999851,0.00015989699999996443,0.0023566099999999812,5032
generated-2234,generated,environment,seeded-omission,12,8,forced-incomplete,71,7,4,1,524,25,4,2,0,1,0,1,0,1,0,520,44739240,3,3.085599999996802e-05,0.0006669399999998937,7.777599999991835e-05,0.0012670120000000118,2715
generated-2235,generated,environment,census,12,8,forced-complete,137,13,4,5,1020,23,1,4,1,1,1,1,1,0,1,1000,44739241,44739241,3.2227999999911994e-05,0.0016400449999999234,0.0009445230000000304,0.00362746699999994,5107
generated-2236,generated,environment,one-per-bucket,12,8,forced-incomplete,137,13,4,2,1008,24,3,2,0,1,0,1,0,1,0,1000,44739240,2,8.281299999990388e-05,0.0013094750000000044,8.944300000002237e-05,0.0023939949999999266,4909
generated-2237,generated,environment,class-exclusion,12,8,ambiguous,137,13,4,4,1016,23,3,1,0,1,1,1,1,0,1,1000,44739240,40886294,3.7857000000030006e-05,0.0012618940000000967,0.00042670300000002825,0.002670144999999957,5216
generated-2238,generated,environment,empty,24,8,forced-incomplete,143,7,4,1,1100,49,1,0,0,0,0,0,0,1,0,1096,750599937895080,0,6.505600000006329e-05,0.001450374000000032,3.820699999990129e-05,0.0025844179999999772,7185
generated-2239,generated,environment,class-complete,24,8,ambiguous,281,13,4,4,2168,48,5,4,1,1,1,1,1,0,0,2152,750599937895080,4,4.604900000004797e-05,0.0028542190000000467,0.00016588700000008672,0.004882700999999989,14096
generated-2240,generated,environment,seeded-omission,24,8,forced-incomplete,281,13,4,2,2160,48,4,0,0,1,0,1,0,1,0,2152,750599937895080,3,5.3729999999974076e-05,0.002861439000000021,0.00010428499999992624,0.005323255000000082,13931
generated-2241,generated,environment,census,24,8,forced-complete,281,13,4,4,2168,48,1,4,1,1,1,1,1,0,1,2152,750599937895080,750599937895080,4.663999999998669e-05,0.0029433599999999505,0.0005570670000000222,0.005323044999999915,14279
generated-2242,generated,environment,one-per-bucket,24,8,forced-incomplete,143,7,4,2,1104,49,2,1,0,1,0,1,0,1,1,1096,750599937895081,2,4.6379000000040804e-05,0.0014950500000000533,8.897199999990946e-05,0.0026470809999999956,7277
generated-2243,generated,environment,class-exclusion,24,8,ambiguous,281,13,4,4,2168,48,5,3,0,1,1,1,1,0,0,2152,750599937895080,379042160305912,4.351400000002226e-05,0.002851735000000022,0.0004637290000000238,0.005201644000000005,14442
generated-2244,generated,environment,empty,3,8,forced-incomplete,29,13,4,2,144,6,1,0,0,0,0,0,0,1,0,136,168,0,3.844699999999701e-05,0.00025461800000003976,4.353499999998345e-05,0.0005101880000000225,955
generated-2245,generated,environment,class-complete,3,8,ambiguous,29,13,4,4,152,6,5,4,1,0,1,1,1,0,0,136,168,4,3.016499999997091e-05,0.00027475799999998607,0.0001215209999999578,0.0005895160000000121,1102
generated-2246,generated,environment,seeded-omission,3,8,forced-incomplete,17,7,4,1,92,7,4,2,0,1,0,1,0,1,0,88,168,3,2.1762000000036252e-05,0.00017893600000007392,7.226699999995922e-05,0.000379883999999997,749
generated-2247,generated,environment,census,3,8,forced-complete,29,13,4,4,152,6,1,4,1,1,1,1,1,0,1,136,168,168,1.7735999999990426e-05,0.00026001599999991853,0.00037844200000003436,0.0008082900000000448,1041
generated-2248,generated,environment,one-per-bucket,3,8,forced-incomplete,29,13,4,2,144,6,3,2,0,1,0,1,0,1,0,136,168,2,2.3734999999969197e-05,0.0003244519999999751,8.234200000001302e-05,0.0005858199999999592,1023
generated-2249,generated,environment,class-exclusion,3,8,ambiguous,29,13,4,5,156,6,4,1,0,1,1,1,1,0,1,136,169,96,2.621900000010502e-05,0.00025241500000006134,0.0003615670000000071,0.0008029729999999846,1147
generated-2250,generated,environment,empty,4,8,forced-incomplete,23,7,4,1,140,9,1,0,0,0,0,0,0,1,0,136,680,0,2.0360000000052558e-05,0.0002349990000000135,3.8497000000026205e-05,0.0006485229999999564,837
generated-2251,generated,environment,class-complete,4,8,ambiguous,41,13,4,4,248,7,5,4,1,1,1,1,1,0,0,232,680,4,3.10060000000556e-05,0.0003555880000000178,0.00015686199999997985,0.0007820819999999618,1416
generated-2252,generated,environment,seeded-omission,4,8,forced-incomplete,41,13,4,2,240,8,4,0,0,1,0,1,0,1,0,232,680,3,2.7840999999972915e-05,0.0003468150000000003,9.489100000004136e-05,0.0007162029999999708,1343
generated-2253,generated,environment,census,4,8,forced-complete,41,13,4,4,248,7,1,4,1,1,1,1,1,0,1,232,680,680,2.1322000000045804e-05,0.00044325900000008467,0.0004394129999999441,0.0011331620000000209,1363
generated-2254,generated,environment,one-per-bucket,4,8,forced-incomplete,23,7,4,1,140,9,2,0,0,1,0,1,0,1,0,136,680,1,2.2172999999958698e-05,0.00022966099999999212,5.779599999999885e-05,0.0004854300000000089,885
generated-2255,generated,environment,class-exclusion,4,8,ambiguous,41,13,4,4,248,7,3,3,0,1,1,1,1,0,1,232,680,602,2.4496999999956692e-05,0.0005162869999999486,0.0004143850000000171,0.0011865920000000418,1440
generated-2256,generated,environment,empty,6,8,forced-incomplete,65,13,4,3,436,11,1,0,0,0,0,0,0,1,0,424,10921,0,1.9619000000026254e-05,0.0005760259999999517,5.0444999999954554e-05,0.0010447409999999602,2005
generated-2257,generated,environment,class-complete,6,8,ambiguous,65,13,4,4,440,11,5,4,1,1,1,1,1,0,0,424,10920,4,3.72049999999291e-05,0.0006068120000000121,0.00015865500000000754,0.0012481829999999583,2138
generated-2258,generated,environment,seeded-omission,6,8,forced-incomplete,35,7,4,1,236,12,4,2,0,1,0,1,0,1,0,232,10920,3,2.7990999999949473e-05,0.00033727100000002785,7.866700000003224e-05,0.0006899949999999988,1267
generated-2259,generated,environment,census,6,8,forced-complete,65,13,4,4,440,11,1,4,1,1,1,1,1,0,1,424,10920,10920,2.418599999998161e-05,0.0005661110000000358,0.0005137630000000559,0.001512767000000026,2115
generated-2260,generated,environment,one-per-bucket,6,8,forced-incomplete,65,13,4,2,432,11,3,2,0,1,0,1,0,1,0,424,10920,2,2.9063000000051353e-05,0.0015533959999999292,9.359900000005528e-05,0.002065507999999938,2045
generated-2261,generated,environment,class-exclusion,6,8,ambiguous,65,13,4,4,440,11,3,1,0,1,1,1,1,0,1,424,10920,7823,4.088099999999262e-05,0.0007846249999999833,0.00041603800000000746,0.0019732900000000164,2198
generated-2262,generated,environment,empty,8,8,forced-incomplete,47,7,4,1,332,16,1,0,0,0,0,0,0,1,0,328,174760,0,2.0711000000006585e-05,0.0004998519999999118,7.716399999990742e-05,0.00093317599999998,1619
generated-2263,generated,environment,class-complete,8,8,ambiguous,89,13,4,5,636,15,5,4,1,0,1,1,1,0,0,616,174761,4,4.6048999999936946e-05,0.0008298519999999643,0.00014430499999995572,0.0016059839999998937,3020
generated-2264,generated,environment,seeded-omission,8,8,forced-incomplete,89,13,4,2,624,15,4,0,0,1,0,1,0,1,0,616,174760,3,3.634399999996596e-05,0.0008002879999999823,9.59230000001643e-05,0.0015706419999999,2889
generated-2265,generated,environment,census,8,8,forced-complete,89,13,4,4,632,15,1,4,1,1,1,1,1,0,1,616,174760,174760,2.6029000000038494e-05,0.0007926069999999452,0.0004916799999998833,0.0018354259999999734,2983
generated-2266,generated,environment,one-per-bucket,8,8,forced-incomplete,47,7,4,1,332,16,2,0,0,1,0,1,0,1,0,328,174760,1,2.820199999997719e-05,0.000491159999999935,6.042000000006098e-05,0.0010395140000001302,1667
generated-2267,generated,environment,class-exclusion,8,8,ambiguous,89,13,4,4,632,15,3,3,0,1,1,1,1,0,1,616,174760,121824,3.071499999984795e-05,0.0007757220000002008,0.0004296079999999147,0.0017901690000001746,3078
generated-2268,generated,environment,empty,12,8,forced-incomplete,137,13,4,2,1008,24,1,0,0,0,0,0,0,1,0,1000,44739240,0,2.3345000000007943e-05,0.0012368469999999299,4.3253999999937065e-05,0.002173927999999936,4841
generated-2269,generated,environment,class-complete,12,8,ambiguous,137,13,4,4,1016,23,5,4,1,1,1,1,1,0,0,1000,44739240,4,4.057999999984574e-05,0.0012471120000001612,0.00015625200000002337,0.002580682999999917,5032
generated-2270,generated,environment,seeded-omission,12,8,forced-incomplete,71,7,4,2,528,25,3,2,0,1,0,1,0,1,1,520,44739241,3,3.525300000006837e-05,0.0006930789999999298,9.171600000001945e-05,0.0012763960000001795,2749
generated-2271,generated,environment,census,12,8,forced-complete,137,13,4,4,1016,23,1,4,1,1,1,1,1,0,1,1000,44739240,44739240,2.6810000000043743e-05,0.0013162939999999956,0.00045249199999997103,0.002663225000000047,5079
generated-2272,generated,environment,one-per-bucket,12,8,forced-incomplete,137,13,4,2,1008,24,3,2,0,1,0,1,0,1,0,1000,44739240,2,4.125100000007542e-05,0.0012628150000000282,0.00010182100000011296,0.002419764000000102,4909
generated-2273,generated,environment,class-exclusion,12,8,ambiguous,137,13,4,4,1016,23,3,1,0,1,1,1,1,0,1,1000,44739240,40886294,3.683399999987458e-05,0.0013573760000000767,0.00044157499999997185,0.0027304839999999775,5216
generated-2274,generated,environment,empty,24,8,forced-incomplete,143,7,4,1,1100,49,1,0,0,0,0,0,0,1,0,1096,750599937895080,0,2.8482000000051855e-05,0.0015278990000000547,3.8466999999986484e-05,0.0025401119999999278,7185
generated-2275,generated,environment,class-complete,24,8,ambiguous,281,13,4,4,2168,48,5,4,1,1,1,1,1,0,0,2152,750599937895080,4,4.345400000005384e-05,0.002785656999999997,0.0002429109999999568,0.00490137799999979,14096
generated-2276,generated,environment,seeded-omission,24,8,forced-incomplete,281,13,4,2,2160,48,4,0,0,1,0,1,0,1,0,2152,750599937895080,3,5.391999999981856e-05,0.003121334999999892,0.00010553699999982236,0.005654896999999881,13931
generated-2277,generated,environment,census,24,8,forced-complete,281,13,4,5,2172,48,1,4,1,1,1,1,1,0,1,2152,750599937895081,750599937895081,5.633399999993571e-05,0.0029061249999999816,0.0004904279999999872,0.005481931000000051,14307
generated-2278,generated,environment,one-per-bucket,24,8,forced-incomplete,143,7,4,1,1100,49,2,0,0,1,0,1,0,1,0,1096,750599937895080,1,4.602900000016952e-05,0.0015594560000000701,6.602799999999576e-05,0.0026165650000000706,7233
generated-2279,generated,environment,class-exclusion,24,8,ambiguous,281,13,4,4,2168,48,5,3,0,1,1,1,1,0,0,2152,750599937895080,379042160305912,4.337499999995664e-05,0.00287666200000003,0.00043122099999992614,0.005138280000000162,14442
generated-2280,generated,environment,empty,3,8,forced-incomplete,29,13,4,2,144,6,1,0,0,0,0,0,0,1,0,136,168,0,3.746599999998601e-05,0.0002534960000000197,6.874200000006603e-05,0.0005239879999998642,957
generated-2281,generated,environment,class-complete,3,8,ambiguous,29,13,4,4,152,6,5,4,1,0,1,1,1,0,0,136,168,4,3.0104000000141795e-05,0.0008670070000000862,0.00014009900000000464,0.0012013840000000275,1102
generated-2282,generated,environment,seeded-omission,3,8,forced-incomplete,17,7,4,1,92,7,4,2,0,1,0,1,0,1,0,88,168,3,2.272400000014052e-05,0.00017693300000010126,7.324900000016399e-05,0.0003852319999999576,749
generated-2283,generated,environment,census,3,8,forced-complete,29,13,4,4,152,6,1,4,1,1,1,1,1,0,1,136,168,168,1.9678999999994673e-05,0.00025722199999989037,0.00037166200000005034,0.000835891000000144,1039
generated-2284,generated,environment,one-per-bucket,3,8,forced-incomplete,29,13,4,3,148,6,3,3,0,1,0,1,0,1,1,136,169,3,2.7119999999936084e-05,0.0007252879999999351,0.00011283800000017052,0.00102701500000002,1069
generated-2285,generated,environment,class-exclusion,3,8,ambiguous,29,13,4,4,152,6,5,1,0,1,1,1,1,0,0,136,168,95,2.8531999999970026e-05,0.00025872399999982143,0.0002951680000000678,0.0007923269999998706,1111
generated-2286,generated,environment,empty,4,8,forced-incomplete,23,7,4,1,140,9,1,0,0,0,0,0,0,1,0,136,680,0,1.9628999999854457e-05,0.00023583999999998717,0.0001044349999999028,0.0006143329999999114,837
generated-2287,generated,environment,class-complete,4,8,ambiguous,41,13,4,4,248,7,5,4,1,1,1,1,1,0,0,232,680,4,3.317000000002679e-05,0.00042394999999983973,0.000162540999999905,0.000859196000000173,1416
generated-2288,generated,environment,seeded-omission,4,8,forced-incomplete,41,13,4,2,240,8,4,0,0,1,0,1,0,1,0,232,680,3,3.069599999983019e-05,0.0003710910000001011,9.404999999995667e-05,0.0007325669999997952,1345
generated-2289,generated,environment,census,4,8,forced-complete,41,13,4,4,248,7,1,4,1,1,1,1,1,0,1,232,680,680,2.1191000000087e-05,0.00034574300000000946,0.00045356299999999017,0.0010482470000001687,1363
generated-2290,generated,environment,one-per-bucket,4,8,forced-incomplete,23,7,4,1,140,9,2,0,0,1,0,1,0,1,0,136,680,1,2.130199999994531e-05,0.0002928550000000918,8.229200000009484e-05,0.0005459610000000392,885
generated-2291,generated,environment,class-exclusion,4,8,ambiguous,41,13,4,5,252,7,3,3,0,1,1,1,1,0,1,232,681,603,2.8122000000019298e-05,0.0003578410000000254,0.00048496000000008976,0.0011071139999998536,1478
generated-2292,generated,environment,empty,6,8,forced-incomplete,65,13,4,2,432,11,1,0,0,0,0,0,0,1,0,424,10920,0,1.815699999996312e-05,0.0005723600000000495,4.292399999994423e-05,0.0010131340000001376,1977
generated-2293,generated,environment,class-complete,6,8,ambiguous,65,13,4,4,440,11,5,4,1,1,1,1,1,0,0,424,10920,4,3.310900000008665e-05,0.0005798009999999909,0.00015714300000002623,0.0011579090000000125,2138
generated-2294,generated,environment,seeded-omission,6,8,forced-incomplete,35,7,4,1,236,12,4,2,0,1,0,1,0,1,0,232,10920,3,2.939300000015521e-05,0.00038519199999997866,8.185199999988235e-05,0.0007297029999999705,1267
generated-2295,generated,environment,census,6,8,forced-complete,65,13,4,4,440,11,1,4,1,1,1,1,1,0,1,424,10920,10920,2.338499999998689e-05,0.0005755350000000714,0.0004479850000000951,0.0014330280000001139,2115
generated-2296,generated,environment,one-per-bucket,6,8,forced-incomplete,65,13,4,2,432,11,3,2,0,1,0,1,0,1,0,424,10920,2,2.8142000000119793e-05,0.0005582389999998494,0.0001521260000001412,0.0011437690000000167,2045
generated-2297,generated,environment,class-exclusion,6,8,ambiguous,65,13,4,4,440,11,3,1,0,1,1,1,1,0,1,424,10920,7823,3.470099999991483e-05,0.0008831510000000264,0.00041111100000001954,0.0017191329999999283,2198
generated-2298,generated,environment,empty,8,8,forced-incomplete,47,7,4,2,336,16,1,0,0,0,0,0,0,1,0,328,174761,0,2.2333000000207548e-05,0.0005219050000000447,4.3755000000089694e-05,0.0008943079999998993,1647
generated-2299,generated,environment,class-complete,8,8,ambiguous,89,13,4,4,632,15,5,4,1,1,1,1,1,0,0,616,174760,4,3.487200000007462e-05,0.0008922749999999979,0.00016303199999989637,0.0016462250000000012,2982
generated-2300,generated,environment,seeded-omission,8,8,forced-incomplete,89,13,4,2,624,15,4,0,0,1,0,1,0,1,0,616,174760,3,3.5322000000004294e-05,0.0007888609999999741,9.507100000005764e-05,0.001497784000000113,2889
generated-2301,generated,environment,census,8,8,forced-complete,89,13,4,4,632,15,1,4,1,1,1,1,1,0,1,616,174760,174760,3.102600000004507e-05,0.0009490690000000246,0.0006935999999999609,0.002487593999999982,2983
generated-2302,generated,environment,one-per-bucket,8,8,forced-incomplete,47,7,4,1,332,16,2,0,0,1,0,1,0,1,0,328,174760,1,2.6859999999961914e-05,0.0005558960000000557,6.68889999999589e-05,0.0009628299999999701,1667
generated-2303,generated,environment,class-exclusion,8,8,ambiguous,89,13,4,4,632,15,3,3,0,1,1,1,1,0,1,616,174760,121824,3.1917000000047935e-05,0.0008009689999999292,0.0004954360000000158,0.001864419000000117,3078
generated-2304,generated,environment,empty,12,8,forced-incomplete,137,13,4,2,1008,24,1,0,0,0,0,0,0,1,0,1000,44739240,0,2.4605999999982586e-05,0.0012203019999998954,4.503700000002553e-05,0.0021787050000001695,4841
generated-2305,generated,environment,class-complete,12,8,ambiguous,137,13,4,5,1020,23,4,4,1,0,1,1,1,0,1,1000,44739241,4,4.39450000000452e-05,0.0012879329999999634,0.0001668470000000255,0.002650967000000115,5068
generated-2306,generated,environment,seeded-omission,12,8,forced-incomplete,71,7,4,1,524,25,4,2,0,1,0,1,0,1,0,520,44739240,3,4.9573999999941165e-05,0.0006781580000001508,7.995900000001832e-05,0.0012542519999998447,2715
generated-2307,generated,environment,census,12,8,forced-complete,137,13,4,4,1016,23,1,4,1,1,1,1,1,0,1,1000,44739240,44739240,2.5648000000044746e-05,0.0012657400000000152,0.0004218360000001198,0.0025741519999999962,5079
generated-2308,generated,environment,one-per-bucket,12,8,forced-incomplete,137,13,4,2,1008,24,3,2,0,1,0,1,0,1,0,1000,44739240,2,3.491100000019287e-05,0.0012550140000000543,0.00011224700000012078,0.002256570999999985,4909
generated-2309,generated,environment,class-exclusion,12,8,ambiguous,137,13,4,4,1016,23,3,1,0,1,1,1,1,0,1,1000,44739240,40886294,3.5862999999913825e-05,0.0012395410000001217,0.0004280459999999042,0.0025488049999999873,5216
generated-2310,generated,environment,empty,24,8,forced-incomplete,143,7,4,1,1100,49,1,0,0,0,0,0,0,1,0,1096,750599937895080,0,2.745100000001166e-05,0.0014247359999999265,5.225700000011102e-05,0.0025297560000001607,7185
generated-2311,generated,environment,class-complete,24,8,ambiguous,281,13,4,4,2168,48,5,4,1,1,1,1,1,0,0,2152,750599937895080,4,4.994399999991295e-05,0.0027507150000001257,0.00016956199999995647,0.005012364000000158,14096
generated-2312,generated,environment,seeded-omission,24,8,forced-incomplete,281,13,4,3,2164,48,4,0,0,0,0,1,0,1,0,2152,750599937895081,3,5.024500000017085e-05,0.002731296000000105,0.00010865100000012617,0.004882271000000049,13969
generated-2313,generated,environment,census,24,8,forced-complete,281,13,4,4,2168,48,1,4,1,1,1,1,1,0,1,2152,750599937895080,750599937895080,4.243299999995287e-05,0.0027169350000000314,0.0004559969999999858,0.004978603000000081,14279
generated-2314,generated,environment,one-per-bucket,24,8,forced-incomplete,143,7,4,1,1100,49,2,0,0,1,0,1,0,1,0,1096,750599937895080,1,4.282400000010789e-05,0.001430663999999915,6.210200000000832e-05,0.002514624000000021,7233
generated-2315,generated,environment,class-exclusion,24,8,ambiguous,281,13,4,4,2168,48,5,3,0,1,1,1,1,0,0,2152,750599937895080,379042160305912,5.046400000008333e-05,0.0028725760000001266,0.0004295979999999755,0.005531375000000116,14442
generated-2316,generated,environment,empty,3,8,forced-incomplete,29,13,4,2,144,6,1,0,0,0,0,0,0,1,0,136,168,0,4.0841000000124694e-05,0.00025086200000012937,4.152199999984951e-05,0.0004997119999998745,955
generated-2317,generated,environment,class-complete,3,8,ambiguous,29,13,4,4,152,6,5,4,1,0,1,1,1,0,0,136,168,4,2.958299999988867e-05,0.0002710020000000757,0.00012121000000009374,0.0005844079999999252,1102
generated-2318,generated,environment,seeded-omission,3,8,forced-incomplete,17,7,4,1,92,7,4,2,0,1,0,1,0,1,0,88,168,3,2.0861000000094165e-05,0.0001680889999999824,7.325899999988117e-05,0.0003697490000000858,749
generated-2319,generated,environment,census,3,8,forced-complete,29,13,4,5,156,6,1,4,1,1,1,1,1,0,1,136,169,169,1.9249000000165495e-05,0.00026383199999990836,0.000411761000000066,0.0008507330000000479,1069
generated-2320,generated,environment,one-per-bucket,3,8,forced-incomplete,29,13,4,2,144,6,3,2,0,1,0,1,0,1,0,136,168,2,2.3424999999965834e-05,0.0002744770000000507,8.023900000009299e-05,0.0005332820000001348,1023
generated-2321,generated,environment,class-exclusion,3,8,ambiguous,29,13,4,4,152,6,5,1,0,1,1,1,1,0,0,136,168,95,2.375600000004141e-05,0.00025005099999986236,0.0002925750000000171,0.0007228040000000213,1109
generated-2322,generated,environment,empty,4,8,forced-incomplete,23,7,4,1,140,9,1,0,0,0,0,0,0,1,0,136,680,0,1.50619999998991e-05,0.00021791400000004124,3.567299999995832e-05,0.0004091680000000153,837
generated-2323,generated,environment,class-complete,4,8,ambiguous,41,13,4,4,248,7,5,4,1,1,1,1,1,0,0,232,680,4,3.001499999988333e-05,0.00037103100000002165,0.00015335799999993682,0.0007892619999998463,1414
generated-2324,generated,environment,seeded-omission,4,8,forced-incomplete,41,13,4,2,240,8,4,0,0,1,0,1,0,1,0,232,680,3,2.748100000005138e-05,0.0003626990000000774,9.100500000003287e-05,0.0007082720000000098,1343
generated-2325,generated,environment,census,4,8,forced-complete,41,13,4,4,248,7,1,4,1,1,1,1,1,0,1,232,680,680,2.035000000000231e-05,0.00034071599999996316,0.00046325800000013295,0.0010493880000002065,1363
generated-2326,generated,environment,one-per-bucket,4,8,forced-incomplete,23,7,4,2,144,9,2,1,0,1,0,1,0,1,1,136,681,2,2.551799999994664e-05,0.00023498899999996326,8.180199999996418e-05,0.0004950150000000431,929
generated-2327,generated,environment,class-exclusion,4,8,ambiguous,41,13,4,4,248,7,3,3,0,1,1,1,1,0,1,232,680,602,2.453599999996392e-05,0.00040399000000013174,0.0004364279999999887,0.0011133730000001396,1440
generated-2328,generated,environment,empty,6,8,forced-incomplete,65,13,4,2,432,11,1,0,0,0,0,0,0,1,0,424,10920,0,1.8488000000038696e-05,0.00056689199999993,4.3815000000169135e-05,0.0010041309999999637,1977
generated-2329,generated,environment,class-complete,6,8,ambiguous,65,13,4,4,440,11,5,4,1,1,1,1,1,0,0,424,10920,4,3.3259999999923906e-05,0.0006154839999998885,0.00015686299999995157,0.0011978989999998912,2138
generated-2330,generated,environment,seeded-omission,6,8,forced-incomplete,35,7,4,1,236,12,4,2,0,1,0,1,0,1,0,232,10920,3,2.869299999996855e-05,0.0003355879999999978,7.773500000007871e-05,0.0006693339999999104,1267
generated-2331,generated,environment,census,6,8,forced-complete,65,13,4,4,440,11,1,4,1,1,1,1,1,0,1,424,10920,10920,2.2624000000082134e-05,0.0005665319999998975,0.00044837499999994535,0.0014350309999999755,2115
generated-2332,generated,environment,one-per-bucket,6,8,forced-incomplete,65,13,4,2,432,11,3,2,0,1,0,1,0,1,0,424,10920,2,2.8211999999916415e-05,0.000617046000000121,8.721900000008276e-05,0.0011199429999999566,2045
generated-2333,generated,environment,class-exclusion,6,8,ambiguous,65,13,4,5,444,11,2,1,0,1,1,1,1,0,1,424,10921,7824,3.294900000017087e-05,0.0005787600000000115,0.0004934629999999718,0.0015154010000000273,2234
generated-2334,generated,environment,empty,8,8,forced-incomplete,47,7,4,1,332,16,1,0,0,0,0,0,0,1,0,328,174760,0,1.8837999999909982e-05,0.00048816499999992935,3.5122000000109566e-05,0.0008451149999999519,1619
generated-2335,generated,environment,class-complete,8,8,ambiguous,89,13,4,4,632,15,5,4,1,1,1,1,1,0,0,616,174760,4,6.87919999999842e-05,0.0007952809999998145,0.00017384799999997647,0.0015869770000001004,2982
generated-2336,generated,environment,seeded-omission,8,8,forced-incomplete,89,13,4,2,624,15,4,0,0,1,0,1,0,1,0,616,174760,3,3.1876999999846944e-05,0.0007881400000000482,9.393999999995906e-05,0.0014440550000001107,2889
generated-2337,generated,environment,census,8,8,forced-complete,89,13,4,4,632,15,1,4,1,1,1,1,1,0,1,616,174760,174760,2.5426999999966782e-05,0.0007981250000002049,0.00042688399999990523,0.0017941740000000372,2983
generated-2338,generated,environment,one-per-bucket,8,8,forced-incomplete,47,7,4,1,332,16,2,0,0,1,0,1,0,1,0,328,174760,1,2.7760999999904e-05,0.00044956799999984476,6.555799999996559e-05,0.0008941879999999625,1667
generated-2339,generated,environment,class-exclusion,8,8,ambiguous,89,13,4,4,632,15,3,3,0,1,1,1,1,0,1,616,174760,121824,3.154699999985411e-05,0.0008140590000000891,0.0004047209999999968,0.001818590999999925,3078
generated-2340,generated,environment,empty,12,8,forced-incomplete,137,13,4,3,1012,24,1,0,0,0,0,0,0,1,0,1000,44739241,0,2.8040999999978666e-05,0.0013022239999997964,5.364900000004447e-05,0.0024469039999999165,4869
generated-2341,generated,environment,class-complete,12,8,ambiguous,137,13,4,4,1016,23,5,4,1,1,1,1,1,0,0,1000,44739240,4,4.4064999999982035e-05,0.0013054279999999974,0.0001604479999999242,0.0027203489999998443,5032
generated-2342,generated,environment,seeded-omission,12,8,forced-incomplete,71,7,4,1,524,25,4,2,0,1,0,1,0,1,0,520,44739240,3,3.4802000000055955e-05,0.0006935899999997996,7.736500000010693e-05,0.0012908560000000069,2715
generated-2343,generated,environment,census,12,8,forced-complete,137,13,4,4,1016,23,1,4,1,1,1,1,1,0,1,1000,44739240,44739240,2.6950000000081076e-05,0.0012584190000000106,0.00046411000000001756,0.0026215219999998762,5079
generated-2344,generated,environment,one-per-bucket,12,8,forced-incomplete,137,13,4,2,1008,24,3,2,0,1,0,1,0,1,0,1000,44739240,2,3.597399999999418e-05,0.0012952740000000684,8.691000000005111e-05,0.002293386000000064,4909
generated-2345,generated,environment,class-exclusion,12,8,ambiguous,137,13,4,4,1016,23,3,1,0,1,1,1,1,0,1,1000,44739240,40886294,3.5342999999965485e-05,0.0012657799999999941,0.00045786000000003213,0.0026249879999999948,5216
generated-2346,generated,environment,empty,24,8,forced-incomplete,143,7,4,1,1100,49,1,0,0,0,0,0,0,1,0,1096,750599937895080,0,2.8432000000133684e-05,0.0015088200000001883,3.983900000004148e-05,0.0025601519999998157,7185
generated-2347,generated,environment,class-complete,24,8,ambiguous,281,13,4,5,2172,48,5,4,1,0,1,1,1,0,0,2152,750599937895081,4,4.993399999997372e-05,0.0027779449999998373,0.0001924760000000525,0.004932384999999817,14134
generated-2348,generated,environment,seeded-omission,24,8,forced-incomplete,281,13,4,2,2160,48,4,0,0,1,0,1,0,1,0,2152,750599937895080,3,4.632900000012263e-05,0.0027280010000001464,9.993900000004885e-05,0.004812626999999958,13931
generated-2349,generated,environment,census,24,8,forced-complete,281,13,4,4,2168,48,1,4,1,1,1,1,1,0,1,2152,750599937895080,750599937895080,4.3755000000089694e-05,0.0027262890000001594,0.00045736900000004077,0.005137418999999976,14279
generated-2350,generated,environment,one-per-bucket,24,8,forced-incomplete,143,7,4,1,1100,49,2,0,0,1,0,1,0,1,0,1096,750599937895080,1,4.1490999999949096e-05,0.001431366000000045,6.14610000000404e-05,0.0024804929999999725,7233
generated-2351,generated,environment,class-exclusion,24,8,ambiguous,281,13,4,4,2168,48,5,3,0,1,1,1,1,0,0,2152,750599937895080,379042160305912,4.081999999994146e-05,0.0027295140000000995,0.00046278700000002004,0.005011191999999998,14442
generated-2352,generated,environment,empty,3,8,forced-incomplete,29,13,4,2,144,6,1,0,0,0,0,0,0,1,0,136,168,0,4.151199999991029e-05,0.0002924939999999765,4.4915999999783907e-05,0.0005627559999998866,957
generated-2353,generated,environment,class-complete,3,8,ambiguous,29,13,4,4,152,6,5,4,1,0,1,1,1,0,0,136,168,4,3.1187000000043597e-05,0.00025919499999993434,0.00013941699999997503,0.0006265709999999647,1102
generated-2354,generated,environment,seeded-omission,3,8,forced-incomplete,17,7,4,2,96,7,3,2,0,1,0,1,0,1,1,88,169,3,2.845199999979009e-05,0.0001963720000000002,8.793099999993004e-05,0.0005855390000000238,783
generated-2355,generated,environment,census,3,8,forced-complete,29,13,4,4,152,6,1,4,1,1,1,1,1,0,1,136,168,168,2.1091000000028615e-05,0.0002522139999998618,0.000366114000000195,0.0008325169999998661,1041
generated-2356,generated,environment,one-per-bucket,3,8,forced-incomplete,29,13,4,2,144,6,3,2,0,1,0,1,0,1,0,136,168,2,2.5468000000028468e-05,0.00026948999999998335,8.073000000008435e-05,0.0005355250000000922,1023
generated-2357,generated,environment,class-exclusion,3,8,ambiguous,29,13,4,4,152,6,5,1,0,1,1,1,1,0,0,136,168,95,2.4024999999872065e-05,0.0002633610000000175,0.00033325400000006056,0.0007798280000002045,1109
generated-2358,generated,environment,empty,4,8,forced-incomplete,23,7,4,1,140,9,1,0,0,0,0,0,0,1,0,136,680,0,1.7855999999927263e-05,0.00022452400000005923,3.736500000006693e-05,0.0004257619999998852,837
generated-2359,generated,environment,class-complete,4,8,ambiguous,41,13,4,4,248,7,5,4,1,1,1,1,1,0,0,232,680,4,3.15860000001944e-05,0.00035862299999989133,0.00015516100000012578,0.0008208290000000229,1416
generated-2360,generated,environment,seeded-omission,4,8,forced-incomplete,41,13,4,2,240,8,4,0,0,1,0,1,0,1,0,232,680,3,2.8853000000106377e-05,0.00037412600000008567,9.159599999986057e-05,0.0007271999999998169,1345
generated-2361,generated,environment,census,4,8,forced-complete,41,13,4,5,252,7,1,4,1,1,1,1,1,0,1,232,681,681,2.314499999989117e-05,0.00036986900000002265,0.00047442499999994503,0.0011037590000000375,1391
generated-2362,generated,environment,one-per-bucket,4,8,forced-incomplete,23,7,4,1,140,9,2,0,0,1,0,1,0,1,0,136,680,1,2.13420000001463e-05,0.00024154900000006307,5.7495000000074015e-05,0.0004680449999998615,885
generated-2363,generated,environment,class-exclusion,4,8,ambiguous,41,13,4,4,248,7,3,3,0,1,1,1,1,0,1,232,680,602,2.4607000000065327e-05,0.0003474060000001611,0.00046596200000004195,0.0010673749999998705,1440
generated-2364,generated,environment,empty,6,8,forced-incomplete,65,13,4,2,432,11,1,0,0,0,0,0,0,1,0,424,10920,0,1.8045999999882767e-05,0.0005724099999999677,4.269299999992704e-05,0.0010241810000000129,1977
generated-2365,generated,environment,class-complete,6,8,ambiguous,65,13,4,4,440,11,5,4,1,1,1,1,1,0,0,424,10920,4,5.023500000000958e-05,0.0005689650000000324,0.00015868499999993624,0.0011672629999999184,2138
generated-2366,generated,environment,seeded-omission,6,8,forced-incomplete,35,7,4,1,236,12,4,2,0,1,0,1,0,1,0,232,10920,3,2.874299999988672e-05,0.0003715010000000518,7.871700000006143e-05,0.000709683000000183,1267
generated-2367,generated,environment,census,6,8,forced-complete,65,13,4,4,440,11,1,4,1,1,1,1,1,0,1,424,10920,10920,2.2393000000064944e-05,0.0005846590000000429,0.0004431480000000043,0.0014369139999999003,2115
generated-2368,generated,environment,one-per-bucket,6,8,forced-incomplete,65,13,4,3,436,11,3,3,0,1,0,1,0,1,1,424,10921,3,3.234799999995985e-05,0.0005772070000000795,0.00013014399999988768,0.0011574490000001436,2089
generated-2369,generated,environment,class-exclusion,6,8,ambiguous,65,13,4,4,440,11,3,1,0,1,1,1,1,0,1,424,10920,7823,3.132599999999819e-05,0.0006016229999998846,0.00040277799999999253,0.0014221619999998936,2198
generated-2370,generated,environment,empty,8,8,forced-incomplete,47,7,4,1,332,16,1,0,0,0,0,0,0,1,0,328,174760,0,1.790700000015022e-05,0.00043326299999990603,3.420100000006698e-05,0.000800579000000079,1619
generated-2371,generated,environment,class-complete,8,8,ambiguous,89,13,4,4,632,15,5,4,1,1,1,1,1,0,0,616,174760,4,3.222700000016232e-05,0.0008149600000000312,0.00015538000000003827,0.0015636020000000528,2982
generated-2372,generated,environment,seeded-omission,8,8,forced-incomplete,89,13,4,2,624,15,4,0,0,1,0,1,0,1,0,616,174760,3,3.4051000000090426e-05,0.0008050360000000367,9.485100000006241e-05,0.001473929000000096,2889
generated-2373,generated,environment,census,8,8,forced-complete,89,13,4,4,632,15,1,4,1,1,1,1,1,0,1,616,174760,174760,2.4836999999999776e-05,0.0008827009999998747,0.00042450000000004984,0.0018677739999999332,2983
generated-2374,generated,environment,one-per-bucket,8,8,forced-incomplete,47,7,4,1,332,16,2,0,0,1,0,1,0,1,0,328,174760,1,2.4916999999957667e-05,0.0004570790000000269,5.8557000000014625e-05,0.0008512140000001001,1667
generated-2375,generated,environment,class-exclusion,8,8,ambiguous,89,13,4,5,636,15,3,3,0,1,1,1,1,0,1,616,174761,121825,3.3318999999920607e-05,0.0008288210000000351,0.0004447899999999727,0.0018581089999998301,3116
generated-2376,generated,environment,empty,12,8,forced-incomplete,137,13,4,2,1008,24,1,0,0,0,0,0,0,1,0,1000,44739240,0,2.3795999999798312e-05,0.0012340730000000022,4.4555999999973395e-05,0.0021697019999999956,4841
generated-2377,generated,environment,class-complete,12,8,ambiguous,137,13,4,4,1016,23,5,4,1,1,1,1,1,0,0,1000,44739240,4,3.991999999986007e-05,0.0012600009999998996,0.0001561619999999042,0.0025289159999999367,5032
generated-2378,generated,environment,seeded-omission,12,8,forced-incomplete,71,7,4,1,524,25,4,2,0,1,0,1,0,1,0,520,44739240,3,3.2717999999931635e-05,0.0006838549999999,9.557199999998822e-05,0.0012921989999998829,2715
generated-2379,generated,environment,census,12,8,forced-complete,137,13,4,4,1016,23,1,4,1,1,1,1,1,0,1,1000,44739240,44739240,2.574899999996383e-05,0.0016221890000001071,0.00046270700000006215,0.002968458000000007,5079
generated-2380,generated,environment,one-per-bucket,12,8,forced-incomplete,137,13,4,2,1008,24,3,2,0,1,0,1,0,1,0,1000,44739240,2,3.725499999984727e-05,0.001391376999999805,8.899200000000995e-05,0.0023930039999999764,4909
generated-2381,generated,environment,class-exclusion,12,8,ambiguous,137,13,4,4,1016,23,3,1,0,1,1,1,1,0,1,1000,44739240,40886294,3.937800000008984e-05,0.0013338099999999908,0.0004382809999998738,0.002685677999999969,5216
generated-2382,generated,environment,empty,24,8,forced-incomplete,143,7,4,2,1104,49,1,0,0,0,0,0,0,1,0,1096,750599937895081,0,2.8432000000133684e-05,0.0014498120000001613,4.657900000015758e-05,0.0024694370000000188,7213
generated-2383,generated,environment,class-complete,24,8,ambiguous,281,13,4,4,2168,48,5,4,1,1,1,1,1,0,0,2152,750599937895080,4,4.404499999988154e-05,0.002768059999999961,0.000178856000000005,0.004851896000000133,14096
generated-2384,generated,environment,seeded-omission,24,8,forced-incomplete,281,13,4,2,2160,48,4,0,0,1,0,1,0,1,0,2152,750599937895080,3,0.0002449140000000405,0.002804234000000072,0.00010412500000001046,0.0051128830000000125,13931
generated-2385,generated,environment,census,24,8,forced-complete,281,13,4,4,2168,48,1,4,1,1,1,1,1,0,1,2152,750599937895080,750599937895080,4.301299999998065e-05,0.0029754290000001404,0.0004733630000000044,0.00528397699999994,14279
generated-2386,generated,environment,one-per-bucket,24,8,forced-incomplete,143,7,4,1,1100,49,2,0,0,1,0,1,0,1,0,1096,750599937895080,1,4.392600000002744e-05,0.0014814599999999345,6.219199999990543e-05,0.002551578999999915,7233
generated-2387,generated,environment,class-exclusion,24,8,ambiguous,281,13,4,4,2168,48,5,3,0,1,1,1,1,0,0,2152,750599937895080,379042160305912,4.382500000010836e-05,0.0030675759999998498,0.00045031900000003233,0.00536273399999998,14442
generated-2388,generated,environment,empty,3,8,forced-incomplete,29,13,4,2,144,6,1,0,0,0,0,0,0,1,0,136,168,0,4.1752000000006007e-05,0.0002543780000001661,4.4064999999982035e-05,0.0005141330000000277,957
generated-2389,generated,environment,class-complete,3,8,ambiguous,29,13,4,5,156,6,5,4,1,0,1,1,1,0,0,136,169,4,3.46319999999789e-05,0.0003013079999998336,0.00016634699999995561,0.0006694240000000296,1140
generated-2390,generated,environment,seeded-omission,3,8,forced-incomplete,17,7,4,1,92,7,4,2,0,1,0,1,0,1,0,88,168,3,2.214300000003e-05,0.00017283600000017607,7.163700000001327e-05,0.00037814200000019227,749
generated-2391,generated,environment,census,3,8,forced-complete,29,13,4,4,152,6,1,4,1,1,1,1,1,0,1,136,168,168,1.88280000001928e-05,0.0002437820000000812,0.00037587800000005167,0.0008123859999999983,1039
generated-2392,generated,environment,one-per-bucket,3,8,forced-incomplete,29,13,4,2,144,6,3,2,0,1,0,1,0,1,0,136,168,2,2.3595000000042887e-05,0.0002625099999999936,7.854599999990164e-05,0.0005216740000000275,1023
generated-2393,generated,environment,class-exclusion,3,8,ambiguous,29,13,4,4,152,6,5,1,0,1,1,1,1,0,0,136,168,95,2.3043999999972087e-05,0.0002454939999998462,0.00031679000000006674,0.000739948999999962,1109
generated-2394,generated,environment,empty,4,8,forced-incomplete,23,7,4,1,140,9,1,0,0,0,0,0,0,1,0,136,680,0,1.504200000002065e-05,0.00021919499999989434,3.688499999987549e-05,0.00041170199999984725,837
generated-2395,generated,environment,class-complete,4,8,ambiguous,41,13,4,4,248,7,5,4,1,1,1,1,1,0,0,232,680,4,2.9473000000113103e-05,0.0003742960000001627,0.0001541489999998813,0.0007900329999999123,1414
generated-2396,generated,environment,seeded-omission,4,8,forced-incomplete,41,13,4,3,244,8,4,0,0,0,0,1,0,1,0,232,681,3,2.9623999999950357e-05,0.0003751469999999646,0.00010100000000012876,0.0007373750000001511,1383
generated-2397,generated,environment,census,4,8,forced-complete,41,13,4,4,248,7,1,4,1,1,1,1,1,0,1,232,680,680,2.090100000007311e-05,0.0003775110000001636,0.000504017999999995,0.0011316910000001013,1363
generated-2398,generated,environment,one-per-bucket,4,8,forced-incomplete,23,7,4,1,140,9,2,0,0,1,0,1,0,1,0,136,680,1,2.213299999986873e-05,0.0002841419999999317,5.9158000000003597e-05,0.0005199119999999002,885
generated-2399,generated,environment,class-exclusion,4,8,ambiguous,41,13,4,4,248,7,3,3,0,1,1,1,1,0,1,232,680,602,2.4927000000118937e-05,0.0003550969999999154,0.0004186919999999983,0.0010288480000000266,1440
fixture-00,author-constructed schema fixture,balanced,empty,1,4,forced-incomplete,5,5,5,3,19,1,1,0,0,0,0,0,0,1,0,4,5,0,2.9384000000076682e-05,0.0001333980000000068,8.025000000000393e-05,0.00031795200000006574,525
fixture-01,author-constructed schema fixture,rare-event,class-complete,2,4,ambiguous,11,8,2,4,24,3,2,2,1,0,1,1,1,0,1,16,20,2,3.002399999996186e-05,0.00013875600000001764,5.472200000000704e-05,0.0003249319999999445,630
fixture-02,author-constructed schema fixture,compound,seeded-omission,3,4,forced-incomplete,20,9,4,1,52,5,4,2,0,1,0,1,0,1,0,48,84,3,2.4125000000041474e-05,0.00020975100000009128,7.443100000004144e-05,0.0004318809999999118,867
fixture-03,author-constructed schema fixture,temporal,census,4,4,forced-complete,38,13,8,4,136,7,1,8,1,1,1,1,1,0,1,104,340,340,2.8381999999993468e-05,0.0003501200000000093,0.0013073510000000121,0.0019434859999999388,1570
fixture-04,author-constructed schema fixture,environment,one-per-bucket,5,8,forced-incomplete,53,13,4,2,336,10,3,2,0,1,0,1,0,1,0,328,2728,2,3.209800000003593e-05,0.00047718899999993347,8.965299999996734e-05,0.0009595150000000219,1673
fixture-05,author-constructed schema fixture,balanced,class-exclusion,6,4,ambiguous,113,25,15,4,416,10,9,5,0,1,1,1,1,0,1,356,5460,5346,5.406100000004965e-05,0.0010464639999999692,0.012762723000000031,0.014722113000000037,4584
fixture-06,author-constructed schema fixture,rare-event,empty,1,4,forced-incomplete,4,4,2,1,6,2,1,0,0,0,0,0,0,1,0,4,4,0,2.663999999996669e-05,8.480600000004834e-05,1.8398000000030557e-05,0.00018221099999993218,364
fixture-07,author-constructed schema fixture,compound,class-complete,2,4,ambiguous,16,12,4,5,40,3,5,4,1,0,1,1,1,0,0,20,21,4,3.200800000002779e-05,0.00024784799999999496,0.00017169499999991622,0.0005532710000000218,903
fixture-08,author-constructed schema fixture,temporal,seeded-omission,3,4,forced-incomplete,23,11,7,2,66,5,7,1,0,1,0,1,0,1,0,52,84,6,2.9954000000054215e-05,0.00022509400000003676,0.00022623599999993527,0.0006237559999999753,1096
fixture-09,author-constructed schema fixture,environment,census,4,8,forced-complete,41,13,4,4,248,7,1,4,1,1,1,1,1,0,1,232,680,680,2.1622999999970638e-05,0.0003577709999998957,0.00047900199999995063,0.0011479550000000893,1363
fixture-10,author-constructed schema fixture,balanced,one-per-bucket,5,4,forced-incomplete,59,16,15,1,191,9,2,0,0,1,0,1,0,1,0,176,1364,1,2.5017000000016054e-05,0.0006423039999999824,0.00040498099999997095,0.001443905000000023,2324
fixture-11,author-constructed schema fixture,rare-event,class-exclusion,6,4,ambiguous,89,25,4,4,276,11,2,3,0,1,1,1,1,0,1,260,5460,5454,3.94489999999692e-05,0.0007485109999999517,0.0003579009999999938,0.001816096999999961,2913
fixture-12,author-constructed schema fixture,compound,empty,1,4,forced-incomplete,5,5,3,2,10,1,1,0,0,0,0,0,0,1,0,4,4,0,2.049999999997887e-05,7.784500000007633e-05,2.7600999999988218e-05,0.0001645439999999887,433
fixture-13,author-constructed schema fixture,temporal,class-complete,2,4,ambiguous,11,8,5,4,36,3,4,5,1,0,1,1,1,0,1,16,20,5,2.8302000000035576e-05,0.00013116499999998865,0.000166236999999958,0.0005692950000000252,796
fixture-14,author-constructed schema fixture,environment,seeded-omission,3,8,forced-incomplete,17,7,4,2,96,7,3,2,0,1,0,1,0,1,1,88,169,3,2.3864999999956282e-05,0.0001864970000000632,0.00012125999999990089,0.00044855599999993334,783
fixture-15,author-constructed schema fixture,balanced,census,4,4,forced-complete,65,25,15,4,224,5,1,15,1,1,1,1,1,0,1,164,340,340,4.10109999999797e-05,0.0009141180000000748,0.010725888000000072,0.012068832000000085,2673
fixture-16,author-constructed schema fixture,rare-event,one-per-bucket,5,4,forced-incomplete,59,17,4,2,180,10,3,2,0,1,0,1,0,1,0,172,1364,2,3.264799999991297e-05,0.0005982479999999679,8.589700000005696e-05,0.0011110600000000526,1890
fixture-17,author-constructed schema fixture,compound,class-exclusion,6,4,ambiguous,72,15,4,4,248,11,3,1,0,1,1,1,1,0,1,232,5460,4494,3.391100000005309e-05,0.0007072309999999193,0.0004612350000000598,0.0017643099999999912,2574
fixture-18,author-constructed schema fixture,temporal,empty,1,4,forced-incomplete,4,4,3,1,7,2,1,0,0,0,0,0,0,1,0,4,4,0,1.7736999999962144e-05,6.88219999999129e-05,2.346499999994478e-05,0.0001444640000000108,394
fixture-19,author-constructed schema fixture,environment,class-complete,2,8,ambiguous,17,11,4,4,72,4,5,4,1,0,1,1,1,0,0,56,40,4,2.9914999999935965e-05,0.00023337700000003458,0.00012138000000005977,0.0005863799999999975,828
fixture-20,author-constructed schema fixture,balanced,seeded-omission,3,4,forced-incomplete,41,23,14,2,104,4,14,6,0,1,0,1,0,1,0,76,84,13,4.7851000000043165e-05,0.00035676900000003453,0.0011427569999999942,0.0017683859999999552,1898
fixture-21,author-constructed schema fixture,rare-event,census,4,4,forced-complete,38,13,4,5,124,7,1,4,1,1,1,1,1,0,1,104,341,341,2.3474999999995028e-05,0.0003040020000000254,0.0004942340000000378,0.0010234399999999866,1360
fixture-22,author-constructed schema fixture,compound,one-per-bucket,5,4,forced-incomplete,36,9,4,1,116,10,2,0,0,1,0,1,0,1,0,112,1364,1,2.1371999999963975e-05,0.00037066099999993884,5.5872999999984074e-05,0.0006888930000000792,1320
fixture-23,author-constructed schema fixture,temporal,class-exclusion,6,4,ambiguous,55,12,8,4,208,11,4,7,0,1,1,1,1,0,1,176,5460,4478,3.84679999999582e-05,0.0005268029999999646,0.001155015000000037,0.002064586000000035,2319
fixture-24,author-constructed schema fixture,environment,empty,1,8,forced-incomplete,7,7,2,2,12,2,1,0,0,0,0,0,0,1,0,8,8,0,2.075099999998553e-05,0.00011026299999994382,2.05810000000195e-05,0.00020193999999995604,435
fixture-25,author-constructed schema fixture,balanced,class-complete,2,4,ambiguous,19,15,10,4,60,2,11,10,1,1,1,1,1,0,0,20,20,10,5.112600000001244e-05,0.00019780400000002363,0.0009146579999999016,0.0012710270000000357,1261
fixture-26,author-constructed schema fixture,rare-event,seeded-omission,3,4,forced-incomplete,16,8,2,1,38,6,2,0,0,1,0,1,0,1,0,36,84,1,1.8477999999988448e-05,0.00014445499999993228,2.6718999999952864e-05,0.00028755699999993833,683
fixture-27,author-constructed schema fixture,compound,census,4,4,forced-complete,44,15,4,4,136,6,1,4,1,1,1,1,1,0,1,120,340,340,2.12210000000157e-05,0.00042524200000004786,0.0005097969999999785,0.0012014739999999247,1566
fixture-28,author-constructed schema fixture,temporal,one-per-bucket,5,4,forced-incomplete,50,13,8,3,176,9,2,1,0,1,0,1,0,1,1,152,1365,3,3.330899999998138e-05,0.0005070529999999795,0.0002545480000000211,0.0011156070000000184,1935
fixture-29,author-constructed schema fixture,environment,class-exclusion,6,8,ambiguous,65,13,4,4,440,11,3,1,0,1,1,1,1,0,1,424,10920,7823,3.26990000000249e-05,0.0008065780000000577,0.00041225199999994633,0.0018348450000000849,2198
fixture-30,author-constructed schema fixture,balanced,empty,1,4,forced-incomplete,5,5,4,1,8,1,1,0,0,0,0,0,0,1,0,4,4,0,1.910900000001714e-05,0.00011992800000004689,3.374999999994355e-05,0.0002106830000000448,443
fixture-31,author-constructed schema fixture,rare-event,class-complete,2,4,forced-complete,11,8,2,4,24,3,1,2,1,0,1,1,1,0,1,16,20,2,1.9688999999933898e-05,0.00011010300000002804,4.35249999999332e-05,0.0002417489999999578,581
fixture-32,author-constructed schema fixture,compound,seeded-omission,3,4,forced-incomplete,30,15,4,2,72,4,4,0,0,1,0,1,0,1,0,64,84,3,2.5266999999939976e-05,0.000264503000000027,0.00012075999999994202,0.0005639279999999358,1147
fixture-33,author-constructed schema fixture,temporal,census,4,4,forced-complete,34,12,8,4,124,7,1,8,1,1,1,1,1,0,1,92,340,340,2.61890000000653e-05,0.0003105709999999817,0.00145964799999998,0.0019999499999999726,1472
fixture-34,author-constructed schema fixture,environment,one-per-bucket,5,8,forced-incomplete,29,7,4,1,188,10,2,0,0,1,0,1,0,1,0,184,2728,1,2.286399999995581e-05,0.0002929149999999492,6.003899999995621e-05,0.0005758350000000245,1057
fixture-35,author-constructed schema fixture,balanced,class-exclusion,6,4,ambiguous,113,25,16,5,436,10,3,3,0,1,1,1,1,0,1,356,5461,5455,6.502699999999528e-05,0.0013173260000000075,0.010618758999999978,0.012834239000000025,4727
fixture-36,author-constructed schema fixture,rare-event,empty,1,4,forced-incomplete,5,5,2,2,8,2,1,0,0,0,0,0,0,1,0,4,4,0,2.7791000000054744e-05,8.497699999998609e-05,2.012000000006786e-05,0.0001865869999999603,403
fixture-37,author-constructed schema fixture,compound,class-complete,2,4,ambiguous,16,12,4,4,36,2,5,4,1,0,1,1,1,0,0,20,20,4,2.768099999994611e-05,0.0006370359999999797,0.00014317299999999644,0.0009005979999999747,865
fixture-38,author-constructed schema fixture,temporal,seeded-omission,3,4,forced-incomplete,26,13,8,1,64,5,8,6,0,1,0,1,0,1,0,56,84,7,2.7781000000004497e-05,0.00041663899999999643,0.00026749700000006094,0.0008612489999999529,1153
fixture-39,author-constructed schema fixture,environment,census,4,8,forced-complete,41,13,4,4,248,7,1,4,1,1,1,1,1,0,1,232,680,680,2.0970999999980755e-05,0.00035219300000000064,0.0004717109999999858,0.0010972389999999166,1365
fixture-40,author-constructed schema fixture,balanced,one-per-bucket,5,4,forced-incomplete,89,25,15,2,290,8,3,0,0,1,0,1,0,1,0,260,1364,2,3.3820000000073236e-05,0.0007617319999999594,0.0007002799999999976,0.0021806279999999623,3313
fixture-41,author-constructed schema fixture,rare-event,class-exclusion,6,4,ambiguous,89,25,4,4,276,11,5,1,0,1,1,1,1,0,0,260,5460,1098,3.7996999999956316e-05,0.0007594180000000117,0.00029274400000001144,0.0015704119999999655,2895
fixture-42,author-constructed schema fixture,compound,empty,1,4,forced-incomplete,5,5,3,2,10,2,1,0,0,0,0,0,0,1,0,4,5,0,2.421600000002133e-05,8.359400000002015e-05,2.9112999999969524e-05,0.00018157899999993177,433
fixture-43,author-constructed schema fixture,temporal,class-complete,2,4,ambiguous,13,9,5,4,40,3,5,5,1,1,1,1,1,0,1,20,20,5,3.057500000003266e-05,0.00017196500000005166,0.00020686699999994396,0.0004912590000000217,842
fixture-44,author-constructed schema fixture,environment,seeded-omission,3,8,forced-incomplete,29,13,4,2,144,6,4,0,0,1,0,1,0,1,0,136,168,3,2.589900000005141e-05,0.0003960680000000272,0.0001246449999999788,0.0007073899999999744,1033
fixture-45,author-constructed schema fixture,balanced,census,4,4,forced-complete,65,25,15,4,224,5,1,15,1,1,1,1,1,0,1,164,340,340,4.740000000003075e-05,0.0005670620000000071,0.008949168999999979,0.012617977999999974,2673
fixture-46,author-constructed schema fixture,rare-event,one-per-bucket,5,4,forced-incomplete,32,9,4,1,100,10,2,0,0,1,0,1,0,1,0,96,1364,1,2.932399999999724e-05,0.00029161299999991286,6.0318999999919853e-05,0.0005834259999999425,1170
fixture-47,author-constructed schema fixture,compound,class-exclusion,6,4,ambiguous,72,15,4,4,248,11,5,3,0,1,1,1,1,0,0,232,5460,2058,3.1556999999904356e-05,0.0007026629999999923,0.0003793329999999262,0.0015762810000000682,2557
